age,hypertension,heart_disease,avg_glucose_level,bmi,stroke,bmi_missing,gender_Female,gender_Male,ever_married_No,ever_married_Yes,Residence_type_Rural,Residence_type_Urban,smoking_status_Unknown,smoking_status_formerly smoked,smoking_status_never smoked,smoking_status_smokes,work_type
0.8364096684780761,0,0,-0.16952456874517516,1.68622467033575,0,0,1,0,0,1,1,0,1,0,0,0,Govt_job
-1.3401029663876145,0,0,-0.4415142854867407,-0.5867769536238577,0,0,0,1,1,0,1,0,1,0,0,0,children
1.1029214196861197,1,0,2.582514822735295,0.15804843727816073,0,0,0,1,0,1,0,1,0,0,1,0,Govt_job
-0.451730462360802,0,0,-0.7223708226599792,0.003946632263949666,0,0,1,0,0,1,1,0,1,0,0,0,Private
-1.8287078436023612,0,0,-0.8855203186027603,-1.6398059545542976,0,0,0,1,1,0,1,0,1,0,0,0,children
-1.4733588419916364,0,0,-0.06245771203272514,-1.2545514420187707,0,0,0,1,1,0,0,1,1,0,0,0,children
0.9252469188807573,1,0,-1.0721668886894744,-0.11162972149670818,0,0,0,1,0,1,0,1,0,0,0,1,Private
0.39222341646466985,0,0,-0.22028711571650253,0.09383935185557295,0,0,0,1,0,1,0,1,0,0,0,1,Private
0.7031537928740542,0,0,-1.1156143088046715,-1.023398734497455,0,0,1,0,0,1,1,0,0,0,1,0,Self-employed
-1.5621960923943174,0,0,-0.0034933561621005586,-1.2417096249342534,0,0,0,1,1,0,0,1,1,0,0,0,children
0.08129304005528548,0,0,-0.8948304800560168,1.3908628773918466,0,0,0,1,0,1,1,0,0,0,1,0,Private
0.48106066686735105,0,0,-0.31427541229223493,-0.4712005998631999,0,0,1,0,0,1,1,0,0,0,1,0,Govt_job
1.0140841692834386,0,0,-0.06157102998955772,0.5433029498136875,0,0,0,1,0,1,0,1,0,0,1,0,Private
0.5698979172700324,0,0,-0.8748801340847531,-0.7023533073845161,0,0,1,0,0,1,0,1,0,0,1,0,Private
0.6587351676727136,0,0,1.863194015215833,-0.09878790441219044,1,1,0,1,0,1,1,0,1,0,0,0,Private
0.17013029045796674,0,0,0.1341640310396211,0.6203538523207931,0,0,0,1,0,1,0,1,1,0,0,0,Private
0.43664204166601045,0,0,-0.690450269105957,-0.8307714782296917,0,0,1,0,0,1,0,1,1,0,0,0,Govt_job
0.6143165424713729,0,0,2.830342453800552,0.8515065598421088,0,0,0,1,0,1,1,0,0,0,1,0,Private
-0.007544210347395762,0,0,-0.147135847155201,0.2094157056162308,0,0,0,1,0,1,1,0,0,1,0,0,Self-employed
0.9252469188807573,1,0,-0.5343942295085141,0.31215024229237137,0,0,0,1,0,1,0,1,0,1,0,0,Private
1.191758670088801,0,0,-0.6527662822713471,-0.5739351365393405,1,0,1,0,0,1,1,0,0,1,0,0,Self-employed
-1.2068470907835926,0,0,-0.37545647327077797,-0.22720607525736602,0,0,1,0,1,0,0,1,1,0,0,0,Self-employed
-1.2956843411862737,0,0,-0.30895532003323134,-0.1373133556657432,0,0,1,0,1,0,0,1,0,0,1,0,children
1.6359449221022073,0,0,-0.7354493827966968,-0.16299698983477823,0,0,1,0,0,1,1,0,0,0,1,0,Self-employed
0.21454891565930734,0,0,0.021112070535791675,0.6203538523207931,0,0,0,1,0,1,1,0,0,1,0,0,Private
-1.8287078436023612,0,0,0.33388916126305257,-1.6269641374697803,0,0,1,0,1,0,0,1,1,0,0,0,children
0.9252469188807573,1,0,1.6071645752512782,0.9285574623492143,0,0,0,1,0,1,1,0,0,0,1,0,Self-employed
0.21454891565930734,0,0,2.4625910763969197,-0.09878790441219044,0,1,0,1,0,1,1,0,0,0,0,1,Self-employed
0.3033861660619886,0,1,1.9509755374893947,-0.3170987948489893,0,0,1,0,0,1,0,1,0,0,1,0,Private
0.7919910432767354,0,0,0.21352207390309336,-1.5627550520471925,0,0,1,0,0,1,0,1,0,0,0,1,Private
1.0140841692834386,0,0,-0.6179640120770312,1.313811974884741,0,0,0,1,1,0,1,0,1,0,0,0,Govt_job
-1.1180098403809113,0,0,-0.10413176806158758,-1.2288678078497357,0,0,1,0,1,0,1,0,0,0,0,1,Private
0.6143165424713729,1,0,-0.17107626232071807,2.8291463908578125,0,0,1,0,0,1,0,1,0,1,0,0,Private
0.21454891565930734,1,0,-0.5893685161848861,0.466252047306582,0,0,0,1,0,1,0,1,0,0,1,0,Self-employed
1.4582704212968447,0,0,2.1781878110510124,-0.6895114902999984,0,0,1,0,0,1,0,1,0,0,1,0,Govt_job
-0.096381460750077,0,0,0.5147722980691792,1.7375919386738201,0,0,1,0,1,0,0,1,1,0,0,0,Govt_job
-0.5405677127634833,0,0,-0.5589996562064066,-0.08594608732767316,0,0,0,1,1,0,1,0,0,1,0,0,Govt_job
-0.7182422135688457,0,0,-0.6148606249259457,-0.8436132953142089,0,0,1,0,1,0,1,0,0,0,1,0,Private
0.03687441485394486,1,0,-0.4807499658968934,-0.09878790441219044,0,1,0,1,0,1,1,0,1,0,0,0,Private
-0.096381460750077,0,0,-0.5556745985445292,0.6717211206588631,0,0,1,0,0,1,0,1,0,0,0,1,Private
0.7031537928740542,0,0,-0.213415329881956,1.955902829110619,1,0,0,1,0,1,1,0,1,0,0,0,Private
0.7031537928740542,0,0,-0.8431812510415223,-0.9720314661593845,0,0,1,0,0,1,0,1,0,1,0,0,Self-employed
-1.4289402167902956,0,0,-0.5931369148683471,-1.5884386862162274,0,0,0,1,1,0,1,0,1,0,0,0,children
0.7919910432767354,0,0,0.7599398830049344,0.0809975347710552,0,0,0,1,1,0,1,0,0,0,1,0,Private
1.5915262969008666,0,1,2.4007450038860014,-0.08594608732767316,1,0,1,0,0,1,0,1,0,0,1,0,Private
1.4138517960955042,0,0,-0.023665372644156288,-0.09878790441219044,1,1,0,1,0,1,0,1,1,0,0,0,Private
-0.6738235883675051,0,0,-0.04450240065858751,-0.6766696732154805,0,0,1,0,1,0,0,1,1,0,0,0,Private
-1.73987059319968,0,0,0.0891649173488812,-1.4086532470329818,0,0,1,0,1,0,1,0,1,0,0,0,children
-0.18521871115275826,0,0,-0.17794804815526427,0.09383935185557295,1,0,1,0,0,1,0,1,0,0,0,1,Self-employed
1.0585027944847791,0,0,-0.5015869939113247,-0.4326751486096472,0,0,0,1,0,1,1,0,0,1,0,0,Private
-0.4961490875621426,0,0,-0.19169161982435734,3.4712372450836906,0,0,1,0,0,1,0,1,0,0,1,0,Private
-1.384521591588955,0,0,-0.3406542030764617,0.003946632263949666,0,0,0,1,1,0,1,0,1,0,0,0,children
-0.36289321195812074,0,0,-0.4525978110263318,0.5304611327291697,0,0,0,1,1,0,1,0,0,0,1,0,Private
0.43664204166601045,0,0,0.40083365552218303,-0.00889518482056762,0,0,0,1,0,1,1,0,1,0,0,0,Private
-0.2740559615554395,0,0,-0.312723718716692,0.4534102302220642,0,0,0,1,0,1,1,0,0,1,0,0,Private
0.3478047912633292,0,0,0.3815483210832944,0.3635175106304414,0,0,1,0,0,1,0,1,0,0,1,0,Private
-0.807079463971527,0,0,-0.6028904173431872,1.0698174502789075,0,0,1,0,1,0,0,1,0,0,1,0,Private
0.48106066686735105,0,0,-0.028320453370784412,-0.201522441088331,1,0,1,0,0,1,0,1,0,0,0,1,Private
0.03687441485394486,0,0,-0.2896699855943427,0.9927665477718021,0,0,1,0,1,0,1,0,0,0,1,0,Private
-0.4961490875621426,0,0,-0.8230092345594666,-0.8050878440606561,0,0,1,0,0,1,0,1,1,0,0,0,Private
-0.451730462360802,0,0,-0.4678930762709675,0.7487720231659686,0,0,1,0,0,1,1,0,0,1,0,0,Private
-0.7182422135688457,0,0,-0.9750752049626565,-0.2657315265109188,0,0,1,0,1,0,0,1,0,1,0,0,Private
0.3033861660619886,0,0,-0.44040593293278163,1.0826592673634243,0,0,1,0,0,1,0,1,0,0,0,1,Self-employed
0.5698979172700324,0,0,-0.4763165556810569,-0.869296929483244,0,0,0,1,0,1,0,1,1,0,0,0,Private
0.8364096684780761,1,0,-0.3027485457310603,0.6203538523207931,0,0,1,0,0,1,0,1,0,0,1,0,Govt_job
-1.1180098403809113,0,0,0.165197902550476,-0.5097260511167527,0,0,0,1,1,0,0,1,1,0,0,0,Private
-0.5405677127634833,0,0,0.06278612656465443,-0.09878790441219044,0,1,0,1,0,1,0,1,0,0,0,1,Private
0.3478047912633292,0,0,-0.8114823679982917,0.8771901940111442,0,0,0,1,0,1,0,1,0,0,0,1,Self-employed
-1.1180098403809113,0,0,-0.5705265227675813,-0.5996187707083755,0,0,1,0,1,0,0,1,0,0,1,0,Private
0.1257116652566261,0,0,0.19224170486707826,-0.5354096852857877,0,0,0,1,0,1,1,0,0,1,0,0,Private
1.4138517960955042,0,0,-0.8292160088616376,0.6331956694053099,0,0,1,0,0,1,1,0,1,0,0,0,Private
-0.5849863379648238,0,0,-0.21829208111937606,0.28646660812333635,0,0,0,1,0,1,0,1,0,0,1,0,Govt_job
-1.1624284655822519,0,0,-0.523310703968923,-0.7023533073845161,0,0,1,0,1,0,0,1,1,0,0,0,Self-employed
0.21454891565930734,0,0,-0.6259441504655368,-0.34278242901802436,0,0,1,0,0,1,1,0,1,0,0,0,Govt_job
-0.9403353395755488,0,0,-0.5758466150265849,-0.15015517275026094,0,0,1,0,1,0,1,0,1,0,0,0,Private
0.3033861660619886,0,0,-0.8824169314516748,-0.9206641978213145,0,0,1,0,0,1,0,1,0,0,1,0,Private
-1.6954519679983393,0,0,-0.6871252114440795,-1.2160259907652184,0,0,0,1,1,0,1,0,1,0,0,0,children
-0.3184745867567801,0,0,-0.46744973524938394,0.6588793035743453,0,0,1,0,0,1,0,1,0,0,1,0,Private
-1.02917258997823,0,0,0.02621049228400367,-0.12447153858122592,0,0,0,1,1,0,1,0,0,1,0,0,Govt_job
-0.40731183715946134,0,0,-0.8134774025954181,1.0312919990253544,0,0,0,1,1,0,0,1,0,1,0,0,Private
-0.22963733635409886,1,0,1.9999647203743869,-0.09878790441219044,0,0,1,0,0,1,0,1,0,0,1,0,Private
-1.2512657159849332,0,0,-0.3951851487312501,-0.9463478319903496,0,0,1,0,1,0,0,1,0,1,0,0,children
0.08129304005528548,0,0,-0.9232043054373701,0.06815571768653746,1,0,0,1,0,1,1,0,0,0,1,0,Private
0.17013029045796674,0,0,-1.088792176998861,-0.5739351365393405,0,0,1,0,0,1,0,1,0,0,1,0,Private
0.43664204166601045,1,0,-0.9584499166532698,0.18373207144719578,1,0,1,0,0,1,0,1,1,0,0,0,Private
1.6359449221022073,1,1,1.5406634220137316,0.3378338764614064,1,0,0,1,0,1,0,1,0,1,0,0,Private
-0.007544210347395762,0,0,0.10047011339926393,-0.06026245315863813,0,0,1,0,0,1,1,0,0,0,1,0,Private
-0.096381460750077,0,0,0.8931638599908199,0.13236480310912527,0,0,1,0,0,1,1,0,0,0,1,0,Govt_job
0.3478047912633292,0,0,-0.3535110927023874,0.13236480310912527,0,0,1,0,0,1,1,0,1,0,0,0,Self-employed
-0.14080008595141763,0,0,-1.0451230863728722,0.5304611327291697,0,0,1,0,0,1,0,1,0,0,1,0,Private
-1.02917258997823,0,0,0.2616245747449188,-1.5113877837091219,0,0,1,0,1,0,1,0,0,0,1,0,Private
0.43664204166601045,0,0,0.8169092042784326,-0.1373133556657432,0,0,0,1,0,1,0,1,0,0,0,1,Private
0.03687441485394486,0,0,2.582514822735295,1.1982356211240832,0,0,1,0,0,1,1,0,0,0,1,0,Private
1.5915262969008666,0,0,-0.17417964947180328,0.2993084252078536,0,0,1,0,0,1,0,1,1,0,0,0,Private
1.5915262969008666,0,0,-0.37390477969523506,-0.7665623928071039,1,0,1,0,1,0,1,0,0,0,1,0,Private
1.5915262969008666,0,1,-0.3758998142923615,1.4679137798989512,0,0,0,1,0,1,0,1,0,0,0,1,Self-employed
-1.73987059319968,0,0,-0.7381094289261988,-1.5370714178781575,0,0,1,0,1,0,0,1,1,0,0,0,children
-0.6294049631661645,0,0,-1.0313795147037792,0.8900320110956611,0,0,0,1,1,0,0,1,0,0,0,1,Private
-0.14080008595141763,0,0,-0.7303509610484848,-0.3556242461025416,0,0,0,1,0,1,1,0,1,0,0,0,Govt_job
1.1473400448874604,0,1,2.2568808423821087,-0.09878790441219044,0,1,1,0,0,1,0,1,0,0,1,0,Private
0.5254792920686917,0,0,-0.5031386874868673,-1.2930768932723236,0,0,1,0,1,0,1,0,0,0,1,0,Private
-0.7182422135688457,0,0,-0.5589996562064066,1.4037046944763634,0,0,1,0,0,1,0,1,0,0,0,1,Private
-0.2740559615554395,0,0,-0.6784800615231984,2.482417329575839,0,0,1,0,0,1,1,0,0,1,0,0,Private
1.4138517960955042,0,0,-0.35705782087505644,1.262444706546671,0,0,1,0,0,1,0,1,0,0,1,0,Govt_job
0.39222341646466985,0,0,-0.8181324833220466,-0.3556242461025416,0,0,1,0,0,1,0,1,1,0,0,0,Private
-0.807079463971527,0,0,-0.644342802861258,-0.9463478319903496,0,0,1,0,1,0,1,0,1,0,0,0,Private
-1.6954519679983393,0,0,-0.2819115177166291,-1.2545514420187707,0,0,1,0,1,0,0,1,1,0,0,0,children
1.2361772952901415,1,0,2.747437682764411,0.19657388853171304,0,0,0,1,0,1,1,0,0,0,1,0,Private
-1.2068470907835926,0,0,0.3695781135005359,-1.3059187103568413,0,0,0,1,1,0,1,0,0,0,1,0,Private
0.5254792920686917,0,0,-0.6447861438828415,1.3908628773918466,0,0,1,0,0,1,1,0,0,1,0,0,Private
-1.384521591588955,0,0,-0.18703653909772922,1.0826592673634243,0,0,0,1,1,0,0,1,1,0,0,0,children
-1.5621960923943174,0,0,0.35915959949332027,-1.190342356596183,0,0,0,1,1,0,1,0,1,0,0,0,children
0.08129304005528548,1,0,-0.3404325325656698,1.3908628773918466,0,0,0,1,0,1,0,1,0,0,0,1,Self-employed
0.258967540860648,0,0,-0.5182122822207113,2.122846451209347,0,0,1,0,0,1,1,0,0,0,0,1,Private
0.7031537928740542,0,0,2.4430840714472395,1.0056083648563199,0,0,0,1,0,1,0,1,0,0,0,1,Govt_job
0.03687441485394486,0,0,-0.09149654894645388,0.838664742757591,0,0,0,1,0,1,0,1,0,0,1,0,Govt_job
-0.22963733635409886,0,0,-0.6421260977533398,-0.201522441088331,0,0,1,0,0,1,1,0,0,0,1,0,Govt_job
-0.8959167143742082,0,0,-0.4231156330910195,-0.548251502370305,0,0,0,1,1,0,0,1,1,0,0,0,Private
0.9252469188807573,0,0,-0.6059938044942726,-0.24004789234188378,0,0,1,0,0,1,1,0,0,1,0,0,Private
1.5026890464981855,0,0,2.594928371339637,0.06815571768653746,0,0,0,1,0,1,0,1,0,1,0,0,Private
0.5698979172700324,0,0,-0.4370808752709045,0.466252047306582,0,0,1,0,0,1,0,1,1,0,0,0,Govt_job
0.8364096684780761,0,0,-1.010542486689348,-0.15015517275026094,0,0,1,0,0,1,0,1,0,1,0,0,Private
-0.40731183715946134,0,0,-0.7740200516744737,3.445553610914656,0,0,1,0,1,0,0,1,0,1,0,0,Private
0.3478047912633292,0,0,-0.04827079934204852,1.3266537919692587,0,0,1,0,0,1,1,0,0,0,1,0,Self-employed
-0.05196283554873638,0,0,-0.4075986973355919,-0.5610933194548228,0,0,1,0,0,1,0,1,0,1,0,0,Private
-0.007544210347395762,0,0,-0.3942984666880827,0.22225752270074853,0,0,0,1,0,1,1,0,0,0,1,0,Govt_job
0.5254792920686917,0,0,-0.9582282461424779,-0.03457881898960265,0,0,0,1,0,1,0,1,0,0,1,0,Private
1.7247821725048884,1,0,-0.9604449512503962,-1.1004496370045602,0,0,1,0,0,1,0,1,0,1,0,0,Private
1.191758670088801,1,0,0.28866837706152104,-0.3684660631870594,0,0,0,1,0,1,1,0,0,0,0,1,Self-employed
-0.807079463971527,0,0,-1.0486698145455413,-0.6638278561309633,0,0,1,0,0,1,0,1,0,0,1,0,Private
-0.14080008595141763,0,0,0.25852118759383325,0.23509933978526582,0,0,1,0,1,0,1,0,0,0,0,1,Private
-1.5621960923943174,0,0,-0.03297553409741285,-1.3316023445258762,0,0,0,1,1,0,1,0,1,0,0,0,children
0.5698979172700324,0,1,-0.7928620450917788,0.44056841313754647,0,0,1,0,0,1,1,0,0,0,1,0,Private
0.03687441485394486,0,0,0.47487160612665136,0.11952298602460797,0,0,1,0,1,0,0,1,0,0,0,1,Private
0.21454891565930734,1,0,1.4930042621934898,1.044133816109872,0,0,0,1,0,1,0,1,0,0,0,1,Private
-1.384521591588955,0,0,2.3958682526485813,-0.4583587827786822,0,0,0,1,1,0,1,0,0,0,1,0,children
-0.36289321195812074,0,0,-0.7740200516744737,-0.869296929483244,0,0,1,0,0,1,0,1,0,1,0,0,Self-employed
-1.3401029663876145,0,0,-0.7161640483578082,-0.7665623928071039,0,0,1,0,1,0,1,0,1,0,0,0,children
-0.3184745867567801,0,0,-0.6906719396167489,0.35067569354592415,0,0,0,1,0,1,1,0,0,1,0,0,Private
-0.7182422135688457,0,0,0.18913831771599274,-0.09878790441219044,0,0,0,1,0,1,0,1,1,0,0,0,Private
1.5915262969008666,0,0,2.724605620152853,-0.2914151606799538,1,0,1,0,0,1,0,1,0,0,1,0,Self-employed
1.0140841692834386,0,0,3.0260775148297316,0.8258229256730732,0,0,0,1,0,1,1,0,0,0,0,1,Private
0.48106066686735105,0,0,0.19556676252895572,1.4422301457299167,0,0,0,1,0,1,0,1,0,1,0,0,Self-employed
-0.4961490875621426,0,0,-0.34375759022754726,1.3780210603073288,0,0,0,1,0,1,0,1,0,0,1,0,Private
1.2805959204914823,0,1,0.8166875337676409,0.517619315644652,0,0,1,0,0,1,0,1,0,0,0,1,Self-employed
-0.9403353395755488,0,0,0.1623161859101824,-1.1646587224271479,0,0,1,0,1,0,0,1,1,0,0,0,Private
1.5026890464981855,1,0,2.9425077322612143,0.22225752270074853,0,0,1,0,0,1,1,0,0,0,1,0,Self-employed
0.7031537928740542,1,0,1.7093546807263085,0.7102465719124154,0,0,0,1,0,1,0,1,0,0,0,1,Self-employed
0.08129304005528548,0,0,-0.7265825623650238,-0.52256786820127,0,0,0,1,0,1,1,0,0,1,0,0,Private
0.21454891565930734,0,1,-0.08639812719824189,-0.4840424169477172,0,0,1,0,1,0,1,0,0,0,0,1,Private
0.7919910432767354,0,1,0.1334990195072456,-0.201522441088331,1,0,0,1,0,1,1,0,0,0,0,1,Private
0.5698979172700324,0,0,-0.19634670055098546,-0.496884234032235,0,0,0,1,0,1,0,1,0,0,0,1,Private
1.2361772952901415,0,0,2.2726194486483284,0.37635932771495917,0,0,1,0,0,1,0,1,0,1,0,0,Self-employed
-0.807079463971527,0,0,-0.3025268752202684,0.941399279433732,0,0,0,1,0,1,1,0,1,0,0,0,Private
-1.2512657159849332,0,0,0.36492303277390775,-1.0105569174129374,0,0,0,1,1,0,1,0,0,0,1,0,Private
1.7247821725048884,1,0,2.6931284076204145,0.5689865839827221,0,0,0,1,0,1,1,0,0,0,1,0,Private
-1.1180098403809113,0,0,-0.35860951445059935,-0.8821387465677617,0,0,0,1,1,0,1,0,0,0,1,0,Private
-1.6954519679983393,0,0,-0.6186290236094067,-1.9351677474982014,0,0,1,0,1,0,0,1,1,0,0,0,children
0.5254792920686917,0,0,-0.32846232498291156,0.4148847789685119,0,0,0,1,0,1,0,1,1,0,0,0,Private
1.547107671699526,1,0,-1.03270953776853,0.02963026643298515,0,0,1,0,0,1,1,0,1,0,0,0,Self-employed
0.6143165424713729,0,0,-0.5020303349329082,0.38920114479947643,0,0,1,0,0,1,0,1,0,0,1,0,Private
-1.1180098403809113,0,0,-0.17107626232071807,-0.6253024048774105,0,0,0,1,1,0,1,0,0,0,1,0,Private
0.48106066686735105,0,1,-0.3433142492059637,0.24794115686978355,0,0,0,1,0,1,0,1,0,0,0,1,Govt_job
0.7031537928740542,1,0,3.2838803188806205,-0.09878790441219044,0,1,0,1,0,1,1,0,0,1,0,0,Govt_job
-1.8446985486748437,0,0,0.6967637874292654,-1.2930768932723236,0,0,0,1,1,0,1,0,1,0,0,0,children
0.43664204166601045,0,0,-0.5414876858538525,2.559468232082944,0,0,1,0,0,1,1,0,0,0,1,0,Govt_job
-1.6954519679983393,0,0,-0.46988811086809396,-1.4343368812020167,0,0,1,0,1,0,1,0,1,0,0,0,children
-0.8959167143742082,0,0,-0.9240909874805375,-1.1646587224271479,0,0,1,0,1,0,0,1,1,0,0,0,Private
1.5915262969008666,1,0,-0.2054351914934504,-0.9206641978213145,0,0,0,1,1,0,0,1,1,0,0,0,Private
-1.8287078436023612,0,0,-0.6576430335087672,-1.5499132349626747,0,0,0,1,1,0,1,0,1,0,0,0,children
-1.517777467192977,0,0,-0.5454777550481051,-1.1389750882581129,0,0,1,0,1,0,1,0,1,0,0,0,children
0.48106066686735105,1,0,-0.1728496264070526,0.44056841313754647,0,0,0,1,0,1,1,0,0,0,0,1,Self-employed
-0.4961490875621426,0,0,-0.8753234751063366,2.392524609984216,0,0,1,0,0,1,1,0,0,0,1,0,Private
1.3250145456928228,0,1,2.5257671719725887,-0.03457881898960265,1,0,0,1,0,1,1,0,0,0,1,0,Govt_job
0.48106066686735105,0,0,-0.4592479263500867,-0.8949805636522795,0,0,1,0,1,0,0,1,1,0,0,0,Private
1.4138517960955042,0,1,2.257767524425276,0.2094157056162308,0,0,0,1,0,1,0,1,0,1,0,0,Self-employed
0.21454891565930734,0,0,-0.5971269840626,1.840326475349961,0,0,0,1,0,1,0,1,0,0,1,0,Private
-1.1624284655822519,0,0,-0.4078203678463838,-0.548251502370305,0,0,1,0,1,0,0,1,1,0,0,0,Private
1.547107671699526,0,0,-0.3404325325656698,0.7102465719124154,0,0,0,1,0,1,0,1,0,1,0,0,Private
-0.4961490875621426,0,0,-0.30385689828501933,-0.06026245315863813,0,0,0,1,0,1,0,1,0,0,0,1,Private
0.7031537928740542,0,0,0.39196683509051,-0.175838806919296,0,0,1,0,0,1,1,0,1,0,0,0,Private
-0.22963733635409886,0,0,0.3777799223998334,0.22225752270074853,0,0,0,1,0,1,0,1,1,0,0,0,Govt_job
-0.22963733635409886,0,0,0.6639565518320759,0.31215024229237137,0,0,0,1,0,1,1,0,0,1,0,0,Govt_job
-0.9403353395755488,0,0,-0.4075986973355919,0.7616138402504855,0,0,1,0,1,0,0,1,0,0,1,0,Private
0.8808282936794166,0,0,-0.44284430855149165,0.8643483769266265,0,0,1,0,0,1,1,0,0,0,1,0,Private
0.03687441485394486,0,0,0.29310178727735753,0.0809975347710552,0,0,0,1,0,1,1,0,0,0,1,0,Private
-1.517777467192977,0,0,-0.4000618999686702,-1.5113877837091219,0,0,0,1,1,0,0,1,1,0,0,0,children
0.08129304005528548,0,1,-0.26639458196120147,-0.09878790441219044,0,1,0,1,0,1,1,0,1,0,0,0,Private
-0.096381460750077,0,0,-0.03208885205424542,0.18373207144719578,0,0,0,1,0,1,0,1,1,0,0,0,Private
-1.1180098403809113,0,0,-0.11787533973068065,0.38920114479947643,0,0,0,1,1,0,1,0,0,0,1,0,Private
1.7247821725048884,0,0,-0.5725215573647078,-0.24004789234188378,0,0,1,0,0,1,0,1,0,1,0,0,Self-employed
0.7475724180753948,1,0,-0.14536248306886648,2.4567336954068035,0,0,1,0,0,1,0,1,0,1,0,0,Self-employed
-1.4289402167902956,0,0,-0.8238959166026337,-1.3701277957794291,0,0,0,1,1,0,1,0,1,0,0,0,children
-1.02917258997823,0,0,-0.20432683893949138,0.6717211206588631,0,0,1,0,1,0,1,0,0,0,1,0,Private
0.6143165424713729,0,0,2.4413107073609046,-0.18868062400381372,0,0,0,1,0,1,0,1,0,0,0,1,Private
-1.2068470907835926,0,0,-0.7899803284514849,-0.9463478319903496,0,0,1,0,1,0,1,0,1,0,0,0,Private
1.0140841692834386,0,0,-0.4111454255082613,-0.817929661145174,0,0,1,0,0,1,0,1,0,1,0,0,Govt_job
0.08129304005528548,0,0,-0.3173787994433205,-0.5996187707083755,0,0,1,0,1,0,1,0,1,0,0,0,Private
-1.73987059319968,0,0,-0.000611639521806658,-1.344444161610394,0,0,0,1,1,0,1,0,1,0,0,0,children
0.7919910432767354,0,0,-0.16486948801854703,-0.2914151606799538,0,0,1,0,0,1,0,1,0,0,1,0,Private
0.258967540860648,0,0,-0.19812006463732032,0.8515065598421088,0,0,1,0,0,1,1,0,0,0,1,0,Private
-1.2068470907835926,0,0,-0.1395990497882793,-0.8821387465677617,0,0,0,1,1,0,1,0,1,0,0,0,Private
0.08129304005528548,0,0,-0.2887833035511753,-0.8436132953142089,0,0,1,0,0,1,0,1,1,0,0,0,Self-employed
-0.7182422135688457,0,0,-0.9367262065956712,-0.2528897094264015,0,0,0,1,1,0,1,0,0,0,1,0,Self-employed
1.4582704212968447,0,1,-0.5926935738467635,-0.09878790441219044,0,1,0,1,0,1,0,1,1,0,0,0,Private
0.7475724180753948,0,0,2.1557990894610377,-0.09878790441219044,0,1,1,0,0,1,0,1,0,0,0,1,Self-employed
0.8808282936794166,1,0,1.9221583710864576,0.016788449348467408,0,0,1,0,0,1,0,1,0,0,1,0,Govt_job
-0.2740559615554395,0,0,0.279801556629848,-0.4840424169477172,0,0,1,0,1,0,0,1,0,0,1,0,Private
0.08129304005528548,0,0,0.023107105132918148,0.4148847789685119,0,0,1,0,0,1,0,1,0,1,0,0,Private
0.6143165424713729,0,0,-0.6540963053360981,0.32499205937688863,0,0,0,1,0,1,1,0,0,1,0,0,Private
-0.8514980891728676,0,0,0.5367176786375698,-0.3813078802715771,0,0,1,0,0,1,1,0,0,1,0,0,Private
0.17013029045796674,0,0,0.22438392893189252,-0.8564551123987267,0,0,1,0,0,1,1,0,0,1,0,0,Self-employed
0.7031537928740542,0,0,2.15845913559054,1.8660101095189958,0,0,0,1,0,1,1,0,1,0,0,0,Private
-0.007544210347395762,0,0,-0.40737702682480026,1.3908628773918466,0,0,1,0,0,1,0,1,0,1,0,0,Self-employed
1.6359449221022073,0,0,-0.7075188984369272,0.6203538523207931,0,0,1,0,0,1,0,1,0,0,1,0,Self-employed
0.3478047912633292,0,0,-0.08152137596082183,-0.7408787586380684,0,0,1,0,0,1,0,1,0,0,1,0,Private
-1.6954519679983393,0,0,-0.2827981997597962,-1.6141223203852626,0,0,1,0,1,0,1,0,1,0,0,0,children
0.5254792920686917,0,1,-1.0836937552506491,-0.08594608732767316,0,0,0,1,1,0,0,1,0,0,1,0,Private
-0.2740559615554395,0,0,-0.1699679097667587,-0.175838806919296,0,0,1,0,0,1,1,0,0,0,1,0,Private
0.3478047912633292,0,0,-0.2349173694287627,-0.5867769536238577,0,0,0,1,0,1,1,0,0,0,0,1,Govt_job
-0.2740559615554395,0,0,-0.4277707138176479,-0.5739351365393405,0,0,1,0,0,1,1,0,1,0,0,0,Private
-0.7626608387701863,0,0,-0.5142222130264583,0.06815571768653746,0,0,1,0,1,0,0,1,0,0,1,0,Private
-0.9847539647768895,0,0,-1.1231511061715935,-0.9078223807367968,0,0,1,0,1,0,1,0,0,0,1,0,Private
-0.4961490875621426,0,0,-1.1018707371355787,0.9028738281801788,0,0,0,1,1,0,1,0,0,1,0,0,Self-employed
1.1029214196861197,0,0,0.07630802772295556,0.31215024229237137,0,0,1,0,0,1,0,1,0,0,1,0,Private
-0.40731183715946134,0,0,-0.5018086644221162,0.4148847789685119,0,0,0,1,0,1,0,1,1,0,0,0,Private
0.8364096684780761,0,0,-1.0872404834233182,0.003946632263949666,0,0,1,0,0,1,0,1,0,0,1,0,Private
-0.05196283554873638,0,0,0.13904078227704117,1.1982356211240832,0,0,1,0,0,1,1,0,0,0,1,0,Private
-0.2740559615554395,0,0,0.4156855797452351,0.31215024229237137,0,0,1,0,1,0,1,0,0,0,1,0,Private
0.7475724180753948,0,0,-0.9573415640993106,0.19657388853171304,0,0,0,1,0,1,1,0,1,0,0,0,Private
0.3478047912633292,0,0,0.11022361587410436,-0.5354096852857877,0,0,1,0,1,0,0,1,0,1,0,0,Private
-0.7182422135688457,0,0,-0.4474993892781201,-0.9591896490748673,0,0,1,0,0,1,1,0,1,0,0,0,Private
-1.8287078436023612,0,0,-0.6671748654728157,-1.4343368812020167,0,0,0,1,1,0,1,0,1,0,0,0,children
-0.40731183715946134,0,0,-0.25309435131369196,1.1853938040395655,0,0,1,0,1,0,1,0,0,0,1,0,Private
-1.8287078436023612,0,0,0.15810444620513783,-1.344444161610394,0,0,0,1,1,0,0,1,1,0,0,0,children
-1.384521591588955,0,0,0.9807237117535894,-0.08594608732767316,0,0,1,0,1,0,1,0,0,0,1,0,children
-1.6510333427969988,0,0,-0.4000618999686702,-1.4343368812020167,0,0,0,1,1,0,0,1,1,0,0,0,children
-0.18521871115275826,0,0,-0.22937560665896717,1.2239192552931177,0,0,0,1,0,1,0,1,0,0,1,0,Private
0.5254792920686917,0,0,-0.753626364681626,1.8146428411809257,0,0,1,0,0,1,0,1,0,1,0,0,Govt_job
0.7475724180753948,0,0,0.13305567848566205,-0.6766696732154805,0,0,1,0,0,1,1,0,0,0,0,1,Govt_job
-1.3401029663876145,0,0,2.5275405360589236,-0.09878790441219044,0,1,1,0,1,0,1,0,1,0,0,0,children
0.1257116652566261,1,0,-0.5366109346164325,0.941399279433732,0,0,1,0,0,1,1,0,0,0,1,0,Private
-1.4733588419916364,0,0,-0.18947491471643926,-1.113291454089078,0,0,1,0,1,0,0,1,1,0,0,0,children
0.3033861660619886,1,1,-0.5762899560481685,-0.4198333315251294,0,0,1,0,1,0,0,1,0,0,0,1,Govt_job
-0.14080008595141763,0,0,1.0518799457177643,1.1982356211240832,0,0,1,0,0,1,0,1,1,0,0,0,Private
-1.1624284655822519,0,0,-0.6057721339834811,-0.6895114902999984,0,0,1,0,1,0,0,1,1,0,0,0,Private
0.3033861660619886,0,0,0.31615552039970685,-0.18868062400381372,0,0,1,0,0,1,1,0,1,0,0,0,Govt_job
-1.02917258997823,0,0,-0.3838799526808671,-0.09878790441219044,0,0,0,1,1,0,1,0,0,0,0,1,Private
-0.6738235883675051,0,0,0.0024917476292788633,-0.03457881898960265,0,0,1,0,0,1,1,0,0,0,0,1,Private
0.3033861660619886,0,1,-0.8356444536746003,0.8515065598421088,0,0,1,0,0,1,0,1,0,0,0,1,Govt_job
0.39222341646466985,0,0,0.45558627168776306,0.8001392915040387,0,0,1,0,0,1,0,1,0,0,1,0,Govt_job
-0.7626608387701863,0,0,-0.8551514586242809,-0.9078223807367968,0,0,1,0,1,0,1,0,0,1,0,0,Private
-0.3184745867567801,0,0,-1.0943339397686567,0.09383935185557295,0,0,0,1,0,1,0,1,0,0,1,0,Private
0.8364096684780761,0,0,0.2625112567880859,-0.22720607525736602,0,0,1,0,0,1,1,0,0,1,0,0,Private
1.0140841692834386,0,0,-0.4408492739543652,0.7359302060814509,0,0,1,0,0,1,1,0,0,0,1,0,Self-employed
-0.2740559615554395,0,0,-0.17218461487467712,-1.0876078199200427,0,0,1,0,0,1,0,1,0,0,1,0,Private
1.3250145456928228,0,1,-0.9608882922719799,-0.4712005998631999,0,0,0,1,0,1,1,0,0,0,0,1,Private
-1.3401029663876145,0,0,-0.8119257090198755,-0.8436132953142089,0,0,0,1,1,0,1,0,1,0,0,0,children
-0.8959167143742082,0,0,1.320544604797453,-0.8949805636522795,0,0,1,0,1,0,1,0,0,0,0,1,Private
-1.6954519679983393,0,0,0.08007642640641657,-1.1389750882581129,0,0,1,0,1,0,1,0,1,0,0,0,children
0.39222341646466985,0,0,-0.5521278703718601,-0.6509860390464456,0,0,1,0,0,1,0,1,0,0,0,1,Govt_job
-0.14080008595141763,0,0,0.7561714843214737,0.3635175106304414,0,0,1,0,0,1,1,0,0,0,0,1,Private
-0.05196283554873638,0,0,1.5987410958411892,-0.09878790441219044,0,1,0,1,0,1,0,1,1,0,0,0,Private
-1.5621960923943174,0,0,-0.7310159725808604,-1.3701277957794291,0,0,1,0,1,0,0,1,1,0,0,0,children
1.5915262969008666,0,1,-0.5213156693717969,-0.09878790441219044,0,1,0,1,0,1,1,0,0,0,1,0,Private
-1.02917258997823,0,0,-0.11033854236375863,-0.2657315265109188,0,0,1,0,1,0,0,1,1,0,0,0,Private
-1.02917258997823,0,0,-0.22804558359421617,0.31215024229237137,0,0,1,0,1,0,0,1,1,0,0,0,Private
-0.18521871115275826,0,0,-0.5960186315086407,-0.27857334359543656,0,0,1,0,0,1,0,1,0,0,1,0,Private
-1.5621960923943174,0,0,-0.15267760992499657,-1.2930768932723236,0,0,1,0,1,0,1,0,1,0,0,0,children
-1.6954519679983393,0,0,-0.9710851357684037,-1.5499132349626747,0,0,1,0,1,0,0,1,1,0,0,0,children
0.3033861660619886,0,0,-0.2721580152417887,0.26078297395430083,0,0,1,0,0,1,0,1,0,0,0,1,Private
0.8808282936794166,1,0,-0.5374976166595996,-0.5996187707083755,0,0,1,0,0,1,0,1,0,0,1,0,Private
-0.36289321195812074,0,0,-0.3696930399901905,-0.5739351365393405,0,0,1,0,0,1,1,0,0,0,1,0,Govt_job
-0.9847539647768895,0,0,-0.902145606912147,-0.6895114902999984,0,0,0,1,1,0,1,0,0,0,1,0,Private
0.43664204166601045,0,0,0.07320464057187004,-0.3299406119335066,0,0,0,1,0,1,0,1,0,0,0,1,Self-employed
0.3478047912633292,0,0,-0.18925324420564732,-0.9463478319903496,0,0,1,0,0,1,1,0,0,0,1,0,Self-employed
1.1029214196861197,0,1,0.8747652075950985,0.3378338764614064,0,0,0,1,0,1,1,0,0,0,1,0,Private
-0.6294049631661645,0,0,-0.7139473432498901,0.11952298602460797,0,0,1,0,0,1,1,0,1,0,0,0,Self-employed
-0.3184745867567801,0,0,0.9049123970627866,1.3780210603073288,0,0,1,0,0,1,1,0,0,0,1,0,Private
-0.6294049631661645,0,0,1.7618905917839705,0.31215024229237137,0,0,0,1,0,1,0,1,0,0,1,0,Private
-1.8695729787875948,0,0,-0.4991486182926146,-0.5867769536238577,0,0,0,1,1,0,1,0,1,0,0,0,children
-0.5405677127634833,0,0,0.24522095694632373,2.7007282200126372,0,0,1,0,1,0,1,0,0,0,0,1,Private
-0.2740559615554395,1,0,1.3345098469773375,0.44056841313754647,0,0,0,1,0,1,0,1,0,0,1,0,Private
1.6803635473035479,0,0,-0.990592140718084,-0.16299698983477823,0,0,0,1,0,1,0,1,0,0,0,1,Self-employed
-0.8959167143742082,0,0,0.14436087453604476,-0.2914151606799538,0,0,1,0,1,0,1,0,1,0,0,0,Private
-0.5405677127634833,0,0,-0.37190974509810854,1.0955010844479423,0,0,1,0,0,1,0,1,0,0,1,0,Private
-0.7626608387701863,0,0,0.32191895368029433,-0.8436132953142089,0,0,0,1,0,1,1,0,0,0,0,1,Private
-1.1180098403809113,0,0,0.3990602914358485,-1.074766002835525,0,0,0,1,1,0,1,0,1,0,0,0,Private
-0.9847539647768895,0,0,0.04859921387397781,-0.2528897094264015,0,0,1,0,1,0,1,0,0,0,1,0,Private
-0.9403353395755488,0,0,-0.907022358149567,-1.0619241857510073,0,0,1,0,1,0,0,1,1,0,0,0,Private
0.43664204166601045,0,0,-0.8207925294515481,0.8643483769266265,0,0,1,0,0,1,1,0,0,1,0,0,Private
-1.0735912151795706,0,0,-0.23513903993955432,-0.5097260511167527,0,0,0,1,1,0,1,0,0,0,0,1,Private
1.547107671699526,1,0,-1.101205725603203,-0.4326751486096472,1,0,0,1,0,1,1,0,0,1,0,0,Self-employed
0.258967540860648,0,0,0.4325325385654134,0.10668116894009023,0,0,1,0,0,1,0,1,0,1,0,0,Private
1.6803635473035479,0,0,0.654646390378819,0.8900320110956611,0,0,0,1,0,1,1,0,1,0,0,0,Private
-0.05196283554873638,0,0,-0.6051071224511055,0.37635932771495917,0,0,0,1,0,1,0,1,0,0,0,1,Private
-0.18521871115275826,0,0,-0.0945999360975394,1.6605410361667146,0,0,1,0,0,1,0,1,0,0,1,0,Private
0.39222341646466985,1,0,0.18758662414045013,-0.5867769536238577,0,0,1,0,0,1,0,1,0,1,0,0,Self-employed
-1.1624284655822519,0,0,-0.7930837156025704,1.8146428411809257,0,0,1,0,1,0,0,1,1,0,0,0,Private
0.43664204166601045,0,0,0.1645328910181005,-0.03457881898960265,0,0,0,1,0,1,0,1,0,0,0,1,Private
0.48106066686735105,1,0,-0.3515160581052609,0.4148847789685119,0,0,0,1,0,1,0,1,0,0,1,0,Private
0.9696655440820979,0,0,2.5432791423251433,1.0698174502789075,0,0,1,0,0,1,1,0,0,0,0,1,Self-employed
1.3694331708941636,0,0,0.5449194875368674,-0.3299406119335066,0,0,1,0,0,1,0,1,1,0,0,0,Private
0.03687441485394486,0,0,-0.6119789082856518,0.42772659605302965,0,0,1,0,1,0,1,0,0,0,1,0,Private
1.5026890464981855,0,0,3.2144974490027804,0.517619315644652,0,0,1,0,0,1,0,1,0,0,1,0,Private
-0.8514980891728676,0,0,0.12285883498923807,0.09383935185557295,0,0,0,1,1,0,1,0,0,1,0,0,Self-employed
-0.5849863379648238,0,0,0.005373464269572449,-0.27857334359543656,0,0,0,1,1,0,0,1,1,0,0,0,Private
0.43664204166601045,1,0,2.1473756100509487,0.6717211206588631,0,0,1,0,0,1,0,1,0,0,0,1,Private
-1.7842892184010206,0,0,-1.0360345954304075,-1.5755968691317097,0,0,0,1,1,0,0,1,1,0,0,0,children
1.547107671699526,0,0,-1.0398029941138685,0.8900320110956611,0,0,1,0,0,1,0,1,1,0,0,0,Govt_job
-0.6294049631661645,0,0,-0.7485279429334144,0.6588793035743453,0,0,1,0,1,0,0,1,0,1,0,0,Private
0.6143165424713729,0,0,-0.5255274090768414,-0.5354096852857877,0,0,0,1,0,1,1,0,1,0,0,0,Private
-0.2740559615554395,0,0,-0.10457510908317146,-0.3170987948489893,0,0,1,0,0,1,1,0,1,0,0,0,Private
-0.7182422135688457,0,0,-0.2364690630043053,-0.24004789234188378,0,0,1,0,0,1,0,1,0,0,1,0,Private
0.5254792920686917,0,0,-1.029162809595861,0.6717211206588631,0,0,1,0,0,1,0,1,0,0,0,1,Private
1.191758670088801,0,0,-0.3222555506807405,0.9157156452646965,0,0,1,0,0,1,0,1,1,0,0,0,Private
0.7031537928740542,0,0,-0.5898118572064696,3.073140915463646,0,0,1,0,0,1,1,0,0,1,0,0,Private
0.08129304005528548,0,0,-0.3422058966520046,-0.8436132953142089,0,0,1,0,0,1,0,1,0,0,1,0,Private
1.5915262969008666,0,0,0.16896630123393702,0.7872974744195209,0,0,0,1,0,1,0,1,0,0,1,0,Self-employed
0.9252469188807573,0,0,2.310081764972146,0.23509933978526582,0,0,0,1,0,1,1,0,0,1,0,0,Self-employed
0.21454891565930734,0,0,0.179163144730361,0.003946632263949666,0,0,1,0,0,1,0,1,0,0,1,0,Private
0.21454891565930734,0,0,2.358627606835555,2.31547370747711,0,0,1,0,0,1,0,1,0,0,1,0,Self-employed
0.8808282936794166,0,0,-0.02211367906861337,-0.6124605877928928,0,0,0,1,0,1,1,0,1,0,0,0,Private
1.2805959204914823,0,1,-0.44262263804070007,-0.496884234032235,0,0,0,1,0,1,0,1,0,1,0,0,Self-employed
0.1257116652566261,0,0,-1.1071908293945822,-0.1373133556657432,0,0,1,0,0,1,0,1,0,0,1,0,Govt_job
-0.7626608387701863,0,0,-0.7655965722643846,0.18373207144719578,0,0,0,1,1,0,0,1,0,0,0,1,Private
-0.2740559615554395,0,0,-0.6933319857462505,0.0809975347710552,0,0,1,0,0,1,0,1,1,0,0,0,Private
-0.2740559615554395,0,0,0.0397323934423048,-0.4583587827786822,0,0,0,1,0,1,1,0,0,0,1,0,Govt_job
-0.22963733635409886,0,0,-0.48740008122064804,-0.5996187707083755,0,0,1,0,0,1,1,0,0,0,0,1,Private
-0.40731183715946134,0,0,-0.6509929181850126,-0.16299698983477823,0,0,1,0,0,1,0,1,0,0,0,1,Private
0.03687441485394486,0,0,0.1024651479963904,0.2094157056162308,0,0,1,0,0,1,1,0,0,0,0,1,Private
-0.8514980891728676,0,0,-0.32314223272390796,-0.09878790441219044,0,0,0,1,1,0,1,0,0,1,0,0,Private
-0.6294049631661645,0,0,-0.19989342872365487,0.18373207144719578,0,0,0,1,1,0,1,0,0,1,0,0,Self-employed
-1.0735912151795706,0,0,-1.0506648491426678,-0.08594608732767316,0,0,1,0,1,0,0,1,0,0,1,0,Private
0.3033861660619886,0,0,-0.38897837442907907,0.4790938643910997,0,0,0,1,0,1,0,1,1,0,0,0,Govt_job
1.1473400448874604,1,1,-0.745202885271537,1.0184501819408367,1,0,1,0,1,0,0,1,0,0,1,0,Self-employed
0.08129304005528548,0,0,-0.44661270723495267,0.4020429618839942,0,0,1,0,0,1,0,1,0,1,0,0,Govt_job
0.6143165424713729,0,0,-0.423780644623395,1.3009701578002233,0,0,0,1,0,1,1,0,1,0,0,0,Private
0.3478047912633292,0,0,-0.6662881834296482,0.23509933978526582,0,0,0,1,0,1,0,1,0,0,1,0,Self-employed
0.6143165424713729,0,0,-0.16065774831350213,0.17089025436267802,0,0,0,1,0,1,1,0,0,0,1,0,Private
0.7475724180753948,1,0,0.07120960597474357,-0.09878790441219044,0,1,1,0,0,1,0,1,1,0,0,0,Private
-0.8959167143742082,0,0,-0.19967175821286293,-0.548251502370305,0,0,0,1,1,0,1,0,0,0,0,1,Private
-1.517777467192977,0,0,-0.5594429972279902,-1.7682241253994733,0,0,1,0,1,0,1,0,1,0,0,0,children
-0.18521871115275826,0,0,3.306490710981386,0.8515065598421088,0,0,1,0,0,1,0,1,0,0,0,1,Private
0.03687441485394486,0,0,-0.5550095870121536,0.26078297395430083,0,0,0,1,0,1,0,1,0,0,1,0,Private
1.3250145456928228,0,0,-0.631707583746124,-0.8050878440606561,0,0,1,0,0,1,1,0,0,0,1,0,Self-employed
-1.5621960923943174,0,0,-0.5612163613143247,-1.0619241857510073,0,0,1,0,1,0,0,1,1,0,0,0,children
-0.6738235883675051,0,0,0.6280459290838006,-0.00889518482056762,0,0,1,0,1,0,1,0,0,1,0,0,Private
0.3033861660619886,0,0,2.4738962724473024,2.7906209396042603,0,0,1,0,0,1,1,0,1,0,0,0,Private
1.1473400448874604,0,0,-0.3708013925441495,0.7616138402504855,0,0,0,1,0,1,0,1,0,1,0,0,Private
0.1257116652566261,0,0,-0.9243126579913291,-0.4583587827786822,0,0,1,0,1,0,1,0,0,0,1,0,Self-employed
0.43664204166601045,0,0,-0.45060277642920565,0.145206620193643,0,0,1,0,0,1,0,1,0,0,1,0,Private
1.191758670088801,0,0,1.164710235710802,0.5946702181517576,0,0,1,0,0,1,1,0,0,0,1,0,Govt_job
1.1029214196861197,0,0,-0.1735146379394281,0.31215024229237137,0,0,1,0,0,1,1,0,0,0,1,0,Private
-0.6738235883675051,0,0,0.12042045937052803,-0.4326751486096472,0,0,1,0,0,1,0,1,1,0,0,0,Private
-0.451730462360802,0,0,-0.472326486486804,2.0072700974486892,0,0,1,0,0,1,0,1,0,0,1,0,Private
1.0140841692834386,0,0,-0.30474358032818644,-0.7408787586380684,0,0,1,0,0,1,0,1,0,0,1,0,Govt_job
-0.3184745867567801,0,0,-0.8269993037537192,-0.5867769536238577,0,0,1,0,0,1,0,1,0,0,1,0,Private
-0.007544210347395762,0,0,-0.5942452674223061,0.31215024229237137,0,0,0,1,1,0,0,1,0,1,0,0,Private
-0.5405677127634833,0,0,2.4224687139435996,-0.09878790441219044,0,1,0,1,1,0,0,1,0,0,0,1,Private
-0.5849863379648238,0,0,-0.3581661734290158,-0.7280369415535511,0,0,1,0,0,1,1,0,0,0,0,1,Private
0.03687441485394486,0,0,0.22615729301822707,-1.023398734497455,0,0,1,0,0,1,1,0,0,0,1,0,Govt_job
-0.8514980891728676,0,0,-0.6509929181850126,-0.52256786820127,0,0,1,0,0,1,1,0,0,0,0,1,Private
0.7919910432767354,0,0,-0.1757313430473462,-1.2545514420187707,0,0,1,0,0,1,0,1,0,1,0,0,Govt_job
-0.8514980891728676,0,0,1.1225928386603556,-0.24004789234188378,0,0,1,0,0,1,1,0,0,1,0,0,Private
-1.2512657159849332,0,0,-0.5893685161848861,-0.8307714782296917,0,0,1,0,1,0,1,0,0,0,1,0,Private
0.7919910432767354,0,0,-0.18193811734951723,0.10668116894009023,0,0,1,0,0,1,0,1,0,1,0,0,Private
-0.8514980891728676,0,0,-1.0309361736821956,1.840326475349961,0,0,0,1,1,0,0,1,0,0,1,0,Private
0.21454891565930734,0,0,-0.13560898059402635,-0.7151951244690333,0,0,0,1,0,1,0,1,0,1,0,0,Self-employed
1.6359449221022073,0,0,-0.46390300707671484,-0.09878790441219044,0,1,1,0,0,1,0,1,1,0,0,0,Govt_job
0.7919910432767354,0,0,0.03419063067250925,-0.3170987948489893,0,0,0,1,0,1,0,1,0,1,0,0,Govt_job
-0.4961490875621426,0,0,0.06677619575890706,-0.6253024048774105,0,0,1,0,0,1,1,0,1,0,0,0,Private
0.03687441485394486,0,0,0.2028818893850858,-0.9591896490748673,0,0,1,0,0,1,0,1,0,0,1,0,Self-employed
-1.2068470907835926,0,0,0.445611098702131,-0.9720314661593845,0,0,0,1,1,0,1,0,0,0,1,0,Private
0.39222341646466985,0,0,-0.4051603217168819,0.2094157056162308,0,0,0,1,0,1,0,1,0,1,0,0,Private
0.6143165424713729,1,0,0.2469943210326586,-0.07310427024315541,0,0,1,0,1,0,1,0,0,0,1,0,Private
0.5254792920686917,0,0,2.815712200088292,-0.00889518482056762,0,0,0,1,0,1,1,0,1,0,0,0,Private
-0.5405677127634833,0,0,-1.0231777058044818,-1.1518169053426306,0,0,1,0,1,0,1,0,0,0,1,0,Private
0.5254792920686917,0,0,-0.3683630169254395,0.3378338764614064,0,0,0,1,0,1,0,1,0,0,1,0,Private
0.48106066686735105,0,0,2.7875600452177305,0.13236480310912527,0,0,1,0,0,1,0,1,0,0,1,0,Govt_job
-1.384521591588955,0,0,0.22726564557218643,-0.6509860390464456,0,0,1,0,1,0,1,0,1,0,0,0,children
0.6587351676727136,0,0,0.030643902499840173,-0.15015517275026094,0,0,1,0,0,1,1,0,1,0,0,0,Private
0.6587351676727136,0,0,0.03263893709696665,1.2496028894621531,1,0,1,0,0,1,0,1,0,1,0,0,Private
0.48106066686735105,0,0,-0.8243392576242176,2.0457955487022415,0,0,1,0,0,1,1,0,0,0,0,1,Private
0.7031537928740542,0,0,-1.0710585361355154,0.15804843727816073,0,0,1,0,0,1,1,0,0,1,0,0,Private
0.8808282936794166,0,0,-0.4752082031270979,1.1982356211240832,0,0,1,0,0,1,0,1,0,0,1,0,Private
0.258967540860648,0,0,3.59045063530571,0.055313900602020176,0,0,1,0,0,1,0,1,0,1,0,0,Private
1.0140841692834386,1,0,-0.5071287566811202,0.003946632263949666,0,0,0,1,0,1,0,1,0,1,0,0,Private
0.39222341646466985,0,0,2.2743928127346624,0.9157156452646965,0,0,0,1,0,1,0,1,0,1,0,0,Govt_job
1.547107671699526,0,0,-0.5816100483071723,-0.9977151003284196,0,0,1,0,0,1,0,1,0,1,0,0,Self-employed
0.3478047912633292,0,0,-0.05226086853630115,-0.201522441088331,1,0,1,0,0,1,1,0,0,1,0,0,Govt_job
1.1029214196861197,0,0,-0.26994131013387057,-0.5097260511167527,0,0,1,0,0,1,1,0,0,0,1,0,Self-employed
0.258967540860648,1,0,0.2995302320903202,0.19657388853171304,0,0,0,1,0,1,1,0,0,1,0,0,Self-employed
0.39222341646466985,0,0,-0.3590528554721829,-0.175838806919296,0,0,1,0,0,1,0,1,1,0,0,0,Self-employed
1.6359449221022073,0,0,-0.3404325325656698,0.6845629377433808,0,0,1,0,0,1,1,0,0,0,1,0,Self-employed
0.8808282936794166,0,0,-0.4607996199256293,-0.3170987948489893,0,0,1,0,0,1,1,0,0,0,0,1,Private
1.5915262969008666,0,0,-0.057137619773721525,-0.7665623928071039,0,0,0,1,0,1,1,0,0,1,0,0,Self-employed
-0.807079463971527,0,0,-0.477424908235016,-0.5610933194548228,0,0,1,0,0,1,0,1,1,0,0,0,Private
0.9696655440820979,0,0,-0.24710924752231286,-0.03457881898960265,0,0,0,1,0,1,1,0,0,0,1,0,Self-employed
0.21454891565930734,0,0,0.6384644430910162,-0.08594608732767316,0,0,1,0,0,1,1,0,0,0,0,1,Private
-0.6738235883675051,0,0,0.019782047471041005,0.055313900602020176,0,0,1,0,0,1,1,0,0,0,1,0,Private
1.5915262969008666,0,0,2.264639310259822,-0.3684660631870594,0,0,1,0,0,1,0,1,0,1,0,0,Private
-0.2740559615554395,1,0,0.48595513166624243,0.9157156452646965,0,0,1,0,0,1,1,0,0,0,1,0,Self-employed
-0.807079463971527,0,0,-0.35284608117001187,-0.3042569777644716,0,0,0,1,0,1,0,1,0,0,1,0,Private
-0.096381460750077,0,0,-0.4089287204003429,0.6974047548278977,0,0,0,1,0,1,1,0,0,1,0,0,Private
1.6359449221022073,0,1,3.2570581870748097,0.2094157056162308,1,0,0,1,0,1,0,1,0,1,0,0,Self-employed
-1.8287078436023612,0,0,-0.5206506578394213,-1.2930768932723236,0,0,1,0,1,0,0,1,1,0,0,0,children
-1.3401029663876145,0,0,-1.1171660023802144,-0.7280369415535511,0,0,0,1,1,0,1,0,1,0,0,0,children
-0.22963733635409886,0,0,-0.7099572740556371,1.0955010844479423,0,0,0,1,0,1,1,0,0,0,1,0,Private
-0.096381460750077,0,0,-0.5166605886451684,0.5946702181517576,0,0,1,0,0,1,1,0,1,0,0,0,Private
-0.18521871115275826,0,0,-0.3475259889110083,-0.6766696732154805,0,0,1,0,1,0,1,0,0,0,1,0,Private
0.3033861660619886,0,0,0.41369054514810866,-0.548251502370305,0,0,1,0,0,1,1,0,0,0,1,0,Govt_job
-1.1180098403809113,0,0,0.6517646737385254,-0.7023533073845161,0,0,1,0,1,0,1,0,0,0,1,0,Private
0.258967540860648,0,0,2.4388723317421945,3.7537572209430774,0,0,0,1,0,1,1,0,0,0,1,0,Self-employed
1.1473400448874604,0,1,1.9432170696116804,0.7230883889969332,0,0,1,0,1,0,0,1,0,0,1,0,Private
-0.6738235883675051,0,0,-0.3962935012852092,-0.7922460269761389,0,0,1,0,1,0,0,1,0,1,0,0,Private
0.6587351676727136,0,0,-0.527079102652384,0.7487720231659686,0,0,1,0,1,0,0,1,0,1,0,0,Private
-0.7626608387701863,0,0,-0.3422058966520046,1.2496028894621531,0,0,1,0,1,0,0,1,1,0,0,0,Govt_job
-0.22963733635409886,0,0,1.1680352933726788,0.6203538523207931,0,0,1,0,0,1,0,1,0,1,0,0,Private
-0.6738235883675051,0,0,-0.6161906479906967,0.4020429618839942,0,0,1,0,1,0,1,0,0,0,0,1,Govt_job
-1.6066147175956582,0,0,-0.5809450367747969,-1.7168568570614031,0,0,1,0,1,0,0,1,1,0,0,0,children
0.9252469188807573,1,0,-0.3825499296161161,-0.548251502370305,0,0,1,0,0,1,1,0,0,0,1,0,Private
-0.8959167143742082,0,0,-0.3062952739037294,-0.9335060149058317,0,0,1,0,0,1,1,0,0,1,0,0,Private
-0.6738235883675051,1,0,-0.49050346837173353,0.9670829136027665,0,0,1,0,0,1,1,0,0,0,1,0,Govt_job
-0.40731183715946134,0,0,0.1496809667950487,-0.7023533073845161,0,0,1,0,0,1,1,0,0,1,0,0,Private
-0.05196283554873638,0,0,-0.3745697912276105,0.5304611327291697,0,0,1,0,0,1,0,1,0,0,1,0,Govt_job
1.6803635473035479,0,0,-0.2843498933353391,-0.8564551123987267,0,0,0,1,0,1,1,0,0,0,1,0,Private
-1.2956843411862737,0,0,-0.9994589611497567,-1.3187605274413585,0,0,0,1,1,0,0,1,1,0,0,0,children
-0.05196283554873638,0,0,0.28290494378093356,2.225580987885488,0,0,1,0,1,0,1,0,0,0,0,1,Private
1.6359449221022073,0,0,-0.9229826349265782,1.4935974140679866,0,0,1,0,0,1,0,1,0,0,1,0,Self-employed
-1.8518055287070585,0,0,0.3837650261912125,-1.0619241857510073,0,0,1,0,1,0,1,0,1,0,0,0,children
1.5915262969008666,0,0,-0.7327893366671948,-0.06026245315863813,1,0,0,1,0,1,1,0,0,0,1,0,Private
0.8364096684780761,0,0,1.6590354747765648,0.37635932771495917,0,0,1,0,0,1,0,1,0,1,0,0,Self-employed
0.7919910432767354,0,0,-0.473434839040763,0.4534102302220642,0,0,0,1,0,1,1,0,0,0,0,1,Self-employed
0.7919910432767354,0,0,-0.5281874552063434,0.13236480310912527,0,0,0,1,0,1,1,0,0,0,1,0,Self-employed
-1.0735912151795706,0,0,-0.11499362309038706,-1.074766002835525,0,0,1,0,1,0,0,1,0,0,1,0,Private
-1.5621960923943174,0,0,-0.41314046010538746,-1.6398059545542976,0,0,1,0,1,0,0,1,1,0,0,0,children
0.8364096684780761,0,0,-0.48629172866668896,-0.5610933194548228,0,0,1,0,0,1,1,0,0,0,1,0,Private
-1.7842892184010206,0,0,0.41479889770206774,-1.6012805033007451,0,0,1,0,1,0,0,1,1,0,0,0,children
0.5254792920686917,0,0,2.7924367964551506,1.801801024096408,0,0,1,0,0,1,0,1,0,0,1,0,Private
-0.18521871115275826,0,0,-0.1750663315149707,-0.6766696732154805,0,0,1,0,0,1,1,0,0,0,1,0,Govt_job
-1.6954519679983393,0,0,0.39241017611209356,-1.2031841736807007,0,0,1,0,1,0,1,0,1,0,0,0,children
0.39222341646466985,0,0,0.045495826722892284,-0.8821387465677617,0,0,1,0,0,1,1,0,0,1,0,0,Govt_job
0.7919910432767354,0,0,2.188162984036644,0.8001392915040387,0,0,0,1,0,1,1,0,0,1,0,0,Private
1.3250145456928228,0,0,-0.9486964141784295,-0.4455169656941649,0,0,1,0,1,0,0,1,0,1,0,0,Govt_job
-0.22963733635409886,0,0,-0.9733018408763218,0.016788449348467408,0,0,1,0,0,1,1,0,1,0,0,0,Private
-0.6738235883675051,0,0,-0.7050805228182171,0.13236480310912527,0,0,0,1,0,1,0,1,0,0,1,0,Self-employed
0.21454891565930734,0,0,-0.6560913399332245,-0.047420636074120386,0,0,0,1,0,1,0,1,0,0,1,0,Private
0.08129304005528548,0,0,-0.7075188984369272,-0.4198333315251294,0,0,1,0,0,1,1,0,1,0,0,0,Private
1.6803635473035479,1,0,1.524038133704345,-0.3170987948489893,0,0,1,0,0,1,0,1,0,0,1,0,Self-employed
1.547107671699526,0,0,-0.23092730023450977,-1.485704149540087,0,0,1,0,0,1,1,0,1,0,0,0,Private
1.1029214196861197,1,0,-0.22095212724887803,-0.03457881898960265,0,0,1,0,0,1,0,1,0,0,1,0,Private
-1.02917258997823,0,0,-0.6625197847461872,0.42772659605302965,0,0,0,1,1,0,1,0,0,0,1,0,Private
-0.14080008595141763,0,0,0.20576360602537938,1.0312919990253544,0,0,0,1,0,1,0,1,0,0,1,0,Govt_job
-0.36289321195812074,0,0,-1.0433497222865376,1.429388328645399,0,0,1,0,0,1,1,0,0,0,0,1,Private
1.5026890464981855,0,0,-0.997907267574214,-0.7537205757225861,0,0,0,1,0,1,0,1,0,0,0,1,Self-employed
-0.3184745867567801,0,0,-0.853378094537946,1.0056083648563199,0,0,1,0,0,1,1,0,0,1,0,0,Private
0.39222341646466985,0,0,-0.8221225525162992,-1.6526477716388153,0,0,1,0,0,1,1,0,1,0,0,0,Private
-1.5621960923943174,0,0,-0.6148606249259457,-0.40699151444061216,0,0,0,1,1,0,1,0,1,0,0,0,children
1.7247821725048884,0,0,-1.0300494916390284,0.5561447668982052,1,0,1,0,0,1,1,0,0,0,1,0,Private
0.17013029045796674,0,0,0.06145610349990345,-0.201522441088331,0,0,1,0,0,1,1,0,0,1,0,0,Govt_job
-0.7626608387701863,0,0,0.24145255826286305,-1.3059187103568413,0,0,1,0,1,0,0,1,0,1,0,0,Private
-0.8514980891728676,0,0,-0.7571730928542955,-0.8821387465677617,0,0,1,0,1,0,0,1,0,1,0,0,Private
-1.1180098403809113,0,0,-0.7813351785306039,-0.6895114902999984,0,0,1,0,1,0,0,1,1,0,0,0,Private
0.17013029045796674,0,0,0.6517646737385254,0.9157156452646965,0,0,0,1,0,1,0,1,0,0,0,1,Self-employed
-1.5621960923943174,0,0,-0.10036336937812658,0.6331956694053099,0,0,0,1,1,0,0,1,1,0,0,0,children
-1.2956843411862737,0,0,-0.7409911455664924,-1.074766002835525,0,0,1,0,1,0,1,0,1,0,0,0,children
1.2805959204914823,0,0,-1.07527027584056,-0.6381442219619283,0,0,1,0,0,1,1,0,0,0,1,0,Self-employed
1.5915262969008666,0,0,-0.7855469182356487,-0.7537205757225861,0,0,1,0,0,1,0,1,0,1,0,0,Private
-0.22963733635409886,0,0,-0.15223426890341302,-0.4326751486096472,0,0,0,1,0,1,1,0,0,0,1,0,Govt_job
1.3250145456928228,0,0,-0.5244190565228823,-0.047420636074120386,0,0,0,1,0,1,1,0,0,0,1,0,Private
0.5254792920686917,0,0,-0.4253323381989379,-0.3042569777644716,0,0,0,1,0,1,1,0,0,0,1,0,Private
-1.2512657159849332,0,0,-0.643234450307299,-0.9206641978213145,0,0,1,0,1,0,0,1,1,0,0,0,Private
-1.2068470907835926,0,0,1.1004257875811734,-0.201522441088331,0,0,1,0,1,0,1,0,0,0,1,0,Private
1.1029214196861197,0,1,2.4816547403250167,-0.4326751486096472,0,0,0,1,0,1,0,1,1,0,0,0,Private
0.39222341646466985,1,0,1.4282764730422781,-0.21436425817284874,0,0,1,0,1,0,1,0,0,1,0,0,Private
0.17013029045796674,0,1,-0.08817149128457642,-0.06026245315863813,0,0,0,1,0,1,0,1,0,0,0,1,Govt_job
-1.1180098403809113,0,0,0.1239671875431971,1.2239192552931177,0,0,1,0,1,0,1,0,0,0,0,1,Private
-0.7182422135688457,0,0,-0.5261924206092169,-1.0105569174129374,0,0,1,0,1,0,0,1,1,0,0,0,Private
-1.0735912151795706,1,0,-0.8828602724732586,0.016788449348467408,0,0,1,0,1,0,1,0,0,0,1,0,Private
0.6587351676727136,0,0,-0.10501845010475501,0.32499205937688863,0,0,0,1,0,1,0,1,1,0,0,0,Govt_job
1.547107671699526,0,1,2.555249349907901,-0.4326751486096472,0,0,1,0,0,1,1,0,0,1,0,0,Private
0.17013029045796674,0,0,-0.6906719396167489,2.110004634124829,0,0,1,0,0,1,0,1,0,0,1,0,Private
-0.5849863379648238,0,0,-0.8425162395091468,0.04247208351750244,0,0,1,0,0,1,0,1,0,0,0,1,Private
-0.5849863379648238,0,0,0.4119171810617741,-0.9591896490748673,0,0,1,0,0,1,1,0,0,0,1,0,Private
-0.9403353395755488,0,0,-0.3603828785369339,0.17089025436267802,0,0,0,1,1,0,0,1,1,0,0,0,Private
-0.9847539647768895,0,0,-0.007040084334769636,-0.34278242901802436,0,0,0,1,1,0,1,0,0,0,1,0,Private
-0.40731183715946134,0,0,-0.44816440081049563,-0.2657315265109188,0,0,0,1,0,1,0,1,1,0,0,0,Private
0.258967540860648,0,0,-0.869781712336541,0.5818284010672398,0,0,0,1,0,1,1,0,1,0,0,0,Private
-1.384521591588955,0,0,-0.2136370003927476,-1.3059187103568413,0,0,0,1,1,0,1,0,1,0,0,0,children
0.1257116652566261,0,0,0.24499928643553212,-0.08594608732767316,0,0,1,0,0,1,1,0,0,0,1,0,Private
-0.05196283554873638,0,0,-1.0187442955886454,3.073140915463646,0,0,0,1,1,0,1,0,0,0,1,0,Govt_job
-0.451730462360802,0,0,-0.5494678242423581,0.17089025436267802,0,0,1,0,0,1,1,0,0,1,0,0,Govt_job
1.0140841692834386,0,0,-1.1207127305528837,0.003946632263949666,0,0,0,1,0,1,1,0,1,0,0,0,Self-employed
1.2805959204914823,0,0,-0.056250937730554104,-0.2528897094264015,0,0,1,0,0,1,1,0,0,1,0,0,Self-employed
0.08129304005528548,0,0,0.14990263730584033,0.4148847789685119,0,0,1,0,0,1,1,0,0,0,1,0,Private
0.7475724180753948,0,0,-0.7817785195521877,-0.3042569777644716,0,0,0,1,0,1,1,0,0,1,0,0,Private
0.17013029045796674,0,0,-0.23757741555826467,1.2752865236311879,0,0,1,0,0,1,0,1,0,1,0,0,Govt_job
-0.5405677127634833,0,0,-0.7356710533074887,0.35067569354592415,0,0,0,1,1,0,0,1,0,0,1,0,Private
-1.3401029663876145,0,0,-0.6651798308756892,-0.6766696732154805,0,0,1,0,1,0,0,1,1,0,0,0,children
0.6143165424713729,0,0,0.010028544996200572,0.44056841313754647,0,0,0,1,0,1,0,1,0,0,1,0,Private
0.7031537928740542,0,0,-0.49139015041490064,0.6845629377433808,0,0,1,0,0,1,0,1,1,0,0,0,Private
1.5915262969008666,1,0,-0.2960984304073054,-0.09878790441219044,0,1,1,0,0,1,1,0,0,0,1,0,Self-employed
-1.1180098403809113,0,0,-0.5740732509402504,-1.4086532470329818,0,0,1,0,1,0,0,1,1,0,0,0,Private
-0.40731183715946134,0,0,1.5202697350208842,-0.7537205757225861,0,0,1,0,0,1,1,0,0,0,1,0,Private
0.8364096684780761,0,0,-0.6809184371419087,0.2094157056162308,0,0,0,1,1,0,1,0,0,0,1,0,Govt_job
1.2805959204914823,0,0,0.5679732206592166,-0.06026245315863813,1,0,1,0,0,1,0,1,0,0,1,0,Govt_job
0.6587351676727136,0,0,-0.8190191653652137,1.904535560772549,0,0,0,1,0,1,1,0,0,1,0,0,Self-employed
0.1257116652566261,0,0,0.41723727332077776,1.0955010844479423,0,0,0,1,1,0,0,1,1,0,0,0,Private
0.6143165424713729,0,0,-0.7897586579406933,-0.3941496973560944,0,0,0,1,0,1,1,0,0,1,0,0,Private
0.258967540860648,0,0,0.1445825450468367,1.0312919990253544,0,0,1,0,0,1,0,1,1,0,0,0,Self-employed
0.08129304005528548,1,0,-0.993030516336794,0.5047774985601343,0,0,0,1,0,1,0,1,1,0,0,0,Private
-1.834038078626522,0,0,-0.5401576627891016,-1.9736931987517543,0,0,0,1,1,0,0,1,1,0,0,0,children
1.6803635473035479,0,0,-0.13982072029907092,-0.21436425817284874,0,0,1,0,0,1,1,0,0,0,1,0,Private
0.3478047912633292,0,0,2.530865593720801,1.7247501215893024,0,0,1,0,1,0,1,0,0,0,1,0,Private
0.17013029045796674,0,0,-0.4304307599471496,1.3266537919692587,0,0,0,1,0,1,1,0,0,0,0,1,Private
-0.9403353395755488,0,0,-0.21297198886037214,-0.4840424169477172,0,0,0,1,1,0,1,0,0,0,1,0,Govt_job
-0.6294049631661645,0,0,-0.5066854156595363,0.06815571768653746,0,0,0,1,1,0,0,1,0,1,0,0,Private
0.258967540860648,0,0,-0.020561985493070766,0.38920114479947643,1,0,0,1,1,0,1,0,0,0,0,1,Private
0.9252469188807573,0,0,-0.9615533038043553,0.145206620193643,0,0,1,0,0,1,1,0,0,0,1,0,Govt_job
0.21454891565930734,0,0,3.311367462218806,1.1853938040395655,0,0,1,0,0,1,1,0,0,1,0,0,Govt_job
-0.9847539647768895,0,0,-0.7698083119694292,-0.4583587827786822,0,0,1,0,1,0,1,0,0,1,0,0,Private
0.43664204166601045,1,0,-0.6124222493072357,0.9927665477718021,0,0,0,1,0,1,1,0,0,0,1,0,Govt_job
-1.4289402167902956,0,0,0.8488297578324555,-1.6269641374697803,0,0,0,1,1,0,0,1,0,1,0,0,children
1.4138517960955042,0,0,2.518230374605667,0.5818284010672398,0,0,1,0,0,1,1,0,0,0,0,1,Govt_job
-0.096381460750077,0,0,-0.7698083119694292,-0.7023533073845161,0,0,1,0,0,1,0,1,0,0,1,0,Private
-1.2068470907835926,0,0,-0.9150024965380725,-0.9848732832439023,0,0,1,0,1,0,0,1,1,0,0,0,children
-1.2512657159849332,0,0,-0.6255008094439533,-1.3572859786949114,0,0,1,0,1,0,1,0,1,0,0,0,children
0.7031537928740542,1,0,-0.23802075657984822,0.26078297395430083,0,0,0,1,0,1,1,0,0,0,1,0,Private
-1.1624284655822519,0,0,-1.0023406777900505,0.6588793035743453,0,0,0,1,1,0,1,0,1,0,0,0,Private
0.17013029045796674,0,0,-1.0542115773153369,0.32499205937688863,0,0,0,1,0,1,1,0,0,1,0,0,Govt_job
-0.22963733635409886,0,0,1.2185761698332143,0.17089025436267802,0,0,1,0,1,0,0,1,0,0,0,1,Govt_job
-0.36289321195812074,0,0,-0.5120055079185403,0.02963026643298515,0,0,1,0,0,1,1,0,1,0,0,0,Private
-0.2740559615554395,0,0,-0.3118370366735249,0.04247208351750244,0,0,1,0,0,1,0,1,0,0,1,0,Private
0.17013029045796674,0,0,0.13970579380941664,-0.5354096852857877,0,0,1,0,0,1,0,1,0,0,0,1,Private
1.2805959204914823,0,0,0.38332168516962895,-0.4455169656941649,0,0,0,1,0,1,0,1,0,0,0,1,Self-employed
0.5254792920686917,0,0,-0.9834986843727457,0.5689865839827221,0,0,0,1,0,1,1,0,0,0,0,1,Private
-0.096381460750077,0,0,2.615543728843277,0.44056841313754647,0,0,0,1,0,1,0,1,0,0,1,0,Private
0.3033861660619886,0,0,-0.8285509973292622,-0.6381442219619283,0,0,1,0,0,1,1,0,0,0,0,1,Private
1.7247821725048884,0,0,-1.0526598837397942,-1.0876078199200427,0,0,1,0,0,1,1,0,0,0,1,0,Govt_job
0.5698979172700324,0,0,-0.955568200012976,-1.344444161610394,0,0,0,1,0,1,1,0,0,0,1,0,Private
-1.2068470907835926,0,0,0.6076522420909526,-0.3299406119335066,0,0,0,1,1,0,1,0,1,0,0,0,Private
0.258967540860648,0,0,-0.8447329446170649,-0.52256786820127,0,0,1,0,0,1,0,1,0,1,0,0,Private
-0.5405677127634833,0,0,0.2554178004427477,-0.06026245315863813,0,0,1,0,0,1,0,1,0,0,1,0,Private
-1.834038078626522,0,0,-0.6179640120770312,-0.9078223807367968,0,0,0,1,1,0,1,0,1,0,0,0,children
1.3250145456928228,1,0,0.4210056720042388,0.8643483769266265,0,0,1,0,0,1,1,0,0,0,1,0,Self-employed
0.8808282936794166,0,0,-1.0100991456677644,0.04247208351750244,0,0,1,0,0,1,1,0,0,0,1,0,Private
0.43664204166601045,0,1,-0.6314859132353323,0.5818284010672398,0,0,0,1,0,1,0,1,0,0,1,0,Govt_job
1.3694331708941636,0,0,-0.4922768324580681,-1.3701277957794291,0,0,1,0,0,1,1,0,0,0,1,0,Private
0.39222341646466985,0,0,-0.8298810203940131,0.6717211206588631,0,0,0,1,0,1,1,0,0,0,1,0,Private
0.7475724180753948,0,0,-0.8957171620991843,1.5834901336596099,0,0,1,0,0,1,0,1,0,1,0,0,Private
-1.3401029663876145,0,0,0.7238075897458676,0.7616138402504855,0,0,1,0,1,0,1,0,1,0,0,0,children
-0.096381460750077,0,0,-0.5202073168178377,-0.12447153858122592,0,0,0,1,0,1,1,0,1,0,0,0,Private
0.9252469188807573,1,0,1.8871344303813493,0.32499205937688863,0,0,1,0,0,1,0,1,0,0,1,0,Self-employed
-0.8514980891728676,0,0,-0.48119330691847695,-0.5610933194548228,0,0,1,0,0,1,1,0,1,0,0,0,Private
-0.40731183715946134,0,0,-0.21119862477403759,-0.16299698983477823,0,0,1,0,0,1,1,0,1,0,0,0,Self-employed
-0.18521871115275826,0,0,-0.36503795926356236,0.2736247910388186,0,0,1,0,0,1,1,0,0,1,0,0,Private
-1.73987059319968,0,0,0.009585203974617018,-1.5627550520471925,0,0,0,1,1,0,1,0,1,0,0,0,children
0.3478047912633292,0,0,2.5133536233682467,0.11952298602460797,0,0,0,1,1,0,1,0,0,0,1,0,Self-employed
0.7919910432767354,0,0,2.171759366238049,0.6331956694053099,0,0,1,0,0,1,0,1,0,0,1,0,Self-employed
-0.451730462360802,0,0,-1.1098508755240843,1.1982356211240832,0,0,0,1,0,1,1,0,0,0,1,0,Private
0.3033861660619886,0,0,-0.4634596660551313,-0.22720607525736602,0,0,1,0,0,1,1,0,0,0,1,0,Self-employed
-0.14080008595141763,0,0,-0.7808918375090202,0.44056841313754647,0,0,1,0,1,0,1,0,0,0,1,0,Govt_job
1.547107671699526,0,0,1.0853521928473293,-1.4471786982865342,0,0,1,0,0,1,1,0,0,0,1,0,Private
-1.8287078436023612,0,1,-0.9509131192863478,0.06815571768653746,0,0,0,1,1,0,0,1,1,0,0,0,children
1.6803635473035479,0,0,-0.5618813728467003,0.42772659605302965,0,0,1,0,0,1,0,1,0,0,1,0,Private
0.9252469188807573,0,0,-0.3484126709541757,-0.03457881898960265,0,0,0,1,0,1,1,0,0,0,1,0,Private
1.5915262969008666,0,0,-0.935839524552504,0.4534102302220642,0,0,1,0,0,1,0,1,0,0,1,0,Govt_job
-0.18521871115275826,0,0,-1.0730535707326416,1.6605410361667146,0,0,0,1,0,1,0,1,0,1,0,0,Private
0.7475724180753948,0,0,-0.9719718178115709,-0.12447153858122592,0,0,1,0,0,1,1,0,0,1,0,0,Govt_job
0.39222341646466985,0,0,0.03286060760775827,0.15804843727816073,0,0,1,0,0,1,1,0,1,0,0,0,Govt_job
-0.05196283554873638,0,0,-1.0276111160203183,-0.4455169656941649,0,0,1,0,0,1,0,1,0,0,1,0,Govt_job
1.5026890464981855,0,0,0.21064035726279975,0.517619315644652,0,0,1,0,0,1,1,0,1,0,0,0,Private
-0.40731183715946134,0,0,-0.5805016957532133,2.238422804970005,0,0,1,0,1,0,0,1,0,0,1,0,Govt_job
1.2805959204914823,1,0,2.571431297195704,0.145206620193643,1,0,1,0,0,1,0,1,0,0,1,0,Private
-0.807079463971527,0,0,-0.2721580152417887,0.24794115686978355,0,0,0,1,0,1,0,1,0,0,1,0,Private
0.3478047912633292,0,0,-0.6095405326669417,0.24794115686978355,0,0,0,1,0,1,1,0,0,0,1,0,Private
0.7475724180753948,0,0,-0.09859000529179203,0.5047774985601343,0,0,0,1,0,1,1,0,0,0,1,0,Private
0.7475724180753948,0,0,-0.8868503416675112,-0.175838806919296,0,0,1,0,0,1,0,1,1,0,0,0,Private
0.3033861660619886,0,0,-0.08329474004715637,-0.07310427024315541,0,0,1,0,0,1,0,1,1,0,0,0,Private
1.1029214196861197,0,1,2.6166520813972363,0.38920114479947643,1,0,0,1,0,1,0,1,0,1,0,0,Private
1.2361772952901415,0,1,-0.7281342559405667,0.44056841313754647,0,0,0,1,0,1,1,0,0,1,0,0,Govt_job
-0.807079463971527,0,0,-0.33555578132824976,-1.023398734497455,0,0,1,0,0,1,1,0,1,0,0,0,Private
-1.1180098403809113,0,0,1.382390677308371,2.5209427808293916,0,0,1,0,1,0,1,0,0,0,1,0,Private
-0.8959167143742082,0,0,-1.059088328552757,0.8258229256730732,0,0,1,0,1,0,1,0,0,0,1,0,Private
0.17013029045796674,0,0,-0.8294376793724293,0.06815571768653746,0,0,1,0,0,1,1,0,0,0,0,1,Self-employed
-0.4961490875621426,0,0,-0.8216792114947156,-0.4840424169477172,0,0,1,0,1,0,1,0,0,0,1,0,Private
-1.384521591588955,0,0,2.2535557847202314,-0.4455169656941649,0,0,1,0,1,0,1,0,0,0,0,1,children
1.191758670088801,0,0,-0.8806435673653402,0.15804843727816073,0,0,0,1,0,1,1,0,0,1,0,0,Private
-1.4289402167902956,0,0,0.34053927658680744,-0.3556242461025416,0,0,1,0,1,0,1,0,1,0,0,0,children
1.547107671699526,1,1,2.233162097727384,-0.09878790441219044,0,1,1,0,0,1,1,0,0,0,1,0,Private
0.08129304005528548,0,0,-0.7110656266095965,0.6717211206588631,0,0,1,0,0,1,0,1,0,0,1,0,Govt_job
0.43664204166601045,0,0,-0.49006012735014964,-0.27857334359543656,0,0,0,1,0,1,1,0,1,0,0,0,Govt_job
1.4138517960955042,1,0,-0.3758998142923615,1.6476992190821977,0,0,1,0,0,1,0,1,0,0,1,0,Govt_job
1.2361772952901415,0,0,2.4158185986198455,-0.09878790441219044,0,1,1,0,0,1,0,1,1,0,0,0,Private
0.7475724180753948,1,0,-0.4377458868032797,-0.4198333315251294,0,0,0,1,0,1,0,1,0,0,0,1,Private
-0.4961490875621426,0,0,2.070234272295395,-0.12447153858122592,0,0,1,0,1,0,1,0,0,0,1,0,Private
-0.7626608387701863,0,0,-0.30829030850085587,-0.5097260511167527,0,0,1,0,0,1,1,0,0,1,0,0,Private
0.5698979172700324,0,0,3.040264427520408,1.5834901336596099,0,0,1,0,0,1,0,1,0,0,1,0,Self-employed
-1.1624284655822519,0,0,0.17871980370877713,-0.7665623928071039,0,0,0,1,1,0,0,1,1,0,0,0,Self-employed
1.547107671699526,1,0,1.0328162817896673,0.37635932771495917,0,0,1,0,0,1,1,0,0,0,1,0,Self-employed
0.5254792920686917,0,0,-0.7141690137606821,-0.11162972149670818,0,0,0,1,0,1,1,0,0,0,0,1,Self-employed
-0.6738235883675051,0,0,-0.14890921124153586,-1.4471786982865342,0,0,1,0,1,0,1,0,0,0,1,0,Private
-1.6954519679983393,0,0,-0.3056302623713539,-1.4086532470329818,0,0,1,0,1,0,1,0,1,0,0,0,children
0.7031537928740542,0,0,-0.26351286532090756,1.7119083045047856,0,0,0,1,0,1,1,0,0,0,1,0,Private
0.9696655440820979,1,0,-0.5900335277172615,0.09383935185557295,0,0,0,1,0,1,1,0,1,0,0,0,Private
1.4138517960955042,0,0,2.2573241834036923,0.37635932771495917,0,0,1,0,0,1,1,0,0,0,1,0,Self-employed
-0.451730462360802,0,0,-0.6288258671058303,-0.3556242461025416,0,0,0,1,1,0,1,0,1,0,0,0,Private
0.9696655440820979,0,0,0.06677619575890706,0.5946702181517576,0,0,1,0,0,1,1,0,1,0,0,0,Private
0.08129304005528548,0,0,-0.5510195178179007,-0.7408787586380684,0,0,1,0,0,1,1,0,0,0,1,0,Private
0.258967540860648,0,0,0.03906738190992931,-0.09878790441219044,0,1,1,0,0,1,1,0,1,0,0,0,Private
0.39222341646466985,0,0,-0.8130340615738345,0.8129811085885564,0,0,1,0,0,1,1,0,0,0,1,0,Govt_job
-0.8959167143742082,0,0,-0.5851567764798414,-0.16299698983477823,0,0,1,0,1,0,0,1,0,0,1,0,Private
-0.007544210347395762,0,0,-0.5539012344581946,2.2127391708009703,0,0,1,0,0,1,0,1,0,0,1,0,Private
1.3694331708941636,0,0,-0.14580582409045034,-0.869296929483244,0,0,1,0,0,1,0,1,0,0,1,0,Self-employed
0.17013029045796674,0,0,0.8031656326093402,0.145206620193643,0,0,0,1,0,1,1,0,1,0,0,0,Private
0.5698979172700324,0,0,0.18669994209728272,-0.9720314661593845,0,0,1,0,0,1,1,0,0,0,1,0,Private
-1.6510333427969988,0,0,-0.5926935738467635,-1.4086532470329818,0,0,0,1,1,0,1,0,1,0,0,0,children
-1.6066147175956582,0,0,-0.1677512046588406,0.6588793035743453,0,0,1,0,1,0,0,1,1,0,0,0,children
-1.02917258997823,0,0,-0.0746495901262753,-1.3187605274413585,0,0,1,0,1,0,1,0,0,0,1,0,Private
0.39222341646466985,0,0,0.03330394862934214,-0.09878790441219044,0,0,1,0,0,1,0,1,0,0,1,0,Private
0.48106066686735105,0,0,-0.5437043909617706,-0.3170987948489893,0,0,0,1,0,1,0,1,0,1,0,0,Private
1.1473400448874604,0,0,-0.49294184399044355,-0.07310427024315541,0,0,1,0,0,1,0,1,0,1,0,0,Self-employed
0.43664204166601045,0,0,-0.6596380681058936,-0.201522441088331,0,0,0,1,0,1,0,1,0,0,1,0,Private
1.6359449221022073,0,0,-0.9165541901136155,2.071479182871277,1,0,1,0,0,1,0,1,0,0,1,0,Private
-1.8446985486748437,0,0,-1.098989020495285,-1.2673932591032886,0,0,0,1,1,0,1,0,1,0,0,0,children
0.08129304005528548,0,0,1.0634068122789389,1.0056083648563199,0,0,1,0,1,0,1,0,1,0,0,0,Private
0.3478047912633292,1,0,-0.658086374530351,0.4148847789685119,0,0,0,1,0,1,0,1,0,0,0,1,Private
-0.7182422135688457,0,0,-0.6438994618396744,3.2144009033933396,0,0,1,0,0,1,0,1,1,0,0,0,Private
1.6359449221022073,0,0,-0.6811401076527004,0.10668116894009023,0,0,1,0,0,1,0,1,1,0,0,0,Self-employed
-0.14080008595141763,0,0,-0.6135306018611947,0.8258229256730732,0,0,0,1,0,1,0,1,0,0,1,0,Private
1.2361772952901415,0,0,-0.45348449306949923,-0.15015517275026094,0,0,0,1,0,1,0,1,0,0,1,0,Private
-0.40731183715946134,0,0,0.16564124357205987,-0.16299698983477823,0,0,1,0,0,1,0,1,0,0,1,0,Private
1.1473400448874604,1,0,-0.7203757880628527,0.06815571768653746,0,0,0,1,0,1,1,0,0,0,1,0,Private
0.21454891565930734,0,0,-0.478533260788975,0.10668116894009023,1,0,0,1,1,0,0,1,0,0,1,0,Govt_job
0.08129304005528548,0,0,2.1473756100509487,-0.09878790441219044,0,1,1,0,0,1,0,1,0,0,1,0,Private
-1.384521591588955,0,0,0.1895816587375766,-0.6766696732154805,0,0,1,0,1,0,1,0,0,0,1,0,children
0.7475724180753948,0,0,-0.4474993892781201,0.7230883889969332,0,0,1,0,0,1,1,0,1,0,0,0,Private
-1.2512657159849332,0,0,-0.6028904173431872,-0.4840424169477172,0,0,0,1,1,0,1,0,1,0,0,0,Private
0.48106066686735105,0,0,0.1237455170324055,0.02963026643298515,0,0,0,1,0,1,0,1,0,1,0,0,Private
-0.40731183715946134,0,0,0.31637719091049876,0.5304611327291697,0,0,1,0,1,0,1,0,0,0,1,0,Govt_job
0.5698979172700324,0,1,-0.9116774388761955,-0.27857334359543656,0,0,1,0,0,1,1,0,0,1,0,0,Private
-0.8959167143742082,0,0,-0.9322927963798349,-0.4198333315251294,0,0,1,0,1,0,1,0,0,0,0,1,Private
-0.14080008595141763,0,0,-0.025438736730490828,-0.5097260511167527,0,0,0,1,0,1,0,1,1,0,0,0,Private
1.547107671699526,0,0,-0.04272903657225297,0.22225752270074853,0,0,1,0,1,0,0,1,1,0,0,0,Private
-0.05196283554873638,0,0,-0.1950166774862348,0.7616138402504855,0,0,1,0,0,1,0,1,0,1,0,0,Private
0.39222341646466985,0,0,-1.0233993763152738,2.816304573773295,0,0,1,0,0,1,1,0,1,0,0,0,Self-employed
-1.8589125087392728,0,0,-1.101205725603203,-0.7665623928071039,0,0,0,1,1,0,0,1,1,0,0,0,children
0.6143165424713729,0,0,-0.3379941569469598,0.6203538523207931,0,0,0,1,0,1,1,0,0,0,1,0,Private
1.191758670088801,1,1,-0.2697196396230786,0.8900320110956611,0,0,0,1,0,1,1,0,0,0,1,0,Private
0.39222341646466985,0,0,1.5098512210136688,0.8900320110956611,0,0,1,0,0,1,1,0,0,0,1,0,Private
-0.05196283554873638,0,0,-0.4896167863285661,-1.0619241857510073,0,0,1,0,0,1,0,1,0,0,1,0,Govt_job
0.7919910432767354,0,0,1.7370634945752863,-0.09878790441219044,0,1,0,1,0,1,0,1,1,0,0,0,Govt_job
1.4582704212968447,0,0,-0.2105336132416621,-0.4455169656941649,0,0,1,0,0,1,0,1,0,0,0,1,Govt_job
-0.3184745867567801,0,0,-1.1129542626751698,0.145206620193643,0,0,1,0,1,0,1,0,0,0,1,0,Private
-0.3184745867567801,0,0,-0.39695851281758465,0.7487720231659686,0,0,1,0,0,1,0,1,0,0,0,1,Private
1.1473400448874604,0,0,2.1557990894610377,0.6075120352362753,0,0,0,1,0,1,1,0,0,0,1,0,Self-employed
1.3250145456928228,0,0,-0.6503279066526371,-0.02173700190508536,0,0,0,1,0,1,1,0,1,0,0,0,Govt_job
0.48106066686735105,0,0,-0.5871518110769679,0.22225752270074853,0,0,1,0,0,1,0,1,0,1,0,0,Self-employed
-0.451730462360802,0,0,-0.5736299099186668,0.5946702181517576,0,0,1,0,0,1,0,1,0,0,1,0,Private
-0.05196283554873638,0,0,1.9097448224821154,-0.12447153858122592,0,0,1,0,0,1,0,1,0,0,1,0,Private
-0.05196283554873638,0,0,-0.3011968521555174,0.6845629377433808,0,0,1,0,0,1,0,1,1,0,0,0,Private
1.547107671699526,0,0,-0.6461161669475926,0.7359302060814509,0,0,1,0,1,0,1,0,0,0,1,0,Govt_job
-0.096381460750077,0,0,-0.35262441065922023,0.5433029498136875,0,0,1,0,0,1,1,0,0,1,0,0,Private
1.3250145456928228,0,0,-0.37257475663048406,-1.0619241857510073,0,0,1,0,0,1,1,0,0,0,0,1,Private
0.08129304005528548,0,0,0.10379517106114138,-0.5354096852857877,0,0,1,0,0,1,0,1,0,0,0,1,Private
-1.02917258997823,0,0,0.21950717769447245,0.04247208351750244,0,0,1,0,1,0,0,1,0,0,1,0,Private
1.4138517960955042,0,0,-0.5829400713719234,0.003946632263949666,0,0,0,1,0,1,1,0,1,0,0,0,Govt_job
0.6587351676727136,0,0,-0.5206506578394213,-0.09878790441219044,1,1,0,1,0,1,0,1,0,0,0,1,Private
-1.6510333427969988,0,0,-0.3366641338822091,-1.5755968691317097,0,0,0,1,1,0,0,1,1,0,0,0,children
-1.6954519679983393,0,0,-0.08684146821982544,-1.2288678078497357,0,0,0,1,1,0,0,1,1,0,0,0,children
0.9696655440820979,0,0,2.062697474928473,0.5561447668982052,0,0,0,1,0,1,1,0,0,1,0,0,Private
-0.9847539647768895,0,0,-0.3464176363570492,0.003946632263949666,0,0,1,0,1,0,0,1,0,0,0,1,Private
-1.1180098403809113,0,0,-0.04095567248591843,-0.7151951244690333,0,0,0,1,1,0,1,0,0,0,1,0,Private
0.43664204166601045,0,0,-0.9225392939049946,1.6220155849131623,1,0,1,0,0,1,0,1,0,0,1,0,Govt_job
0.17013029045796674,0,0,-0.9043623120200653,0.5561447668982052,0,0,0,1,0,1,0,1,0,0,1,0,Govt_job
0.3478047912633292,0,0,-0.8383044998041023,0.06815571768653746,0,0,1,0,0,1,1,0,0,0,0,1,Self-employed
-1.2068470907835926,0,0,-0.18969658522723087,0.22225752270074853,0,0,0,1,1,0,1,0,0,0,1,0,Private
0.9696655440820979,1,0,0.17894147421956907,0.9670829136027665,0,0,0,1,0,1,0,1,0,0,1,0,Self-employed
-0.4961490875621426,0,0,0.05414097664377336,-1.0876078199200427,0,0,1,0,1,0,0,1,1,0,0,0,Govt_job
0.6143165424713729,0,0,-0.7553997287679609,0.8129811085885564,0,0,0,1,0,1,0,1,0,0,0,1,Govt_job
1.4582704212968447,1,0,-0.6008953827460607,-0.7151951244690333,0,0,1,0,0,1,0,1,0,0,1,0,Self-employed
1.6359449221022073,0,0,2.604016862282102,-0.4455169656941649,0,0,1,0,0,1,0,1,0,0,1,0,Self-employed
-0.096381460750077,0,0,0.1312823143993272,1.2881283407157056,0,0,0,1,0,1,0,1,0,1,0,0,Private
0.03687441485394486,0,0,0.035963994758843786,2.3668409758151805,0,0,1,0,0,1,1,0,0,0,1,0,Private
-1.6954519679983393,0,0,0.9472514646240244,-1.0619241857510073,0,0,0,1,1,0,0,1,1,0,0,0,children
0.6143165424713729,0,0,1.4227347102724826,-0.3941496973560944,0,0,1,0,0,1,1,0,0,0,1,0,Private
-0.5849863379648238,0,0,-0.9391645822143813,-0.11162972149670818,0,0,0,1,1,0,0,1,0,0,1,0,Private
-0.14080008595141763,0,0,-0.261961171745365,-0.6766696732154805,0,0,1,0,0,1,0,1,0,0,1,0,Private
0.43664204166601045,0,0,-0.8988205492502698,0.003946632263949666,0,0,0,1,1,0,1,0,1,0,0,0,Private
1.1473400448874604,1,0,1.711349715323435,0.9799247306872844,1,0,0,1,1,0,1,0,0,0,1,0,Private
1.1473400448874604,0,0,-0.15223426890341302,-0.6381442219619283,0,0,0,1,0,1,0,1,0,1,0,0,Private
-0.3184745867567801,0,0,0.18559158954332367,-0.9720314661593845,0,0,1,0,0,1,1,0,0,0,0,1,Private
-1.4289402167902956,0,0,0.4114738400401903,0.49193568147561745,0,0,0,1,1,0,0,1,1,0,0,0,children
0.9696655440820979,0,0,-0.5481378011776071,0.15804843727816073,0,0,0,1,0,1,0,1,0,0,0,1,Private
0.5254792920686917,0,0,0.12352384652161355,0.6075120352362753,0,0,0,1,0,1,1,0,0,0,1,0,Self-employed
0.5698979172700324,0,1,-0.3080686379900639,-0.7151951244690333,0,0,1,0,0,1,0,1,0,0,0,1,Private
-1.2068470907835926,0,0,-0.23070562972371814,0.6974047548278977,0,0,1,0,1,0,1,0,0,1,0,0,Private
0.1257116652566261,0,0,-1.0207393301857717,0.0809975347710552,0,0,0,1,0,1,0,1,0,0,0,1,Private
-1.6954519679983393,0,0,-0.1845981634790192,-1.4471786982865342,0,0,0,1,1,0,0,1,1,0,0,0,children
-1.8287078436023612,0,0,-0.06356606458668419,-1.4471786982865342,0,0,1,0,1,0,0,1,1,0,0,0,children
-0.5405677127634833,0,0,-0.8097090039119571,-0.9078223807367968,0,0,1,0,0,1,1,0,0,1,0,0,Private
-1.8518055287070585,0,0,0.13815410023387373,-1.023398734497455,0,0,0,1,1,0,1,0,1,0,0,0,children
-0.7182422135688457,0,0,0.15943446926988883,2.0329537316177246,0,0,0,1,1,0,0,1,0,0,1,0,Private
-0.40731183715946134,0,0,-0.5374976166595996,0.37635932771495917,0,0,0,1,1,0,1,0,0,1,0,0,Self-employed
-1.1624284655822519,0,0,-0.23314400534242818,-1.485704149540087,0,0,0,1,1,0,1,0,1,0,0,0,Private
-0.9847539647768895,0,0,0.5180973557310568,0.7102465719124154,0,0,1,0,1,0,0,1,1,0,0,0,Private
0.6143165424713729,0,0,-0.8383044998041023,-0.12447153858122592,0,0,0,1,0,1,0,1,0,0,1,0,Self-employed
1.2361772952901415,1,1,2.4639210994616705,0.26078297395430083,1,0,0,1,1,0,1,0,0,0,1,0,Govt_job
-1.8784567038278626,0,0,-0.45237614051554015,-0.7023533073845161,0,0,0,1,1,0,0,1,1,0,0,0,children
-0.3184745867567801,0,0,-0.1345006280400673,-0.8436132953142089,0,0,1,0,0,1,0,1,0,0,0,1,Private
1.191758670088801,0,1,-0.8890670467754294,-0.09878790441219044,0,1,1,0,0,1,1,0,1,0,0,0,Self-employed
-0.05196283554873638,0,0,-1.1209344010636753,-0.24004789234188378,0,0,0,1,0,1,0,1,0,0,1,0,Private
-1.73987059319968,0,0,-0.2553110564216104,-1.9094841133291665,0,0,1,0,1,0,0,1,1,0,0,0,children
-1.9139916039889353,0,0,0.7510730625732615,-1.896642296244649,0,0,1,0,1,0,0,1,1,0,0,0,children
0.3033861660619886,1,0,-0.5776199791129194,-0.4326751486096472,0,0,0,1,0,1,1,0,0,0,0,1,Govt_job
-0.007544210347395762,0,0,-0.07287622603994075,2.7392536712661903,0,0,1,0,0,1,1,0,0,0,1,0,Private
-1.873126468803702,0,0,-0.09925501682416753,-1.3572859786949114,0,0,0,1,1,0,0,1,1,0,0,0,children
0.03687441485394486,0,0,-0.4814149774292689,-0.9848732832439023,0,0,1,0,0,1,0,1,0,0,0,1,Private
-1.02917258997823,0,0,-0.5656497715301613,-0.12447153858122592,0,0,1,0,1,0,0,1,0,0,1,0,Private
1.5915262969008666,0,1,2.6864782922966595,0.11952298602460797,1,0,1,0,0,1,0,1,0,0,1,0,Private
-1.02917258997823,0,0,-0.11056021287455056,2.187055536631935,0,0,0,1,1,0,1,0,0,0,1,0,Private
0.48106066686735105,1,0,2.0593724172665953,-0.09878790441219044,0,1,0,1,0,1,1,0,0,0,0,1,Private
1.0585027944847791,0,1,-0.21962210418412703,0.38920114479947643,0,0,0,1,0,1,1,0,1,0,0,0,Self-employed
1.547107671699526,0,0,-0.5696398407244139,-0.9078223807367968,0,0,0,1,0,1,1,0,0,0,1,0,Private
-0.7182422135688457,0,0,-0.23691240402588917,-0.5867769536238577,0,0,0,1,1,0,0,1,0,1,0,0,Govt_job
-0.9847539647768895,0,0,-0.2865665984432572,-0.7280369415535511,0,0,0,1,1,0,1,0,0,0,1,0,Private
-0.40731183715946134,0,0,-0.36525962977435394,1.0826592673634243,0,0,1,0,0,1,1,0,0,1,0,0,Private
-0.6738235883675051,0,0,0.576618370580098,0.18373207144719578,0,0,1,0,0,1,1,0,0,0,1,0,Private
1.6803635473035479,0,0,1.3941392143803375,-0.7023533073845161,0,0,0,1,1,0,0,1,0,1,0,0,Private
-0.9847539647768895,0,0,-0.28634492793246524,-0.06026245315863813,0,0,0,1,1,0,1,0,0,0,0,1,Private
-1.73987059319968,0,0,-0.04494574168017106,-1.6654895887233327,0,0,0,1,1,0,1,0,1,0,0,0,children
-0.8959167143742082,0,0,-0.9715284767899872,-0.8821387465677617,0,0,0,1,1,0,0,1,0,0,0,1,Private
1.5915262969008666,0,0,-0.6250574684223693,0.5304611327291697,0,0,1,0,1,0,0,1,0,0,1,0,Self-employed
-0.5405677127634833,0,0,-0.04960082240679951,-1.074766002835525,0,0,1,0,0,1,1,0,0,1,0,0,Govt_job
1.5915262969008666,0,0,-0.6968787139189199,-0.047420636074120386,0,0,1,0,0,1,0,1,0,1,0,0,Self-employed
0.7031537928740542,0,0,2.120553478245138,1.9173773778570657,0,0,1,0,0,1,1,0,0,0,0,1,Self-employed
0.9696655440820979,0,0,-0.431317441990317,0.5433029498136875,0,0,1,0,1,0,1,0,0,0,1,0,Self-employed
1.5915262969008666,0,0,-0.5893685161848861,0.4790938643910997,0,0,1,0,1,0,0,1,0,0,1,0,Self-employed
1.7247821725048884,0,0,2.4778863416415553,0.5946702181517576,0,0,0,1,0,1,0,1,0,1,0,0,Private
0.03687441485394486,0,0,-0.04450240065858751,2.687886402928119,0,0,1,0,1,0,1,0,0,1,0,0,Private
1.547107671699526,0,0,-0.5007003118681572,-0.9848732832439023,0,0,0,1,0,1,1,0,0,1,0,0,Private
-0.9403353395755488,1,0,-0.7662615837967601,1.429388328645399,0,0,1,0,1,0,0,1,0,0,1,0,Private
1.2361772952901415,0,0,-0.21607537601145765,2.0843209999557946,0,0,0,1,0,1,0,1,0,1,0,0,Self-employed
-0.8514980891728676,0,0,-0.747641260890247,0.17089025436267802,0,0,1,0,1,0,1,0,0,1,0,0,Private
0.3478047912633292,0,0,0.2294823506801045,-1.023398734497455,0,0,1,0,1,0,1,0,0,0,1,0,Govt_job
-0.3184745867567801,0,0,-0.6396877221346295,-0.9335060149058317,0,0,1,0,0,1,0,1,0,0,1,0,Private
0.8364096684780761,0,1,-1.0967723153873667,-0.5867769536238577,0,0,0,1,0,1,0,1,0,1,0,0,Self-employed
1.191758670088801,0,0,1.952748901575729,-0.5867769536238577,0,0,0,1,0,1,1,0,1,0,0,0,Self-employed
-0.14080008595141763,0,0,-0.43641586373852903,-0.6381442219619283,0,0,1,0,1,0,0,1,1,0,0,0,Private
1.6359449221022073,0,0,-0.6476678605231354,0.6717211206588631,1,0,1,0,0,1,0,1,0,0,1,0,Self-employed
-0.3184745867567801,0,0,0.5240824595224362,0.10668116894009023,0,0,1,0,0,1,1,0,0,0,1,0,Govt_job
0.08129304005528548,0,0,-0.7208191290844367,-0.8564551123987267,0,0,1,0,0,1,0,1,0,0,0,1,Private
1.3694331708941636,0,0,2.1941480878280233,1.532122865321539,0,0,1,0,1,0,0,1,0,0,1,0,Self-employed
0.1257116652566261,0,0,0.14413920402525315,-0.6895114902999984,0,0,1,0,1,0,1,0,1,0,0,0,Govt_job
1.1473400448874604,1,0,2.903937063383437,0.8771901940111442,0,0,0,1,0,1,1,0,0,1,0,0,Self-employed
1.0585027944847791,0,0,-0.867121666207039,0.7872974744195209,0,0,0,1,0,1,0,1,0,0,0,1,Govt_job
0.7919910432767354,1,0,-0.6578647040195591,-0.201522441088331,1,0,0,1,0,1,1,0,0,0,0,1,Self-employed
-0.2740559615554395,0,0,2.467689498145132,0.02963026643298515,0,0,1,0,0,1,0,1,0,0,1,0,Private
1.2805959204914823,0,0,-0.7469762493578714,-0.09878790441219044,0,1,0,1,0,1,1,0,0,0,0,1,Self-employed
0.1257116652566261,0,0,0.015126966744412568,-0.21436425817284874,0,0,1,0,0,1,1,0,1,0,0,0,Private
0.258967540860648,0,0,-0.9801736267108683,1.1597101698705299,0,0,1,0,0,1,1,0,0,1,0,0,Private
1.6803635473035479,1,1,-1.0347045723656565,-1.04908236866649,0,0,1,0,0,1,0,1,0,1,0,0,Self-employed
-1.4733588419916364,0,0,-0.2770347664792087,-1.0619241857510073,0,0,1,0,1,0,1,0,1,0,0,0,children
1.547107671699526,1,1,0.013796943679661585,-0.201522441088331,0,0,0,1,0,1,1,0,0,0,1,0,Self-employed
0.6587351676727136,0,0,-0.6279391850626632,-0.16299698983477823,0,0,1,0,0,1,1,0,0,0,1,0,Govt_job
0.48106066686735105,1,0,2.5375157090445555,-0.11162972149670818,0,0,0,1,0,1,0,1,0,1,0,0,Private
1.547107671699526,0,0,-0.5729648983862913,-0.27857334359543656,0,0,1,0,0,1,0,1,0,0,1,0,Private
0.48106066686735105,0,0,-0.7033071587318825,-0.09878790441219044,0,1,0,1,0,1,1,0,0,0,1,0,Private
-1.7842892184010206,0,0,-0.37678649633552863,-0.9463478319903496,0,0,1,0,1,0,0,1,1,0,0,0,children
1.4582704212968447,0,0,-0.21164196579562147,-0.4455169656941649,0,0,1,0,0,1,1,0,0,0,1,0,Private
-0.6294049631661645,0,0,-0.7374444173938233,0.6460374864898276,0,0,1,0,0,1,1,0,0,0,1,0,Private
-0.8959167143742082,1,0,-0.7926403745809869,6.309278820762072,0,0,1,0,1,0,0,1,0,0,0,1,Private
-0.096381460750077,0,0,-0.15378596247895593,-0.548251502370305,0,0,1,0,0,1,0,1,0,0,1,0,Self-employed
1.6359449221022073,0,0,-0.5811667072855888,-0.2528897094264015,0,0,1,0,0,1,0,1,0,0,1,0,Private
-1.02917258997823,0,0,-0.2958767598965138,0.5818284010672398,0,0,1,0,1,0,0,1,0,0,1,0,Private
1.6803635473035479,0,0,-0.6261658209763284,0.6331956694053099,0,0,1,0,0,1,0,1,1,0,0,0,Private
1.1029214196861197,1,0,-0.5762899560481685,0.10668116894009023,1,0,1,0,1,0,0,1,0,0,1,0,Self-employed
-1.1180098403809113,0,0,0.016678660319955487,-0.24004789234188378,0,0,0,1,1,0,0,1,0,0,1,0,Govt_job
-1.7842892184010206,0,0,-0.6106488852209011,-1.6269641374697803,0,0,0,1,1,0,1,0,1,0,0,0,children
-0.007544210347395762,1,0,-1.082807073207482,2.110004634124829,0,0,1,0,0,1,1,0,1,0,0,0,Govt_job
0.03687441485394486,0,0,-0.4353075111845697,-0.9720314661593845,0,0,1,0,0,1,1,0,0,0,1,0,Private
-1.6510333427969988,0,0,0.3901934710041755,-1.7553823083149558,0,0,0,1,1,0,0,1,1,0,0,0,children
1.5915262969008666,1,0,-0.5035820285084511,-0.3042569777644716,0,0,0,1,0,1,0,1,0,0,0,1,Self-employed
0.48106066686735105,1,0,-0.1256338076083943,0.44056841313754647,0,0,0,1,0,1,1,0,0,1,0,0,Govt_job
-0.5405677127634833,0,0,0.43430590265174795,-0.5739351365393405,0,0,1,0,0,1,0,1,0,0,0,1,Private
-0.007544210347395762,0,0,-0.0895015143493274,-0.27857334359543656,0,0,1,0,1,0,1,0,0,0,0,1,Private
-1.9104381139728281,0,0,-0.7979604668399904,-2.037902284174342,0,0,0,1,1,0,1,0,1,0,0,0,children
-1.8446985486748437,0,0,-0.5164389181343767,-1.7682241253994733,0,0,1,0,1,0,1,0,1,0,0,0,children
-0.9847539647768895,0,0,-0.32380724425628316,-0.40699151444061216,0,0,1,0,1,0,0,1,0,0,1,0,Self-employed
-0.36289321195812074,0,0,-0.33865916847933525,-0.27857334359543656,0,0,0,1,0,1,1,0,0,0,1,0,Private
-1.384521591588955,0,0,-0.6545396463576817,-1.074766002835525,0,0,0,1,1,0,0,1,0,0,1,0,children
-1.2512657159849332,0,0,-1.1082991819485415,-0.9720314661593845,0,0,0,1,1,0,0,1,0,0,1,0,Private
1.2361772952901415,0,0,0.08739155326254666,0.003946632263949666,0,0,0,1,0,1,1,0,0,0,1,0,Private
-0.096381460750077,1,1,-0.25087764620577385,1.9302191949415834,0,0,0,1,0,1,0,1,0,0,1,0,Private
-1.9033311339406134,0,0,-1.1067474883729986,-1.6526477716388153,0,0,1,0,1,0,1,0,1,0,0,0,children
-1.8784567038278626,0,0,-0.33622079286062523,-0.8307714782296917,0,0,0,1,1,0,0,1,1,0,0,0,children
0.17013029045796674,0,0,-0.4457260251917853,1.3780210603073288,0,0,0,1,0,1,0,1,0,0,1,0,Self-employed
-1.2956843411862737,0,0,-1.0608616926390915,0.26078297395430083,1,0,1,0,1,0,1,0,1,0,0,0,children
-0.18521871115275826,0,0,-0.6261658209763284,0.49193568147561745,0,0,1,0,0,1,0,1,1,0,0,0,Private
-0.096381460750077,0,0,0.0024917476292788633,-0.15015517275026094,0,0,0,1,0,1,1,0,1,0,0,0,Self-employed
-1.7842892184010206,0,0,-0.9008155838473959,-1.7682241253994733,0,0,1,0,1,0,0,1,1,0,0,0,children
-1.4289402167902956,0,0,-0.24422753088201926,-0.7922460269761389,0,0,1,0,1,0,1,0,1,0,0,0,children
-1.2956843411862737,0,0,-0.4958235606307372,-0.02173700190508536,0,0,1,0,1,0,0,1,0,0,1,0,Private
-1.0735912151795706,0,0,-1.0726102297110582,-0.7665623928071039,0,0,1,0,1,0,1,0,1,0,0,0,Private
-1.384521591588955,0,0,-0.4392975803788226,0.8771901940111442,0,0,1,0,1,0,1,0,1,0,0,0,children
-0.3184745867567801,0,0,-0.7454245557823289,-0.7280369415535511,0,0,1,0,0,1,0,1,0,0,1,0,Private
-0.3184745867567801,0,0,2.4643644404832545,0.7230883889969332,0,0,1,0,1,0,0,1,1,0,0,0,Private
-1.5621960923943174,0,0,-0.3758998142923615,-1.3316023445258762,0,0,0,1,1,0,0,1,1,0,0,0,children
1.547107671699526,0,0,-1.0825854026966901,-0.3684660631870594,0,0,1,0,0,1,0,1,1,0,0,0,Self-employed
1.6359449221022073,0,1,-0.8258909511997602,-0.5996187707083755,1,0,0,1,0,1,0,1,0,0,0,1,Private
1.2361772952901415,0,0,1.95407892464048,-0.8307714782296917,1,0,1,0,0,1,1,0,0,0,0,1,Govt_job
-1.8695729787875948,0,0,1.3715288222795716,-1.3059187103568413,0,0,0,1,1,0,0,1,1,0,0,0,children
0.258967540860648,0,0,-0.7950787501996969,2.4053664270687336,0,0,1,0,0,1,0,1,0,0,1,0,Govt_job
0.6143165424713729,0,0,0.4985903507813765,0.6845629377433808,0,0,1,0,0,1,1,0,0,0,1,0,Self-employed
-1.6954519679983393,0,0,-1.0236210468260654,-1.5113877837091219,0,0,1,0,1,0,1,0,1,0,0,0,children
-1.86246599875538,0,0,-0.6308209017029568,-1.2417096249342534,0,0,1,0,1,0,1,0,1,0,0,0,children
-0.14080008595141763,0,0,-0.42134226900468497,0.8515065598421088,0,0,1,0,0,1,0,1,0,0,0,1,Private
-0.40731183715946134,0,0,-0.7347843712643213,0.4534102302220642,0,0,0,1,0,1,1,0,0,0,1,0,Private
-0.05196283554873638,0,0,-0.5020303349329082,-0.6638278561309633,0,0,0,1,0,1,0,1,0,0,1,0,Private
1.0585027944847791,0,0,-0.8261126217105521,-0.34278242901802436,0,0,0,1,0,1,0,1,0,0,1,0,Self-employed
-0.9403353395755488,0,0,0.3615979751120303,-0.6766696732154805,0,0,0,1,1,0,0,1,0,0,0,1,Private
0.6143165424713729,0,0,-0.2825765292490043,0.04247208351750244,0,0,0,1,0,1,0,1,0,0,1,0,Private
1.7247821725048884,0,0,-0.1353873100832344,-0.8564551123987267,0,0,1,0,0,1,0,1,1,0,0,0,Private
0.6143165424713729,0,0,-0.646559507969176,-0.08594608732767316,0,0,0,1,0,1,1,0,0,0,1,0,Govt_job
0.9696655440820979,0,0,1.762112262294762,0.4020429618839942,0,0,1,0,0,1,1,0,0,0,0,1,Private
-0.36289321195812074,0,0,0.07187461750711906,-1.2031841736807007,0,0,1,0,0,1,0,1,0,1,0,0,Private
-0.807079463971527,0,0,1.673887398999617,0.8900320110956611,0,0,1,0,1,0,0,1,0,0,1,0,Private
-0.007544210347395762,0,0,-0.8168024602572955,-0.2657315265109188,0,0,1,0,0,1,1,0,0,0,1,0,Private
-0.4961490875621426,0,0,-0.5862651290338005,-0.3042569777644716,0,0,1,0,1,0,0,1,0,1,0,0,Private
0.5698979172700324,0,0,-0.5217590103933804,0.2094157056162308,0,0,0,1,0,1,0,1,0,1,0,0,Private
1.4582704212968447,0,0,0.013796943679661585,-0.09878790441219044,1,1,1,0,0,1,0,1,0,1,0,0,Self-employed
1.3250145456928228,1,0,1.9773543282736215,0.5047774985601343,1,0,0,1,0,1,0,1,0,0,1,0,Self-employed
0.39222341646466985,1,0,-0.5488028127099827,0.4790938643910997,0,0,1,0,0,1,1,0,0,0,1,0,Private
-0.5405677127634833,0,0,-0.17750470713368072,-0.8050878440606561,0,0,0,1,1,0,0,1,0,0,0,1,Private
-0.6294049631661645,0,0,-0.751409659573708,-0.16299698983477823,0,0,1,0,1,0,0,1,0,0,1,0,Private
-1.1180098403809113,0,0,-0.0850681041334909,2.1998973537164526,0,0,1,0,1,0,0,1,0,1,0,0,Private
0.08129304005528548,0,0,-0.8961605031207678,1.3394956090537755,0,0,1,0,0,1,0,1,0,0,1,0,Private
-1.6510333427969988,0,0,-0.32668896089657706,-0.869296929483244,0,0,1,0,1,0,0,1,1,0,0,0,children
1.5915262969008666,0,1,-0.19945008770207098,-0.5354096852857877,0,0,0,1,0,1,0,1,1,0,0,0,Self-employed
0.3478047912633292,0,0,-0.867121666207039,0.0809975347710552,0,0,1,0,1,0,1,0,0,0,1,0,Private
1.7247821725048884,0,1,-0.046719105766505606,-0.496884234032235,1,0,0,1,0,1,1,0,0,0,1,0,Govt_job
-0.14080008595141763,0,0,2.4652511225264213,0.06815571768653746,0,0,1,0,1,0,1,0,0,1,0,0,Private
-0.6294049631661645,0,0,-1.0810337091211473,1.8146428411809257,0,0,1,0,1,0,1,0,0,1,0,0,Govt_job
-0.4961490875621426,0,0,0.005151793758780513,-0.5097260511167527,0,0,1,0,0,1,1,0,0,0,0,1,Private
1.6359449221022073,0,0,-0.03696560329166548,-0.6895114902999984,1,0,0,1,0,1,1,0,0,0,1,0,Self-employed
-0.40731183715946134,0,0,-0.7893153169191094,-0.5097260511167527,0,0,1,0,0,1,1,0,1,0,0,0,Govt_job
0.3478047912633292,0,1,-0.10701348470188149,0.5818284010672398,0,0,1,0,0,1,0,1,0,0,1,0,Self-employed
0.8364096684780761,0,0,-0.17151960334230162,-0.12447153858122592,0,0,1,0,0,1,1,0,0,0,1,0,Private
-0.9847539647768895,0,0,-0.6044421109187301,-0.21436425817284874,0,0,0,1,1,0,1,0,0,0,1,0,Private
-1.2512657159849332,0,0,0.8208992734726855,-0.16299698983477823,0,0,0,1,1,0,1,0,0,0,1,0,Govt_job
0.9696655440820979,0,0,-0.21962210418412703,-0.047420636074120386,0,0,0,1,0,1,0,1,0,0,1,0,Self-employed
-0.007544210347395762,0,0,-0.21031194273087048,-0.09878790441219044,0,0,1,0,0,1,0,1,0,0,0,1,Private
0.1257116652566261,0,0,-0.32602394936420154,-0.15015517275026094,0,0,0,1,0,1,0,1,0,0,1,0,Private
-0.3184745867567801,0,0,2.1340753794034395,-0.5739351365393405,0,0,1,0,0,1,0,1,0,0,1,0,Self-employed
0.8364096684780761,0,0,2.3681594387996037,0.8900320110956611,0,0,1,0,0,1,0,1,0,0,1,0,Private
0.3033861660619886,0,0,-1.0437930633081212,1.2881283407157056,0,0,0,1,0,1,0,1,0,0,0,1,Private
1.547107671699526,0,0,-1.0466747799484148,-0.5996187707083755,1,0,1,0,0,1,0,1,1,0,0,0,Private
0.8364096684780761,0,0,0.5491312272419119,0.9285574623492143,0,0,0,1,0,1,0,1,1,0,0,0,Self-employed
0.9252469188807573,0,1,-0.5075720977027037,0.0809975347710552,0,0,0,1,0,1,1,0,0,0,1,0,Private
1.5915262969008666,0,0,-0.8912837518833477,-0.3556242461025416,0,0,1,0,0,1,1,0,1,0,0,0,Self-employed
-0.451730462360802,0,0,-1.0792603450348128,0.5433029498136875,0,0,1,0,0,1,1,0,0,0,1,0,Private
0.258967540860648,0,0,-0.10568346163713051,-0.5996187707083755,0,0,1,0,0,1,0,1,0,0,0,1,Private
-0.5405677127634833,0,0,-0.598235336616559,-0.02173700190508536,0,0,0,1,1,0,0,1,0,0,0,1,Private
-0.40731183715946134,0,0,-0.5536795639474027,0.5561447668982052,0,0,0,1,0,1,0,1,0,0,1,0,Private
-0.5405677127634833,0,0,-0.5758466150265849,-0.3170987948489893,0,0,0,1,0,1,0,1,0,0,1,0,Private
0.08129304005528548,0,0,-0.1921349608459409,0.04247208351750244,0,0,0,1,0,1,1,0,0,0,1,0,Private
0.6143165424713729,0,1,2.467024486612756,-0.09878790441219044,1,1,0,1,1,0,0,1,1,0,0,0,Govt_job
1.191758670088801,0,0,-0.1633177944430041,0.9670829136027665,0,0,1,0,1,0,0,1,0,1,0,0,Self-employed
-0.6738235883675051,0,0,1.4120945257544752,-0.21436425817284874,0,0,0,1,0,1,1,0,1,0,0,0,Private
0.7475724180753948,0,0,1.7716440942588105,-0.09878790441219044,0,1,0,1,0,1,0,1,1,0,0,0,Self-employed
1.0585027944847791,1,0,3.497349020773145,-0.3299406119335066,0,0,1,0,0,1,1,0,0,0,1,0,Govt_job
-0.18521871115275826,0,0,0.07187461750711906,-0.5097260511167527,0,0,1,0,0,1,0,1,1,0,0,0,Govt_job
0.03687441485394486,0,0,-0.052039198025509534,-0.11162972149670818,0,0,0,1,1,0,0,1,0,0,1,0,Private
1.4582704212968447,0,0,-0.5195423052854623,1.2881283407157056,0,0,0,1,0,1,0,1,0,0,1,0,Govt_job
1.5026890464981855,0,0,-1.0681768194952217,0.42772659605302965,0,0,0,1,0,1,0,1,1,0,0,0,Self-employed
-1.6954519679983393,0,0,-0.9163325196028235,-0.9206641978213145,0,0,1,0,1,0,1,0,1,0,0,0,children
-0.9403353395755488,0,0,-0.42688403177448053,-1.0362405515819724,0,0,0,1,1,0,1,0,0,0,1,0,Private
1.1029214196861197,0,0,-0.7693649709478456,-0.9463478319903496,0,0,1,0,0,1,0,1,0,0,1,0,Self-employed
-0.7626608387701863,0,0,-0.12142206790334972,1.2496028894621531,0,0,1,0,1,0,0,1,0,0,1,0,Private
0.43664204166601045,1,0,2.4625910763969197,0.32499205937688863,0,0,1,0,0,1,1,0,0,0,0,1,Private
-1.1624284655822519,0,0,-0.6206240582065329,-0.6766696732154805,0,0,0,1,1,0,1,0,1,0,0,0,Private
1.547107671699526,0,1,0.11066695689568791,-0.7665623928071039,0,0,1,0,1,0,0,1,0,0,1,0,Self-employed
-1.02917258997823,0,0,-0.7720250170773476,-0.09878790441219044,0,1,0,1,1,0,1,0,1,0,0,0,Private
1.4582704212968447,0,1,-0.09659497069466556,0.02963026643298515,0,0,0,1,0,1,1,0,1,0,0,0,Self-employed
-1.86246599875538,0,0,0.6910003541486781,-1.7553823083149558,0,0,1,0,1,0,1,0,1,0,0,0,children
-0.5849863379648238,0,0,-0.14602749460124195,0.466252047306582,0,0,1,0,0,1,1,0,0,0,1,0,Private
0.48106066686735105,1,0,0.23613246600385912,-0.5610933194548228,0,0,0,1,0,1,1,0,0,0,1,0,Private
-1.6954519679983393,0,0,-0.6634064667893547,-1.1389750882581129,0,0,1,0,1,0,0,1,1,0,0,0,children
1.5915262969008666,1,0,-0.6820267896958678,-0.09878790441219044,1,1,0,1,0,1,1,0,0,0,1,0,Private
-0.6738235883675051,0,0,-0.7223708226599792,-0.3042569777644716,0,0,1,0,1,0,0,1,0,0,0,1,Private
-0.36289321195812074,0,0,-0.803502229609786,-0.18868062400381372,0,0,0,1,1,0,1,0,0,0,1,0,Private
-0.6738235883675051,0,0,-0.4432876495730752,-0.27857334359543656,0,0,0,1,1,0,1,0,1,0,0,0,Private
0.5698979172700324,0,0,1.11705107589056,-0.4583587827786822,0,0,0,1,0,1,1,0,0,0,0,1,Private
0.5698979172700324,0,0,1.251161734919612,-0.201522441088331,1,0,1,0,0,1,1,0,1,0,0,0,Govt_job
-0.5405677127634833,0,0,-0.5541229049689862,-0.02173700190508536,0,0,1,0,0,1,1,0,1,0,0,0,Private
-1.517777467192977,0,0,0.3549478597882757,-1.3059187103568413,0,0,0,1,1,0,1,0,1,0,0,0,children
-0.007544210347395762,0,0,0.8053823377172582,-0.06026245315863813,0,0,1,0,0,1,1,0,0,0,0,1,Private
-0.9403353395755488,0,0,0.726245965364578,-0.6253024048774105,0,0,0,1,0,1,0,1,0,0,1,0,Private
1.4138517960955042,0,0,-0.2628478537885321,-0.5739351365393405,0,0,0,1,0,1,1,0,0,1,0,0,Govt_job
-1.8287078436023612,0,0,-0.7877636233435668,-1.5242296007936396,0,0,1,0,1,0,1,0,1,0,0,0,children
-0.096381460750077,0,0,-0.41513549470251393,0.145206620193643,0,0,1,0,0,1,0,1,0,0,1,0,Private
-0.5405677127634833,0,0,-0.6642931488325221,0.02963026643298515,0,0,1,0,0,1,1,0,0,0,1,0,Private
0.6143165424713729,0,1,-0.649219554098678,0.04247208351750244,0,0,0,1,0,1,0,1,0,1,0,0,Private
0.7919910432767354,0,1,0.32524401134217146,1.0184501819408367,1,0,1,0,0,1,1,0,0,0,0,1,Govt_job
0.8364096684780761,0,0,-0.4297657484147741,0.4790938643910997,0,0,1,0,0,1,0,1,0,0,0,1,Self-employed
0.08129304005528548,0,0,-1.0537682362937533,-0.6253024048774105,0,0,0,1,0,1,1,0,0,0,0,1,Private
-0.18521871115275826,0,0,-0.4998136298249901,-0.3299406119335066,1,0,1,0,0,1,0,1,0,0,1,0,Private
0.7475724180753948,0,0,-0.702863817710299,0.9028738281801788,0,0,0,1,0,1,0,1,1,0,0,0,Private
-0.8514980891728676,0,0,-0.35705782087505644,1.262444706546671,0,0,1,0,0,1,0,1,0,0,1,0,Private
0.43664204166601045,0,0,0.24100921724127916,-0.047420636074120386,0,0,0,1,0,1,1,0,0,1,0,0,Private
0.7919910432767354,0,0,0.15876945773751333,-0.8564551123987267,0,0,0,1,0,1,1,0,0,1,0,0,Govt_job
0.43664204166601045,0,0,-0.4630163250335474,-0.9335060149058317,0,0,1,0,0,1,1,0,0,0,1,0,Govt_job
0.39222341646466985,0,0,-0.3934117846449153,1.699066487420268,0,0,1,0,1,0,1,0,0,0,1,0,Private
0.17013029045796674,0,0,-0.34021086205487816,-0.02173700190508536,0,0,0,1,0,1,1,0,0,0,1,0,Self-employed
0.17013029045796674,0,0,0.11886876579498543,-0.6509860390464456,0,0,0,1,1,0,1,0,0,0,1,0,Private
0.3478047912633292,0,0,0.013796943679661585,1.6733828532512323,0,0,0,1,1,0,1,0,0,0,0,1,Private
0.5254792920686917,1,1,2.318948585403819,1.429388328645399,1,0,1,0,0,1,0,1,0,0,0,1,Private
-1.1180098403809113,0,0,-0.5703048522567894,0.37635932771495917,0,0,1,0,1,0,1,0,1,0,0,0,Private
1.2361772952901415,0,0,-1.1009840550924115,-0.5354096852857877,0,0,0,1,0,1,0,1,1,0,0,0,Govt_job
1.547107671699526,0,1,1.4107645026897242,-0.6895114902999984,0,0,0,1,0,1,0,1,0,1,0,0,Self-employed
-0.7182422135688457,0,0,-0.2570844205079449,-0.18868062400381372,0,0,1,0,0,1,0,1,0,1,0,0,Private
0.1257116652566261,0,0,-0.6762633564152803,1.0056083648563199,0,0,1,0,0,1,0,1,0,1,0,0,Govt_job
0.21454891565930734,0,0,0.5828251448822691,0.35067569354592415,0,0,1,0,0,1,1,0,0,0,0,1,Self-employed
-0.6738235883675051,0,0,-0.6707215936454848,0.7744556573350032,0,0,1,0,1,0,1,0,0,0,1,0,Private
-0.40731183715946134,0,0,0.9716352208111247,1.3523374261382934,0,0,0,1,0,1,0,1,0,1,0,0,Private
0.7031537928740542,0,0,-0.5352809115516814,0.5047774985601343,0,0,1,0,0,1,0,1,1,0,0,0,Self-employed
1.2361772952901415,0,1,-0.7848819067032732,-0.496884234032235,0,0,0,1,0,1,1,0,0,0,0,1,Private
-1.4289402167902956,0,0,-0.37678649633552863,-0.9720314661593845,0,0,1,0,1,0,0,1,0,0,1,0,children
1.7247821725048884,0,0,1.244954960617441,0.24794115686978355,0,0,0,1,1,0,0,1,0,0,1,0,Self-employed
0.21454891565930734,0,0,-0.7409911455664924,0.7487720231659686,0,0,0,1,0,1,0,1,0,0,0,1,Private
-1.02917258997823,0,0,-0.869781712336541,-0.2528897094264015,0,0,1,0,1,0,0,1,0,0,0,1,Private
-0.6738235883675051,0,0,-0.7496362954873734,-0.21436425817284874,0,0,1,0,0,1,1,0,0,0,1,0,Private
-0.5405677127634833,0,0,-0.3985102063931273,-0.3170987948489893,0,0,1,0,1,0,1,0,0,0,0,1,Private
1.1029214196861197,0,0,-0.9848287074374966,-0.3042569777644716,0,0,0,1,0,1,0,1,0,1,0,0,Self-employed
-0.5849863379648238,0,0,-0.7381094289261988,-0.3941496973560944,0,0,1,0,0,1,1,0,0,0,1,0,Private
0.48106066686735105,0,0,0.037294017823594774,0.055313900602020176,0,0,1,0,0,1,0,1,0,1,0,0,Self-employed
0.5254792920686917,0,0,-0.5077937682134956,0.06815571768653746,0,0,0,1,0,1,1,0,1,0,0,0,Private
-1.2068470907835926,0,0,0.76060489453731,1.262444706546671,0,0,0,1,1,0,0,1,0,0,1,0,children
0.9696655440820979,0,0,-0.9994589611497567,0.31215024229237137,0,0,1,0,1,0,0,1,0,0,1,0,Govt_job
0.8364096684780761,0,0,-0.8775401802142546,0.145206620193643,0,0,0,1,0,1,1,0,1,0,0,0,Govt_job
1.2805959204914823,0,0,2.232275415684217,-0.3299406119335066,0,0,1,0,0,1,0,1,0,0,1,0,Private
-0.14080008595141763,0,0,1.4176362885242708,0.38920114479947643,0,0,0,1,0,1,1,0,0,0,1,0,Self-employed
0.17013029045796674,0,0,0.09648004420501129,0.2094157056162308,0,0,0,1,0,1,1,0,0,0,0,1,Private
-1.4733588419916364,0,0,-0.5044687105516182,-1.3316023445258762,0,0,1,0,1,0,1,0,1,0,0,0,children
0.3478047912633292,0,0,-0.22361217337837969,-0.52256786820127,0,0,1,0,0,1,0,1,0,1,0,0,Private
1.3694331708941636,1,1,-0.6345893003864178,-0.3299406119335066,0,0,0,1,0,1,1,0,0,0,1,0,Private
-1.02917258997823,0,0,0.4183456258747368,-0.201522441088331,0,0,0,1,1,0,1,0,0,0,1,0,Private
-1.2956843411862737,0,0,0.28866837706152104,-0.5354096852857877,0,0,1,0,1,0,1,0,1,0,0,0,Private
-0.096381460750077,0,0,-0.32691063140736865,-0.5610933194548228,0,0,1,0,0,1,1,0,0,0,1,0,Private
1.1029214196861197,0,0,0.3518444726371902,0.02963026643298515,0,0,1,0,1,0,0,1,0,0,0,1,Govt_job
-0.8514980891728676,0,0,-0.3406542030764617,-0.5867769536238577,0,0,1,0,1,0,0,1,0,0,1,0,Private
-1.1180098403809113,0,0,0.06832788933444998,-0.9463478319903496,0,0,0,1,1,0,1,0,1,0,0,0,Private
-1.2956843411862737,0,0,0.967201810595288,-1.0619241857510073,0,0,0,1,1,0,1,0,1,0,0,0,children
1.3694331708941636,0,0,-0.2907783381483018,-0.3299406119335066,0,0,0,1,0,1,1,0,0,1,0,0,Private
1.191758670088801,0,0,-0.9172192016459909,0.06815571768653746,0,0,0,1,0,1,0,1,0,0,0,1,Private
-1.8411450586587366,0,0,-0.7250308687894812,-1.0876078199200427,0,0,0,1,1,0,0,1,1,0,0,0,children
1.0140841692834386,0,0,-0.44262263804070007,-0.1373133556657432,0,0,0,1,0,1,0,1,0,0,1,0,Self-employed
-0.8959167143742082,0,0,-0.6263874914871204,0.6460374864898276,0,0,1,0,0,1,0,1,0,1,0,0,Govt_job
0.7475724180753948,0,0,-0.5499111652639417,0.10668116894009023,0,0,0,1,0,1,1,0,0,1,0,0,Private
0.03687441485394486,0,0,-0.5199856463070458,-0.5610933194548228,0,0,1,0,0,1,0,1,0,0,1,0,Self-employed
-0.451730462360802,0,0,-0.9125641209193626,-0.201522441088331,0,0,1,0,0,1,0,1,0,0,1,0,Private
-0.096381460750077,0,0,0.6318143277672613,-0.2657315265109188,0,0,1,0,0,1,1,0,0,0,0,1,Private
0.08129304005528548,0,0,-0.32691063140736865,-0.9977151003284196,0,0,1,0,0,1,0,1,0,0,1,0,Private
-1.6954519679983393,0,0,-0.08307306953636442,-1.3316023445258762,0,0,1,0,1,0,1,0,1,0,0,0,children
-0.6738235883675051,0,0,1.7215465588198584,1.4935974140679866,0,0,1,0,0,1,0,1,0,0,0,1,Private
-1.6510333427969988,0,0,-0.2839065523137552,-1.2802350761878063,0,0,0,1,1,0,1,0,1,0,0,0,children
-1.8589125087392728,0,0,-0.548359471688399,-1.3059187103568413,0,0,1,0,1,0,0,1,1,0,0,0,children
1.547107671699526,0,1,-0.3743481207168186,0.6974047548278977,0,0,1,0,0,1,1,0,1,0,0,0,Self-employed
-0.4961490875621426,0,0,0.22327557637793347,0.5689865839827221,0,0,0,1,0,1,1,0,0,0,1,0,Private
0.08129304005528548,0,0,2.4896348787135216,3.3556608913230326,0,0,1,0,0,1,1,0,0,0,0,1,Private
-1.2956843411862737,0,0,0.712059052673901,1.6605410361667146,0,0,0,1,1,0,0,1,0,0,1,0,Never_worked
1.6359449221022073,1,0,-0.48850843377460706,-0.09878790441219044,0,1,1,0,0,1,0,1,0,0,1,0,Private
-1.2956843411862737,0,0,0.8111457709978455,-1.4471786982865342,0,0,0,1,1,0,1,0,0,0,1,0,children
-0.451730462360802,1,0,-0.6948836793217934,2.0971628170403123,0,0,1,0,0,1,0,1,0,0,0,1,Private
1.1029214196861197,0,0,-0.5576696331416556,-1.113291454089078,0,0,1,0,0,1,1,0,0,0,1,0,Self-employed
0.1257116652566261,0,0,-1.007882440559846,0.5689865839827221,0,0,0,1,0,1,0,1,0,0,0,1,Private
1.0140841692834386,0,0,-0.5694181702136223,0.4020429618839942,0,0,1,0,0,1,0,1,0,0,1,0,Private
0.6587351676727136,0,0,-0.8662349841638719,2.9318809275339537,0,0,1,0,0,1,0,1,0,0,1,0,Self-employed
-0.18521871115275826,0,0,2.2163151389072056,-0.6124605877928928,0,0,0,1,0,1,1,0,0,0,1,0,Private
0.7919910432767354,0,0,-0.7984038078615744,0.13236480310912527,0,0,1,0,0,1,1,0,0,0,1,0,Self-employed
0.7031537928740542,0,0,-0.8859636596243441,0.06815571768653746,0,0,1,0,0,1,0,1,0,0,1,0,Self-employed
0.17013029045796674,0,0,-0.2712713331986215,0.32499205937688863,0,0,0,1,0,1,1,0,0,0,1,0,Private
-1.8287078436023612,0,0,-0.6547613168684736,-1.1261332711735952,0,0,0,1,1,0,0,1,1,0,0,0,children
1.5915262969008666,1,1,2.2043449313244468,-0.8821387465677617,0,0,0,1,0,1,1,0,0,0,1,0,Self-employed
-0.4961490875621426,0,0,-0.8394128523580613,-0.7794042098916212,0,0,1,0,1,0,1,0,0,0,0,1,Private
0.1257116652566261,1,0,-0.8930571159696823,0.23509933978526582,0,0,0,1,0,1,0,1,0,0,1,0,Private
-1.8891171738761845,0,0,-0.4869567401990645,-0.5097260511167527,0,0,1,0,1,0,0,1,1,0,0,0,children
-0.5405677127634833,0,0,-0.0274337713276173,-0.3170987948489893,0,0,1,0,0,1,1,0,0,0,1,0,Govt_job
-0.7626608387701863,0,0,0.6719366902205811,-0.3170987948489893,0,0,1,0,1,0,1,0,1,0,0,0,Private
0.7919910432767354,0,0,-0.9857153894806638,-0.6638278561309633,0,0,0,1,0,1,0,1,0,0,0,1,Private
-1.2956843411862737,0,0,-0.7427645096528269,-1.2673932591032886,0,0,0,1,1,0,1,0,1,0,0,0,Self-employed
0.39222341646466985,0,0,-0.6250574684223693,-1.4343368812020167,0,0,1,0,0,1,0,1,0,1,0,0,Private
-0.9847539647768895,0,0,0.33588419586017904,0.10668116894009023,0,0,0,1,1,0,0,1,0,1,0,0,Private
-0.18521871115275826,0,0,1.8993263084749,-0.07310427024315541,0,0,1,0,0,1,1,0,0,0,1,0,Govt_job
1.2805959204914823,1,1,2.4827630928789755,-0.3556242461025416,0,0,1,0,0,1,0,1,0,1,0,0,Private
0.48106066686735105,0,0,-0.44284430855149165,-0.9206641978213145,0,0,0,1,0,1,0,1,0,1,0,0,Private
-0.9847539647768895,0,0,-0.36237791313406037,-0.8949805636522795,0,0,1,0,1,0,1,0,0,0,0,1,Private
-0.807079463971527,0,0,-0.26395620634249145,-0.5867769536238577,0,0,0,1,0,1,1,0,0,0,0,1,Private
-1.3401029663876145,0,0,-0.7897586579406933,-0.9848732832439023,0,0,1,0,1,0,0,1,0,0,1,0,children
1.7247821725048884,1,1,2.441754048382488,-0.12447153858122592,1,0,1,0,0,1,0,1,0,1,0,0,Govt_job
1.547107671699526,0,0,-0.6153039659475292,-0.6381442219619283,1,0,0,1,0,1,1,0,0,1,0,0,Private
0.7919910432767354,1,0,1.4245080743588174,4.023435379717946,0,0,1,0,0,1,1,0,0,0,0,1,Private
1.5915262969008666,0,0,-0.8910620813725558,-0.09878790441219044,0,0,1,0,0,1,0,1,0,0,1,0,Private
1.547107671699526,0,0,-1.0100991456677644,0.10668116894009023,0,0,0,1,0,1,0,1,0,1,0,0,Private
-0.7182422135688457,0,0,0.7406545485660458,0.941399279433732,0,0,1,0,0,1,0,1,0,0,1,0,Private
0.39222341646466985,0,0,-0.16664285210488156,4.151853550563121,0,0,1,0,0,1,0,1,1,0,0,0,Private
-1.6066147175956582,0,0,-0.6354759824295849,-1.3187605274413585,0,0,0,1,1,0,0,1,1,0,0,0,children
-0.6294049631661645,0,0,-0.9899271291857085,-0.3684660631870594,0,0,1,0,1,0,0,1,0,0,1,0,Private
0.08129304005528548,0,0,-0.13028888833502272,0.26078297395430083,0,0,0,1,0,1,1,0,1,0,0,0,Private
0.3033861660619886,0,0,2.7066503087787153,1.2752865236311879,0,0,0,1,0,1,0,1,0,1,0,0,Govt_job
1.547107671699526,1,0,2.497615017102028,0.6974047548278977,0,0,1,0,0,1,0,1,0,0,1,0,Private
-0.451730462360802,0,0,-0.33489076979587423,0.3635175106304414,0,0,0,1,0,1,0,1,0,0,0,1,Self-employed
0.3033861660619886,0,0,0.46689146773814577,2.649360951674567,0,0,1,0,0,1,1,0,0,1,0,0,Self-employed
1.547107671699526,1,0,-0.3138320712706514,0.5946702181517576,0,0,1,0,0,1,1,0,0,0,0,1,Private
0.03687441485394486,1,0,-0.8048322526745371,1.5963319507441267,0,0,1,0,0,1,1,0,0,0,1,0,Private
1.4138517960955042,0,1,3.053342987657125,-0.24004789234188378,0,0,1,0,0,1,1,0,0,0,1,0,Self-employed
0.39222341646466985,0,0,-0.54237436789702,-0.16299698983477823,0,0,1,0,0,1,0,1,0,1,0,0,Private
-0.36289321195812074,0,0,-0.4991486182926146,-1.1646587224271479,0,0,1,0,0,1,1,0,0,1,0,0,Private
0.48106066686735105,0,0,0.1246321990755726,0.28646660812333635,0,0,1,0,0,1,1,0,0,0,1,0,Private
-1.517777467192977,0,0,-0.921874282372619,-1.3316023445258762,0,0,0,1,1,0,0,1,1,0,0,0,children
-0.22963733635409886,0,0,-0.312723718716692,1.7889592070118903,0,0,1,0,0,1,0,1,0,1,0,0,Private
-0.9403353395755488,0,0,-0.3708013925441495,-0.15015517275026094,0,0,1,0,0,1,0,1,0,0,1,0,Private
1.4138517960955042,0,0,-0.7070755574153436,-1.023398734497455,0,0,1,0,0,1,0,1,1,0,0,0,Govt_job
-1.6954519679983393,0,0,-0.7115089676311801,-0.52256786820127,0,0,1,0,1,0,1,0,1,0,0,0,children
-0.5405677127634833,0,0,2.234492120792135,1.6091737678286446,0,0,1,0,0,1,0,1,0,0,0,1,Self-employed
1.5915262969008666,0,0,-0.696657043408128,1.3266537919692587,0,0,1,0,1,0,0,1,1,0,0,0,Self-employed
0.17013029045796674,0,0,2.331140463497369,2.7264118541816726,0,0,1,0,0,1,0,1,1,0,0,0,Private
0.258967540860648,0,0,-0.20920359017691142,0.9028738281801788,0,0,0,1,0,1,1,0,0,0,1,0,Private
1.0140841692834386,0,0,-0.2672812640043686,-0.6381442219619283,0,0,1,0,1,0,0,1,0,0,0,1,Private
0.8364096684780761,0,0,-0.7019771356671316,-0.9078223807367968,0,0,1,0,0,1,0,1,0,1,0,0,Private
-1.0735912151795706,0,0,-0.6806967666311168,-0.9206641978213145,0,0,1,0,1,0,1,0,1,0,0,0,Private
-0.8514980891728676,0,0,0.332115797176718,-1.5370714178781575,0,0,1,0,1,0,1,0,0,0,1,0,Private
-0.6294049631661645,0,0,0.286230001442811,0.5561447668982052,0,0,0,1,0,1,0,1,1,0,0,0,Self-employed
0.48106066686735105,0,0,-0.6594163975951017,0.0809975347710552,0,0,1,0,0,1,0,1,0,0,0,1,Private
-0.14080008595141763,0,0,-0.12053538586018261,-0.09878790441219044,0,0,0,1,1,0,1,0,0,0,1,0,Private
0.48106066686735105,0,0,2.447295811152284,0.18373207144719578,0,0,0,1,0,1,1,0,0,1,0,0,Govt_job
-0.5405677127634833,0,0,-0.633037606810875,-0.3813078802715771,0,0,0,1,0,1,1,0,0,0,0,1,Private
1.2361772952901415,0,0,-0.8378611587825187,0.28646660812333635,0,0,0,1,0,1,1,0,0,0,1,0,Private
1.2805959204914823,0,0,2.4351039330587336,-0.27857334359543656,0,0,0,1,0,1,1,0,0,1,0,0,Private
-0.8959167143742082,0,0,-0.28634492793246524,0.15804843727816073,0,0,1,0,1,0,1,0,0,0,1,0,Private
-1.6510333427969988,0,0,-0.24178915526330924,-1.4985459666246046,0,0,0,1,1,0,1,0,1,0,0,0,children
-0.40731183715946134,0,0,-0.25797110255111205,-0.03457881898960265,0,0,0,1,1,0,0,1,0,0,1,0,Private
1.6359449221022073,1,0,2.9770883319447385,-0.24004789234188378,1,0,0,1,0,1,0,1,0,0,1,0,Private
0.8808282936794166,0,0,-0.4474993892781201,-0.3813078802715771,0,0,1,0,0,1,1,0,1,0,0,0,Self-employed
0.08129304005528548,0,0,-0.46102129043642126,0.838664742757591,0,0,1,0,0,1,1,0,1,0,0,0,Govt_job
-0.007544210347395762,0,0,-0.9486964141784295,-0.24004789234188378,0,0,0,1,0,1,1,0,0,1,0,0,Private
-0.451730462360802,0,0,-0.3337824172419152,0.5047774985601343,0,0,0,1,0,1,0,1,0,0,0,1,Private
0.39222341646466985,0,0,0.10135679544243135,1.313811974884741,0,0,1,0,0,1,0,1,0,1,0,0,Govt_job
-0.5405677127634833,0,0,-0.1506825753278704,0.2993084252078536,0,0,1,0,0,1,0,1,0,0,1,0,Private
1.191758670088801,0,0,-0.6210673992281167,0.6331956694053099,0,0,1,0,0,1,0,1,0,0,0,1,Private
-0.4961490875621426,0,0,-0.581831718817964,-0.09878790441219044,0,0,0,1,1,0,0,1,1,0,0,0,Private
-0.096381460750077,0,0,-0.29144334968067725,1.9173773778570657,0,0,1,0,0,1,1,0,0,0,1,0,Private
0.08129304005528548,0,0,-0.948253073156846,0.3378338764614064,0,0,1,0,0,1,1,0,0,0,1,0,Govt_job
0.258967540860648,0,0,0.9607733657823253,1.801801024096408,0,0,1,0,0,1,0,1,0,0,0,1,Self-employed
-0.096381460750077,0,0,-0.11166856542850961,-0.21436425817284874,0,0,1,0,1,0,1,0,0,0,1,0,Private
-1.8926706638922917,0,0,0.47531494714823525,-1.1261332711735952,0,0,0,1,1,0,1,0,1,0,0,0,children
-0.9403353395755488,0,0,-0.2539810333568594,-0.7408787586380684,0,0,0,1,1,0,1,0,0,0,1,0,Govt_job
-0.8514980891728676,1,0,-0.5576696331416556,-0.08594608732767316,0,0,0,1,0,1,1,0,0,0,0,1,Private
0.08129304005528548,0,0,-0.10967353083138313,-1.0105569174129374,0,0,1,0,0,1,0,1,0,0,1,0,Private
1.0585027944847791,0,0,3.4372763123485615,-0.09878790441219044,0,1,0,1,0,1,0,1,1,0,0,0,Private
1.5915262969008666,1,1,-0.9941388688907532,-0.09878790441219044,1,1,1,0,1,0,1,0,0,0,1,0,Self-employed
-1.6066147175956582,0,0,-0.9249776695237046,-1.2802350761878063,0,0,0,1,1,0,1,0,1,0,0,0,Self-employed
-1.0735912151795706,0,0,-0.4173521998104323,-0.3941496973560944,0,0,1,0,1,0,0,1,0,0,1,0,Never_worked
-0.3184745867567801,0,0,-0.869781712336541,0.5047774985601343,0,0,1,0,1,0,1,0,0,0,0,1,Private
0.6143165424713729,0,0,-0.6707215936454848,0.5433029498136875,0,0,0,1,0,1,0,1,0,1,0,0,Govt_job
-1.2068470907835926,0,0,-0.4807499658968934,-1.2288678078497357,0,0,0,1,1,0,0,1,1,0,0,0,Private
-0.40731183715946134,0,0,-0.34663930686784084,-0.12447153858122592,0,0,1,0,1,0,1,0,0,1,0,0,Private
-1.73987059319968,0,0,0.03241726658617471,-2.1663204550195174,0,0,1,0,1,0,0,1,1,0,0,0,children
0.3033861660619886,0,0,1.0835788287609944,0.6331956694053099,0,0,1,0,0,1,0,1,0,0,1,0,Private
-0.36289321195812074,0,0,-0.5421526973862281,0.003946632263949666,0,0,1,0,0,1,0,1,0,0,1,0,Private
0.43664204166601045,1,1,0.08251480202512661,1.6733828532512323,0,0,0,1,0,1,1,0,0,0,1,0,Govt_job
-0.5849863379648238,0,0,-0.025882077752074382,0.5946702181517576,0,0,0,1,0,1,0,1,0,0,0,1,Private
0.6587351676727136,0,0,0.4790833458316962,0.8900320110956611,0,0,0,1,0,1,0,1,0,1,0,0,Private
-1.86246599875538,0,0,0.18115817932748715,-0.9463478319903496,0,0,1,0,1,0,1,0,1,0,0,0,children
-0.40731183715946134,0,0,-0.32735397242895253,-0.3941496973560944,0,0,1,0,0,1,0,1,0,0,1,0,Private
1.0140841692834386,0,0,3.2291277027150405,0.8129811085885564,0,0,1,0,0,1,1,0,0,0,0,1,Self-employed
0.5254792920686917,0,0,-1.116500990847839,-0.52256786820127,0,0,1,0,0,1,0,1,1,0,0,0,Private
-1.1180098403809113,0,0,1.0436781368184669,0.3378338764614064,0,0,1,0,1,0,0,1,1,0,0,0,Private
-0.096381460750077,0,0,-0.5228673629473394,-0.6381442219619283,0,0,1,0,0,1,0,1,1,0,0,0,Private
0.39222341646466985,0,1,-0.06245771203272514,1.6733828532512323,0,0,0,1,0,1,1,0,0,1,0,0,Self-employed
-1.384521591588955,0,0,-0.4840750235587706,-0.6766696732154805,0,0,0,1,1,0,0,1,1,0,0,0,children
-0.36289321195812074,0,0,-0.7580597748974626,1.4679137798989512,0,0,1,0,1,0,0,1,0,0,1,0,Private
-0.007544210347395762,0,0,-0.3559494683210974,-0.6895114902999984,0,0,1,0,0,1,0,1,0,1,0,0,Self-employed
1.5915262969008666,1,0,-0.7480846019118306,-0.6766696732154805,0,0,0,1,0,1,0,1,0,1,0,0,Self-employed
-0.14080008595141763,0,0,1.5648255076900404,0.8771901940111442,0,0,1,0,0,1,0,1,0,0,1,0,Govt_job
1.6803635473035479,1,1,0.45558627168776306,-0.18868062400381372,0,0,1,0,0,1,1,0,0,0,0,1,Private
1.3250145456928228,0,0,2.785121669599021,-0.7537205757225861,0,0,0,1,0,1,1,0,0,0,0,1,Self-employed
-1.4289402167902956,0,0,0.3760065583134989,-1.8709586620756136,0,0,1,0,1,0,1,0,1,0,0,0,children
-0.3184745867567801,0,0,-0.9863804010130394,-0.27857334359543656,0,0,0,1,1,0,0,1,0,0,1,0,Private
-0.8959167143742082,0,0,-0.43619419322773706,-0.8436132953142089,0,0,1,0,1,0,0,1,0,0,1,0,Private
-1.3401029663876145,0,0,-0.5188772937530868,-0.5867769536238577,0,0,0,1,1,0,0,1,1,0,0,0,children
-0.8514980891728676,0,0,-0.742542839142035,-0.8564551123987267,0,0,0,1,1,0,0,1,1,0,0,0,Private
1.3250145456928228,0,0,-0.4805282953861015,-0.12447153858122592,0,0,0,1,0,1,0,1,0,0,1,0,Private
-0.007544210347395762,0,0,0.6641782223428675,0.9028738281801788,0,0,0,1,0,1,0,1,0,0,0,1,Private
1.547107671699526,0,0,-0.1262988191407698,0.2094157056162308,0,0,0,1,0,1,1,0,1,0,0,0,Private
1.5915262969008666,0,0,-0.17683969560130525,-0.2914151606799538,0,0,1,0,0,1,1,0,0,1,0,0,Self-employed
0.7031537928740542,0,0,-0.42843572535002344,0.2094157056162308,0,0,0,1,0,1,0,1,1,0,0,0,Self-employed
1.4582704212968447,0,0,0.76060489453731,0.13236480310912527,1,0,0,1,0,1,0,1,0,1,0,0,Private
-1.6954519679983393,0,0,-0.4627946545227558,-0.3556242461025416,0,0,1,0,1,0,0,1,1,0,0,0,children
-1.8660194887714876,0,0,-0.18858823267327182,-1.421495064117499,0,0,1,0,1,0,0,1,1,0,0,0,children
-0.7626608387701863,0,0,-1.0471181209699987,0.016788449348467408,0,0,1,0,1,0,1,0,0,0,1,0,Private
0.6143165424713729,0,0,0.6615181762133655,0.941399279433732,0,0,1,0,0,1,1,0,0,1,0,0,Private
-1.873126468803702,0,0,-0.3654813002851459,-0.9591896490748673,0,0,0,1,1,0,1,0,1,0,0,0,children
-0.22963733635409886,0,0,-0.8784268622574221,1.7761173899273734,0,0,1,0,0,1,1,0,1,0,0,0,Private
1.3250145456928228,0,0,-0.3497426940189264,0.4534102302220642,0,0,1,0,0,1,0,1,0,1,0,0,Private
0.7919910432767354,0,0,-0.9948038804231286,0.11952298602460797,0,0,1,0,0,1,1,0,1,0,0,0,Private
-0.7182422135688457,0,0,0.13682407716912276,-0.08594608732767316,0,0,1,0,0,1,1,0,0,0,1,0,Private
0.8808282936794166,0,0,-0.16243111239983699,0.22225752270074853,0,0,0,1,0,1,1,0,0,0,1,0,Private
-0.007544210347395762,0,0,-0.5146655540480423,0.02963026643298515,0,0,1,0,0,1,1,0,0,0,1,0,Private
-0.5849863379648238,0,0,-0.26395620634249145,-0.6253024048774105,0,0,1,0,1,0,1,0,0,1,0,0,Private
-0.9847539647768895,0,0,-0.38299327063769967,-1.074766002835525,0,0,1,0,1,0,0,1,0,0,1,0,Private
-0.6294049631661645,0,0,-0.0012766510541821492,-0.08594608732767316,0,0,0,1,1,0,1,0,0,0,0,1,Private
-1.1180098403809113,0,0,-0.1034667565292121,-0.09878790441219044,0,1,1,0,1,0,1,0,0,0,0,1,Private
0.3478047912633292,0,0,-0.8795352148113812,-0.3299406119335066,0,0,0,1,0,1,0,1,0,0,1,0,Private
0.9252469188807573,0,0,-0.43752421629248806,-0.7537205757225861,0,0,0,1,0,1,0,1,1,0,0,0,Private
-1.6510333427969988,0,0,-1.1122892511427942,-1.190342356596183,0,0,0,1,1,0,0,1,1,0,0,0,children
0.6587351676727136,0,0,-0.25464604488923487,0.02963026643298515,0,0,1,0,0,1,1,0,1,0,0,0,Private
0.7919910432767354,0,0,-0.5740732509402504,-0.5610933194548228,0,0,1,0,0,1,1,0,0,0,0,1,Private
0.48106066686735105,0,0,-1.0870188129125264,-0.2528897094264015,0,0,1,0,0,1,0,1,0,0,1,0,Self-employed
-0.14080008595141763,0,0,-0.6150822954367373,0.4534102302220642,0,0,1,0,1,0,0,1,0,0,0,1,Private
-0.5405677127634833,0,0,0.5681948911700083,-0.5097260511167527,0,0,1,0,0,1,0,1,0,0,0,1,Private
1.7247821725048884,1,1,-0.48230165947243603,-0.3042569777644716,1,0,1,0,1,0,1,0,0,1,0,0,Private
1.4582704212968447,0,0,3.587125577643833,-0.12447153858122592,0,0,1,0,0,1,0,1,0,0,0,1,Self-employed
-0.007544210347395762,0,0,-0.10878684878821603,2.4053664270687336,0,0,1,0,0,1,0,1,0,0,0,1,Private
0.7031537928740542,0,0,-0.9150024965380725,0.3378338764614064,0,0,0,1,0,1,1,0,0,0,1,0,Private
-1.517777467192977,0,0,-0.4791982723213505,-1.4728623324555696,0,0,0,1,1,0,1,0,1,0,0,0,children
1.4582704212968447,0,0,0.9246410725232584,-0.02173700190508536,0,0,0,1,0,1,0,1,1,0,0,0,Private
-0.2740559615554395,0,0,-0.04716244678808947,0.9285574623492143,0,0,1,0,0,1,0,1,0,0,0,1,Private
0.6143165424713729,0,0,1.85432719478416,0.8900320110956611,0,0,1,0,0,1,1,0,0,0,1,0,Private
-1.1180098403809113,0,0,-0.8394128523580613,-1.2160259907652184,0,0,1,0,1,0,0,1,0,0,1,0,Private
-1.1624284655822519,0,0,-0.7582814454082545,-0.4198333315251294,0,0,0,1,1,0,0,1,1,0,0,0,Private
0.6587351676727136,0,0,-0.3442009312491308,0.9285574623492143,0,0,1,0,0,1,0,1,0,0,1,0,Private
1.547107671699526,0,1,-0.7197107765304775,-0.3684660631870594,0,0,1,0,0,1,0,1,1,0,0,0,Self-employed
0.48106066686735105,0,0,-0.6709432641562767,-0.02173700190508536,0,0,1,0,0,1,0,1,0,1,0,0,Private
0.8364096684780761,0,0,-0.5940235969115145,2.1356882682938645,0,0,0,1,0,1,0,1,0,0,1,0,Self-employed
-1.6066147175956582,0,0,-1.096550644876575,-1.6654895887233327,0,0,0,1,1,0,0,1,1,0,0,0,children
0.43664204166601045,1,0,-0.6172990005446557,0.5304611327291697,0,0,1,0,0,1,1,0,0,0,1,0,Private
1.6359449221022073,1,0,-0.32735397242895253,0.517619315644652,1,0,1,0,0,1,1,0,0,1,0,0,Self-employed
-0.9403353395755488,0,0,-0.9402729347683404,-0.3042569777644716,0,0,1,0,1,0,0,1,0,0,1,0,Private
-0.8514980891728676,0,0,0.9616600478254924,-0.7408787586380684,0,0,1,0,1,0,0,1,0,0,1,0,Private
1.0140841692834386,0,0,2.10858327066238,-0.16299698983477823,0,0,1,0,0,1,1,0,0,0,1,0,Private
0.258967540860648,0,0,-0.06378773509747612,-0.5354096852857877,0,0,0,1,0,1,0,1,1,0,0,0,Private
0.3478047912633292,0,0,-0.4984836067602391,0.6588793035743453,0,0,1,0,0,1,1,0,0,1,0,0,Private
-0.05196283554873638,0,0,0.41125216952939864,0.7487720231659686,0,0,1,0,0,1,0,1,0,1,0,0,Self-employed
-0.7182422135688457,0,0,-0.7999555014371169,-0.201522441088331,0,0,0,1,1,0,1,0,0,0,1,0,Private
0.21454891565930734,0,0,0.09736672624817871,0.18373207144719578,0,0,1,0,0,1,0,1,0,0,0,1,Private
1.547107671699526,0,0,0.2285956686369371,-0.22720607525736602,1,0,0,1,0,1,0,1,0,0,1,0,Self-employed
1.0140841692834386,0,0,-0.2526510102921084,0.06815571768653746,0,0,1,0,0,1,0,1,1,0,0,0,Self-employed
1.0585027944847791,0,0,-0.4173521998104323,0.32499205937688863,0,0,0,1,0,1,1,0,0,1,0,0,Private
-1.6954519679983393,0,0,-0.4421792970191162,-1.6012805033007451,0,0,0,1,1,0,1,0,1,0,0,0,children
-1.0735912151795706,0,0,-0.6476678605231354,-0.2914151606799538,0,0,1,0,1,0,0,1,1,0,0,0,Private
1.4138517960955042,0,0,-0.7771234388255592,-0.27857334359543656,0,0,0,1,0,1,1,0,0,0,0,1,Private
1.6803635473035479,0,0,1.3229829804161626,-0.09878790441219044,0,0,0,1,0,1,0,1,1,0,0,0,Private
0.5698979172700324,1,0,-0.5175472706883358,-0.1373133556657432,0,0,1,0,0,1,0,1,0,0,0,1,Govt_job
0.3478047912633292,0,0,-0.0034933561621005586,0.5047774985601343,0,0,1,0,0,1,1,0,0,0,1,0,Private
-1.1624284655822519,0,0,0.0027134181400704834,0.24794115686978355,0,0,1,0,1,0,1,0,0,0,1,0,Private
0.3478047912633292,0,0,2.480989728792641,-0.09878790441219044,0,1,0,1,0,1,1,0,0,1,0,0,Private
-1.1624284655822519,0,0,-0.5802800252424214,-0.6124605877928928,0,0,1,0,1,0,0,1,1,0,0,0,Private
0.258967540860648,0,0,-0.7771234388255592,-0.201522441088331,0,0,0,1,0,1,0,1,0,1,0,0,Self-employed
1.1029214196861197,0,0,0.231477385277231,-0.3556242461025416,0,0,0,1,0,1,1,0,0,0,1,0,Private
0.6587351676727136,0,0,0.9745169374514183,-0.24004789234188378,0,0,1,0,0,1,0,1,1,0,0,0,Private
0.08129304005528548,0,0,-0.6281608555734549,1.7119083045047856,0,0,1,0,1,0,1,0,0,1,0,0,Govt_job
0.9696655440820979,0,0,-0.10657014368029762,-0.08594608732767316,1,0,1,0,0,1,1,0,0,1,0,0,Private
1.4138517960955042,0,0,-0.598235336616559,0.055313900602020176,1,0,1,0,0,1,1,0,0,1,0,0,Self-employed
0.3033861660619886,0,0,-0.2825765292490043,1.6733828532512323,0,0,0,1,0,1,1,0,0,0,0,1,Private
0.1257116652566261,0,0,-0.04804912883125659,1.5449646824060568,0,0,0,1,0,1,0,1,1,0,0,0,Private
-0.14080008595141763,0,0,-0.746311237825496,1.1725519869550478,0,0,1,0,0,1,0,1,0,0,1,0,Private
0.17013029045796674,0,0,-0.27947314209791874,1.7632755728428555,0,0,1,0,0,1,0,1,0,1,0,0,Private
0.5698979172700324,0,0,-0.944484674473385,0.3378338764614064,0,0,0,1,0,1,0,1,1,0,0,0,Private
-1.5621960923943174,0,0,-0.6576430335087672,-1.2160259907652184,0,0,1,0,1,0,1,0,1,0,0,0,children
-0.451730462360802,0,0,-0.265729570428826,-0.6381442219619283,0,0,0,1,0,1,1,0,0,0,1,0,Private
-1.1624284655822519,0,0,-0.1440324600041155,-0.9848732832439023,0,0,1,0,1,0,1,0,1,0,0,0,Private
0.08129304005528548,1,0,2.9571379859734748,3.034615464210094,0,0,0,1,0,1,1,0,1,0,0,0,Self-employed
1.6359449221022073,1,0,2.383898045065823,0.28646660812333635,0,0,0,1,0,1,0,1,0,1,0,0,Self-employed
0.6587351676727136,0,1,0.8506031219187897,-0.3684660631870594,0,0,1,0,0,1,1,0,0,0,0,1,Private
0.8364096684780761,0,0,-0.31338873024906755,0.2094157056162308,0,0,1,0,0,1,1,0,0,0,1,0,Private
0.8364096684780761,0,0,2.39697660520254,2.020111914533207,0,0,1,0,0,1,1,0,0,0,1,0,Self-employed
-0.22963733635409886,0,0,-0.7026421471995071,1.3780210603073288,0,0,0,1,1,0,0,1,0,0,1,0,Self-employed
0.6143165424713729,0,0,-0.8371961472501432,1.10834290153246,1,0,1,0,1,0,0,1,0,0,1,0,Self-employed
-1.8287078436023612,0,0,0.045274156212100354,-0.9848732832439023,0,0,0,1,1,0,0,1,1,0,0,0,children
0.6143165424713729,0,0,2.4741179429580944,0.9927665477718021,0,0,1,0,0,1,0,1,0,0,1,0,Private
0.39222341646466985,0,0,2.735689145692444,0.8643483769266265,0,0,0,1,0,1,0,1,0,1,0,0,Private
0.5698979172700324,0,0,-0.18371148143585178,0.9542410965182488,0,0,0,1,0,1,1,0,0,1,0,0,Private
1.6359449221022073,0,0,-1.0262810929555672,-0.4198333315251294,0,0,0,1,1,0,0,1,1,0,0,0,Private
-0.7626608387701863,0,0,-0.25597606795398586,0.04247208351750244,0,0,0,1,0,1,0,1,0,1,0,0,Govt_job
0.6587351676727136,0,0,-0.21674038754383315,0.6331956694053099,0,0,0,1,0,1,1,0,1,0,0,0,Private
0.08129304005528548,0,0,-0.30097518164472575,0.2736247910388186,0,0,1,0,0,1,1,0,0,0,1,0,Private
-1.8287078436023612,0,0,-0.0008333100325985934,-1.1646587224271479,0,0,1,0,1,0,0,1,1,0,0,0,children
0.8364096684780761,0,0,-0.28368488180296364,0.055313900602020176,0,0,1,0,0,1,0,1,0,1,0,0,Private
-0.22963733635409886,0,0,-0.09615162967308201,-0.09878790441219044,1,1,1,0,0,1,1,0,0,1,0,0,Private
-1.0735912151795706,0,0,-0.9059140055956079,-0.817929661145174,0,0,0,1,1,0,1,0,1,0,0,0,Private
-1.6066147175956582,0,0,-0.6833568127606188,-1.2930768932723236,0,0,1,0,1,0,1,0,1,0,0,0,children
0.9696655440820979,0,1,-1.0511081901642514,-0.11162972149670818,0,0,0,1,0,1,0,1,0,0,0,1,Self-employed
0.3033861660619886,0,0,-1.0608616926390915,-0.16299698983477823,0,0,0,1,0,1,0,1,1,0,0,0,Private
1.4138517960955042,1,0,2.0232401240075286,-0.3556242461025416,0,0,1,0,0,1,1,0,0,0,1,0,Self-employed
-0.6294049631661645,0,0,-1.0074390995382623,0.09383935185557295,0,0,0,1,0,1,0,1,0,1,0,0,Govt_job
-1.1624284655822519,0,0,0.14280918096050219,-0.02173700190508536,0,0,1,0,1,0,1,0,0,0,1,0,Private
0.3478047912633292,0,0,-0.533285876954555,-0.18868062400381372,0,0,1,0,0,1,1,0,0,0,1,0,Private
1.1029214196861197,0,0,-0.541044344832269,-0.7408787586380684,0,0,1,0,0,1,1,0,1,0,0,0,Private
1.547107671699526,0,0,2.497615017102028,-0.2657315265109188,1,0,0,1,0,1,0,1,1,0,0,0,Self-employed
1.6359449221022073,0,0,-0.03807395584562485,-1.2288678078497357,0,0,1,0,0,1,1,0,0,1,0,0,Self-employed
1.6359449221022073,1,0,-0.7341193597319459,0.003946632263949666,1,0,1,0,0,1,1,0,0,0,1,0,Self-employed
0.43664204166601045,0,0,2.7019952280520876,-0.09878790441219044,0,1,1,0,0,1,0,1,0,0,1,0,Private
-1.5621960923943174,0,0,0.5291808812706478,-1.2417096249342534,0,0,0,1,1,0,0,1,1,0,0,0,children
1.4138517960955042,0,0,-0.5195423052854623,-0.4583587827786822,0,0,0,1,0,1,1,0,0,0,1,0,Self-employed
-0.9403353395755488,0,0,0.26384127985283684,-0.3042569777644716,0,0,0,1,0,1,1,0,0,0,1,0,Govt_job
0.6143165424713729,0,1,-0.9662083845309835,0.2736247910388186,0,0,0,1,0,1,1,0,0,1,0,0,Private
-0.7182422135688457,0,0,0.3077320409896177,1.0312919990253544,0,0,0,1,1,0,0,1,1,0,0,0,Private
-0.7182422135688457,0,0,0.4500445089179675,-0.4840424169477172,0,0,1,0,1,0,0,1,1,0,0,0,Private
-0.6738235883675051,0,0,-0.6423477682641315,-0.07310427024315541,0,0,1,0,1,0,0,1,0,0,0,1,Private
-0.36289321195812074,0,0,-0.4193472344075585,1.840326475349961,0,0,1,0,0,1,0,1,1,0,0,0,Private
-0.4961490875621426,0,0,-0.741434486588076,0.42772659605302965,0,0,0,1,0,1,1,0,1,0,0,0,Private
0.8364096684780761,0,0,-0.2712713331986215,0.3635175106304414,0,0,0,1,1,0,0,1,0,0,1,0,Govt_job
-0.6738235883675051,0,0,-0.912120779897779,-0.869296929483244,0,0,1,0,0,1,1,0,0,0,1,0,Private
-0.807079463971527,0,0,-0.18326814041426823,2.1356882682938645,0,0,1,0,0,1,1,0,0,1,0,0,Private
-0.18521871115275826,0,0,-0.5425960384078116,0.7487720231659686,0,0,1,0,0,1,1,0,0,0,1,0,Private
1.5915262969008666,0,0,0.5083438532562166,0.2736247910388186,0,0,0,1,1,0,0,1,1,0,0,0,Self-employed
1.6803635473035479,1,0,2.3151801867203576,0.23509933978526582,0,0,1,0,0,1,1,0,0,0,1,0,Self-employed
0.7031537928740542,0,0,-0.6248357979115777,-0.7023533073845161,0,0,1,0,0,1,0,1,1,0,0,0,Self-employed
-1.517777467192977,0,0,-0.17617468406892975,-0.7151951244690333,0,0,0,1,1,0,0,1,1,0,0,0,children
-0.4961490875621426,0,0,-0.7467545788470799,-0.7280369415535511,0,0,0,1,1,0,1,0,0,0,1,0,Private
0.9252469188807573,0,0,3.2011972183552704,-0.18868062400381372,0,0,1,0,0,1,1,0,1,0,0,0,Private
-0.007544210347395762,0,0,0.12507554009715646,-0.8949805636522795,0,0,0,1,0,1,0,1,0,0,0,1,Private
-1.8446985486748437,0,0,0.20687195857933874,-0.9977151003284196,0,0,0,1,1,0,0,1,1,0,0,0,children
-1.6510333427969988,0,0,0.5684165616808006,-1.4343368812020167,0,0,0,1,1,0,1,0,1,0,0,0,children
1.4582704212968447,0,0,-0.7868769413003994,0.5818284010672398,0,0,1,0,0,1,1,0,0,1,0,0,Self-employed
0.7031537928740542,1,1,3.119844140894672,-0.21436425817284874,0,0,0,1,0,1,1,0,0,1,0,0,Private
0.258967540860648,0,0,2.087524572137157,-0.03457881898960265,0,0,0,1,0,1,0,1,0,0,1,0,Private
0.03687441485394486,0,0,-0.530847501335845,-0.4840424169477172,0,0,0,1,0,1,1,0,0,0,1,0,Private
0.1257116652566261,0,0,1.824845016848848,2.7392536712661903,0,0,1,0,0,1,1,0,0,0,0,1,Private
-0.5405677127634833,0,0,-0.2162970465222496,-0.6124605877928928,0,0,1,0,0,1,1,0,1,0,0,0,Private
-0.05196283554873638,0,0,-0.7177157419333511,3.4840790621682083,0,0,1,0,1,0,1,0,0,0,0,1,Self-employed
-0.22963733635409886,0,0,-0.048935810874424016,0.24794115686978355,0,0,1,0,0,1,0,1,0,1,0,0,Private
1.191758670088801,0,0,-0.9557898705237678,-0.15015517275026094,0,0,1,0,0,1,1,0,0,0,1,0,Self-employed
1.191758670088801,1,0,-0.37966821297582254,1.0056083648563199,0,0,1,0,0,1,1,0,0,1,0,0,Govt_job
1.0585027944847791,0,0,-0.2894483150835508,-0.09878790441219044,0,1,0,1,0,1,0,1,0,0,1,0,Private
1.1473400448874604,0,0,-0.045610753212546554,0.7487720231659686,0,0,1,0,0,1,1,0,0,0,1,0,Private
-0.22963733635409886,1,0,0.08140644947116724,1.6220155849131623,0,0,1,0,0,1,1,0,0,0,1,0,Private
0.1257116652566261,0,0,0.11776041324102607,-0.7151951244690333,0,0,1,0,0,1,0,1,0,0,0,1,Govt_job
0.3033861660619886,0,0,-0.32602394936420154,-0.3170987948489893,0,0,1,0,0,1,0,1,0,0,1,0,Private
0.43664204166601045,0,0,-0.422450621558644,-0.3556242461025416,0,0,0,1,0,1,0,1,1,0,0,0,Private
-1.02917258997823,0,0,0.31992391908316786,-0.9720314661593845,0,0,1,0,1,0,1,0,0,0,1,0,Private
0.43664204166601045,0,0,0.16874463072314538,0.8001392915040387,0,0,0,1,0,1,0,1,0,0,0,1,Govt_job
-0.451730462360802,0,0,-0.14381078949332388,-0.9591896490748673,0,0,1,0,0,1,1,0,0,0,1,0,Self-employed
-0.6294049631661645,0,0,-0.9985722791065895,-1.1389750882581129,0,0,1,0,0,1,1,0,0,0,1,0,Private
-1.1624284655822519,0,0,-0.5381626281919751,-1.2031841736807007,0,0,1,0,1,0,0,1,0,1,0,0,Private
0.9252469188807573,1,0,2.0055064831441825,0.7230883889969332,0,0,0,1,0,1,1,0,1,0,0,0,Private
1.1473400448874604,0,1,2.4630344174185033,0.11952298602460797,0,0,0,1,0,1,1,0,0,1,0,0,Private
0.17013029045796674,0,0,-0.7161640483578082,0.7744556573350032,0,0,0,1,0,1,0,1,0,0,0,1,Govt_job
1.1473400448874604,0,0,-0.9442630039625932,0.42772659605302965,0,0,1,0,0,1,1,0,0,0,1,0,Self-employed
0.21454891565930734,0,0,-0.9411596168115077,-0.3042569777644716,0,0,0,1,0,1,0,1,0,0,0,1,Private
0.3478047912633292,0,0,0.8282144003288159,2.0329537316177246,0,0,1,0,0,1,0,1,0,1,0,0,Self-employed
-1.6066147175956582,0,0,-0.4253323381989379,-1.5113877837091219,0,0,0,1,1,0,0,1,1,0,0,0,children
0.258967540860648,0,0,-0.2216171387812532,-0.6253024048774105,0,0,0,1,1,0,0,1,1,0,0,0,Private
0.8364096684780761,1,1,1.5619437910497467,-0.09878790441219044,0,1,0,1,0,1,1,0,0,0,1,0,Private
-0.22963733635409886,0,0,-0.5432610499401871,0.5561447668982052,0,0,1,0,0,1,1,0,0,0,0,1,Private
-1.517777467192977,0,0,-1.0063307469843032,-1.6012805033007451,0,0,0,1,1,0,1,0,1,0,0,0,children
1.1029214196861197,0,0,-0.5809450367747969,-0.8564551123987267,0,0,1,0,0,1,0,1,0,0,1,0,Private
0.5254792920686917,0,0,0.11975544783815255,1.3908628773918466,0,0,1,0,0,1,1,0,0,1,0,0,Private
1.5915262969008666,1,0,1.5147279722510887,-0.6253024048774105,1,0,1,0,0,1,1,0,0,0,1,0,Self-employed
-0.2740559615554395,0,0,0.6340310328751794,-0.7922460269761389,0,0,1,0,1,0,1,0,0,1,0,0,Self-employed
0.43664204166601045,0,0,-0.7135040022283066,-0.24004789234188378,0,0,1,0,0,1,0,1,0,0,1,0,Private
-0.2740559615554395,0,0,1.5114029145892114,-0.3299406119335066,0,0,0,1,0,1,0,1,1,0,0,0,Govt_job
0.7919910432767354,1,1,0.1430308514712938,1.0955010844479423,1,0,0,1,0,1,0,1,0,0,0,1,Private
-1.517777467192977,0,0,-0.8926137749480987,0.5946702181517576,0,0,0,1,1,0,1,0,1,0,0,0,children
0.3478047912633292,0,0,-0.16353946495379604,0.4148847789685119,0,0,0,1,0,1,0,1,0,0,1,0,Private
-0.8959167143742082,0,0,-0.3929684436233317,-0.4583587827786822,0,0,0,1,1,0,1,0,1,0,0,0,Private
1.5026890464981855,0,0,1.8738341997338401,0.32499205937688863,1,0,1,0,0,1,1,0,0,0,1,0,Govt_job
-0.5849863379648238,0,0,-0.5439260614725626,-0.201522441088331,0,0,0,1,0,1,0,1,0,0,0,1,Private
-0.451730462360802,0,0,-0.6084321801129827,-0.4326751486096472,0,0,1,0,1,0,0,1,0,0,1,0,Private
0.3033861660619886,1,0,2.3861147501737414,1.0056083648563199,0,0,1,0,0,1,0,1,0,0,0,1,Private
0.7031537928740542,0,0,2.6671929578577718,0.5047774985601343,0,0,1,0,0,1,1,0,0,1,0,0,Private
-0.14080008595141763,0,0,-0.7917536925378198,-0.16299698983477823,0,0,0,1,0,1,0,1,0,0,0,1,Self-employed
0.7031537928740542,0,0,0.26893970160104885,0.06815571768653746,0,0,0,1,0,1,0,1,0,0,0,1,Private
-0.5405677127634833,0,0,-0.6170773300338638,-0.4840424169477172,0,0,0,1,1,0,1,0,0,0,1,0,Private
-0.9403353395755488,0,0,0.03840237037755382,1.63485740199768,0,0,1,0,1,0,1,0,1,0,0,0,Private
-0.05196283554873638,0,0,-0.46390300707671484,-0.7794042098916212,0,0,1,0,0,1,1,0,1,0,0,0,Private
0.258967540860648,0,0,2.233162097727384,2.0072700974486892,0,0,1,0,0,1,0,1,0,0,0,1,Private
-0.40731183715946134,0,0,-0.43065243045794155,0.4148847789685119,0,0,1,0,0,1,1,0,0,0,0,1,Govt_job
1.4138517960955042,0,0,-0.1959033595294019,1.6091737678286446,0,0,1,0,0,1,0,1,0,0,1,0,Self-employed
0.21454891565930734,0,0,1.9811227269570821,1.7119083045047856,0,0,1,0,0,1,1,0,1,0,0,0,Private
1.4582704212968447,0,0,2.0132649510218967,-0.7537205757225861,0,0,1,0,0,1,0,1,0,0,1,0,Private
0.9252469188807573,0,0,-0.6230624338252428,0.32499205937688863,0,0,1,0,0,1,0,1,0,0,1,0,Govt_job
-1.0735912151795706,0,0,-0.5257490795876333,0.016788449348467408,0,0,0,1,1,0,1,0,0,0,1,0,Self-employed
-1.8589125087392728,0,0,-0.6775933794800313,-1.3187605274413585,0,0,1,0,1,0,1,0,1,0,0,0,children
0.9696655440820979,0,0,-0.37612148480315344,-0.08594608732767316,0,0,1,0,0,1,0,1,0,1,0,0,Private
-1.1624284655822519,0,0,-0.40493865120609024,1.3266537919692587,0,0,1,0,1,0,0,1,0,0,1,0,Private
-0.5849863379648238,0,0,-0.662963125767771,0.5047774985601343,0,0,1,0,0,1,0,1,1,0,0,0,Private
-1.2512657159849332,0,0,-0.22959727716975878,-0.496884234032235,0,0,1,0,1,0,1,0,1,0,0,0,Private
-0.807079463971527,0,0,-0.2783647895439597,-0.09878790441219044,0,1,1,0,0,1,0,1,0,0,0,1,Govt_job
-1.2512657159849332,0,0,-0.3477476594218002,0.4148847789685119,0,0,1,0,1,0,0,1,0,0,1,0,Self-employed
1.0585027944847791,0,0,-0.19390832493227544,-0.2528897094264015,0,0,0,1,0,1,1,0,0,0,0,1,Private
-0.22963733635409886,0,0,-0.7729116991205147,1.63485740199768,0,0,1,0,0,1,0,1,0,0,1,0,Govt_job
1.4582704212968447,0,0,-0.35085104657288574,-0.09878790441219044,1,1,1,0,1,0,0,1,1,0,0,0,Private
-1.4733588419916364,0,0,-0.9467013795813033,-1.074766002835525,0,0,0,1,1,0,0,1,0,0,0,1,children
1.6803635473035479,0,0,-0.7671482658399272,-0.6381442219619283,0,0,0,1,0,1,0,1,0,1,0,0,Self-employed
1.7247821725048884,0,0,-0.5133355309832912,-1.4086532470329818,0,0,1,0,0,1,0,1,0,0,0,1,Private
0.9252469188807573,0,1,-0.8092656628903735,1.2496028894621531,0,0,0,1,0,1,1,0,0,1,0,0,Self-employed
-1.0735912151795706,0,0,-0.3406542030764617,-0.9591896490748673,0,0,1,0,0,1,1,0,0,0,1,0,Private
1.6803635473035479,0,0,-0.5687531586812468,-0.7023533073845161,1,0,1,0,0,1,1,0,0,0,1,0,Private
1.7247821725048884,0,0,-0.0003899690110150375,0.0809975347710552,0,0,0,1,0,1,0,1,1,0,0,0,Private
-1.8287078436023612,0,0,-0.6487762130770944,-1.806749576653026,0,0,1,0,1,0,1,0,1,0,0,0,children
-0.9847539647768895,0,0,2.2695160614972423,-0.5097260511167527,0,0,1,0,1,0,0,1,0,0,1,0,Private
-0.8514980891728676,0,0,-0.8378611587825187,0.4148847789685119,0,0,1,0,0,1,1,0,0,0,1,0,Private
1.4138517960955042,0,0,2.680936529526864,1.904535560772549,0,0,1,0,0,1,1,0,0,0,1,0,Private
-0.5405677127634833,0,0,-0.637914358048295,0.31215024229237137,0,0,1,0,0,1,1,0,0,1,0,0,Private
0.6587351676727136,0,0,-0.48451836458035413,-0.4198333315251294,0,0,1,0,1,0,0,1,0,1,0,0,Private
0.03687441485394486,0,0,-0.5465861076020645,0.6717211206588631,0,0,1,0,0,1,1,0,0,0,1,0,Govt_job
0.258967540860648,0,0,0.1931283869102457,0.9028738281801788,0,0,1,0,0,1,0,1,0,1,0,0,Private
-1.3401029663876145,0,0,0.8936072010124032,-0.7794042098916212,0,0,1,0,1,0,1,0,0,0,1,0,children
1.2805959204914823,0,0,-0.0385172968672084,0.5946702181517576,0,0,1,0,0,1,0,1,0,0,1,0,Govt_job
-1.7842892184010206,0,0,-0.7321243251348194,-1.2930768932723236,0,0,0,1,1,0,0,1,1,0,0,0,children
-1.1180098403809113,0,0,-1.0025623483008423,0.5304611327291697,0,0,0,1,1,0,0,1,0,0,1,0,Private
-1.86246599875538,0,0,0.09271164552155028,-1.2288678078497357,0,0,0,1,1,0,0,1,1,0,0,0,children
0.5254792920686917,0,0,-0.2839065523137552,-0.4198333315251294,1,0,1,0,0,1,1,0,0,0,1,0,Self-employed
0.1257116652566261,0,0,1.6550454055823118,-0.817929661145174,0,0,1,0,0,1,0,1,0,0,1,0,Private
0.5698979172700324,0,0,-0.07265455552914882,3.445553610914656,0,0,1,0,0,1,0,1,1,0,0,0,Govt_job
1.3694331708941636,0,0,-0.97551854598424,-0.3941496973560944,0,0,0,1,0,1,0,1,1,0,0,0,Self-employed
-1.2068470907835926,0,0,0.07165294699632713,-1.1646587224271479,0,0,1,0,1,0,1,0,1,0,0,0,children
-0.451730462360802,0,0,-0.4740998505731385,-0.09878790441219044,0,1,1,0,1,0,0,1,0,0,0,1,Private
0.8808282936794166,0,1,-0.6824701307174513,-0.40699151444061216,0,0,0,1,1,0,0,1,0,0,0,1,Private
0.21454891565930734,0,0,-0.47454319159472236,-0.22720607525736602,0,0,1,0,0,1,0,1,1,0,0,0,Private
0.3478047912633292,0,0,0.15522272956484426,-0.21436425817284874,0,0,0,1,0,1,1,0,0,0,1,0,Private
-0.807079463971527,0,0,-0.3043002393066029,-0.4583587827786822,0,0,1,0,1,0,0,1,0,0,0,1,Private
0.21454891565930734,0,0,0.9166609341347525,-0.8436132953142089,0,0,0,1,0,1,1,0,1,0,0,0,Private
-0.8959167143742082,0,0,-0.2244988554215471,-1.1518169053426306,0,0,1,0,1,0,1,0,0,0,0,1,Private
-1.2956843411862737,0,0,-0.052039198025509534,-1.1261332711735952,0,0,0,1,1,0,1,0,0,0,1,0,Private
-0.40731183715946134,0,0,-0.9903704702072922,0.055313900602020176,0,0,0,1,0,1,0,1,0,0,1,0,Private
-0.007544210347395762,0,0,-0.09836833478100042,0.42772659605302965,0,0,1,0,1,0,1,0,0,0,1,0,Govt_job
-1.9104381139728281,0,0,0.19778346763687382,-1.4728623324555696,0,0,0,1,1,0,0,1,1,0,0,0,children
-1.5621960923943174,0,0,-0.7571730928542955,-1.6141223203852626,0,0,1,0,1,0,1,0,1,0,0,0,children
0.8808282936794166,1,0,-0.19989342872365487,-1.074766002835525,0,0,1,0,0,1,1,0,0,0,1,0,Private
1.4138517960955042,0,0,0.5912486242923582,-0.34278242901802436,0,0,1,0,0,1,1,0,1,0,0,0,Govt_job
1.7247821725048884,0,0,-0.19523834799702644,-0.9463478319903496,0,0,1,0,1,0,1,0,0,0,1,0,Private
-0.9847539647768895,0,0,0.6353610559399304,0.02963026643298515,0,0,1,0,1,0,0,1,0,0,1,0,Private
-0.22963733635409886,0,0,-0.4195689049183504,0.9799247306872844,0,0,0,1,1,0,1,0,1,0,0,0,Private
-0.4961490875621426,0,0,-0.4406276034435736,-0.869296929483244,0,0,1,0,0,1,0,1,1,0,0,0,Private
0.7031537928740542,0,0,-0.1351656395724428,-0.00889518482056762,0,0,0,1,0,1,0,1,0,0,0,1,Govt_job
1.0585027944847791,0,0,0.16741460765839442,-0.3299406119335066,0,0,0,1,0,1,1,0,0,1,0,0,Private
-0.18521871115275826,0,0,-0.35306775168080384,-0.5739351365393405,0,0,1,0,0,1,1,0,0,0,1,0,Self-employed
1.1473400448874604,1,0,-0.052039198025509534,1.8274846582654434,0,0,1,0,0,1,1,0,0,1,0,0,Govt_job
-0.096381460750077,0,0,0.8960455766311135,0.6974047548278977,0,0,1,0,0,1,0,1,1,0,0,0,Self-employed
-1.1180098403809113,0,0,0.1414791578957512,0.3635175106304414,0,0,0,1,1,0,0,1,1,0,0,0,Private
0.8808282936794166,0,0,0.6876752964868007,-0.7408787586380684,0,0,1,0,0,1,1,0,0,0,0,1,Self-employed
0.39222341646466985,0,0,2.199246509576235,0.15804843727816073,0,0,1,0,0,1,1,0,0,0,1,0,Self-employed
-0.14080008595141763,0,0,-0.8870720121783031,0.2993084252078536,0,0,1,0,0,1,0,1,0,0,1,0,Private
-1.73987059319968,0,0,0.15610941160801137,-1.3701277957794291,0,0,0,1,1,0,1,0,1,0,0,0,children
0.9696655440820979,1,0,1.864080697259,0.6588793035743453,0,0,0,1,0,1,1,0,0,0,1,0,Govt_job
0.8364096684780761,0,0,0.673710054306916,0.42772659605302965,0,0,0,1,0,1,1,0,1,0,0,0,Self-employed
0.08129304005528548,0,0,0.9011439983793252,-0.7794042098916212,0,0,1,0,0,1,0,1,0,1,0,0,Private
1.5915262969008666,0,0,-0.7494146249765815,0.9670829136027665,0,0,1,0,1,0,1,0,0,0,1,0,Self-employed
0.5254792920686917,0,1,2.074667682511231,1.3009701578002233,0,0,1,0,0,1,0,1,1,0,0,0,Private
-0.807079463971527,0,0,-0.8753234751063366,-0.21436425817284874,0,0,1,0,1,0,1,0,0,0,1,0,Private
0.48106066686735105,1,0,2.5723179792388717,0.8001392915040387,0,0,1,0,0,1,0,1,0,0,0,1,Private
-1.2956843411862737,0,0,0.5262991646303542,-0.9720314661593845,0,0,1,0,1,0,1,0,0,0,1,0,children
0.9696655440820979,0,0,-0.1478008586875765,0.016788449348467408,0,0,0,1,0,1,1,0,0,1,0,0,Private
-0.40731183715946134,0,0,-0.4933851850120271,2.5209427808293916,0,0,1,0,0,1,1,0,0,1,0,0,Private
1.3694331708941636,0,0,-0.8301026909048047,1.3394956090537755,0,0,1,0,0,1,1,0,1,0,0,0,Private
-1.6954519679983393,0,0,0.13593739512595565,-0.6766696732154805,0,0,1,0,1,0,1,0,1,0,0,0,children
-0.7182422135688457,0,0,-0.7354493827966968,1.2367610723776354,0,0,0,1,1,0,0,1,0,0,1,0,Private
-1.1180098403809113,0,0,-0.5643197484654102,-1.1775005395116656,0,0,1,0,1,0,0,1,0,0,1,0,Private
0.08129304005528548,0,0,-0.9322927963798349,0.4020429618839942,0,0,1,0,0,1,1,0,1,0,0,0,Private
1.6803635473035479,0,0,-0.4936068555228191,-0.496884234032235,0,0,0,1,0,1,0,1,0,0,1,0,Self-employed
0.8808282936794166,0,0,-0.3300140185584542,-0.09878790441219044,1,1,1,0,0,1,0,1,0,1,0,0,Private
-0.14080008595141763,0,0,-0.7833302131277303,-0.7151951244690333,0,0,1,0,1,0,1,0,0,0,0,1,Private
1.2361772952901415,1,0,-0.18215978786030917,-0.2528897094264015,0,0,0,1,0,1,1,0,1,0,0,0,Self-employed
-0.7182422135688457,0,0,-0.5667581240841203,-0.9335060149058317,0,0,1,0,1,0,1,0,0,0,1,0,Private
-1.4733588419916364,0,0,-0.26927629860149505,-0.7023533073845161,0,0,1,0,1,0,0,1,1,0,0,0,children
-1.6954519679983393,0,0,-1.0637434092793854,-1.4471786982865342,0,0,1,0,1,0,1,0,1,0,0,0,children
0.7475724180753948,1,0,-0.6102055441993173,1.6476992190821977,0,0,1,0,0,1,1,0,0,1,0,0,Private
-0.9403353395755488,0,0,0.3866467428315064,-0.9720314661593845,0,0,1,0,1,0,0,1,1,0,0,0,Govt_job
-0.4961490875621426,0,0,0.10069178391005586,-0.6253024048774105,0,0,1,0,0,1,0,1,0,0,0,1,Self-employed
-1.4289402167902956,0,0,-0.06711279275935327,-1.1004496370045602,0,0,1,0,1,0,0,1,1,0,0,0,children
-0.8514980891728676,0,0,0.20487692398221227,-0.7023533073845161,0,0,1,0,1,0,1,0,0,0,1,0,Self-employed
0.8364096684780761,0,0,-0.5146655540480423,-0.175838806919296,0,0,1,0,0,1,1,0,1,0,0,0,Private
-0.8514980891728676,0,0,-0.2466659065007293,0.4148847789685119,0,0,0,1,0,1,0,1,0,1,0,0,Private
-1.2068470907835926,0,0,-0.4129187895945958,-0.08594608732767316,0,0,1,0,1,0,0,1,0,0,1,0,Private
-0.36289321195812074,0,0,-0.529517478271094,-0.5610933194548228,0,0,1,0,0,1,0,1,0,0,1,0,Private
0.6587351676727136,1,0,-1.0823637321858983,-0.2657315265109188,0,0,0,1,0,1,1,0,0,0,0,1,Govt_job
-0.18521871115275826,0,0,-0.39895354741471084,1.429388328645399,0,0,1,0,0,1,0,1,0,1,0,0,Self-employed
0.17013029045796674,0,0,-0.903253959466106,0.26078297395430083,0,0,1,0,0,1,0,1,0,0,1,0,Private
-1.8287078436023612,0,0,-0.5942452674223061,-1.7682241253994733,0,0,0,1,1,0,0,1,1,0,0,0,children
-0.36289321195812074,0,0,-0.2701629806446625,-0.047420636074120386,0,0,0,1,1,0,0,1,0,0,0,1,Private
0.7031537928740542,0,0,-0.7693649709478456,-0.09878790441219044,0,0,1,0,0,1,0,1,0,0,1,0,Private
1.1473400448874604,0,0,-0.5093454617890383,-0.11162972149670818,1,0,1,0,0,1,0,1,0,0,1,0,Govt_job
-1.7842892184010206,0,0,0.03840237037755382,-1.4471786982865342,0,0,0,1,1,0,0,1,1,0,0,0,children
-1.0735912151795706,0,0,0.10889359280935337,1.2367610723776354,0,0,1,0,1,0,0,1,0,0,1,0,Private
1.547107671699526,0,0,3.05267797612475,-0.3556242461025416,0,0,1,0,0,1,0,1,0,0,1,0,Private
0.3033861660619886,0,0,-0.9635483384014817,-0.9335060149058317,0,0,1,0,0,1,1,0,1,0,0,0,Private
-0.6294049631661645,0,0,-0.31782214046490403,-0.5996187707083755,0,0,1,0,0,1,1,0,0,0,1,0,Private
-0.3184745867567801,0,0,0.5307325748461904,-0.1373133556657432,0,0,0,1,0,1,1,0,0,0,1,0,Private
-1.2956843411862737,0,0,0.46068469343597473,-0.3813078802715771,0,0,0,1,1,0,0,1,0,1,0,0,Private
-0.7626608387701863,0,0,-0.37678649633552863,-0.5097260511167527,0,0,1,0,0,1,1,0,0,0,1,0,Private
1.2805959204914823,1,0,1.7667673430213906,1.0569756331943898,1,0,0,1,0,1,1,0,0,0,1,0,Self-employed
-1.0735912151795706,0,0,0.30573700639249124,-0.52256786820127,0,0,0,1,1,0,0,1,1,0,0,0,Private
0.8808282936794166,0,0,-0.488730104285399,-0.9591896490748673,0,0,1,0,0,1,0,1,1,0,0,0,Private
-1.2512657159849332,0,0,-0.6862385294009123,-1.4728623324555696,0,0,0,1,1,0,1,0,1,0,0,0,children
0.7031537928740542,0,0,-0.3486343414649673,0.003946632263949666,0,0,1,0,0,1,0,1,0,0,0,1,Self-employed
-0.5849863379648238,0,0,-0.6951053498325851,2.0457955487022415,0,0,1,0,0,1,0,1,0,0,1,0,Private
-1.384521591588955,0,0,0.2494326966513686,-1.3829696128639464,0,0,0,1,1,0,1,0,1,0,0,0,children
0.3478047912633292,0,0,-0.6148606249259457,0.32499205937688863,0,0,0,1,0,1,1,0,0,0,1,0,Private
-1.6954519679983393,0,0,-0.534837570530098,-1.4985459666246046,0,0,1,0,1,0,0,1,1,0,0,0,children
-1.6066147175956582,0,0,1.135449728286281,-1.5242296007936396,0,0,1,0,1,0,1,0,1,0,0,0,children
0.7919910432767354,0,0,2.399858321842834,0.06815571768653746,0,0,0,1,0,1,1,0,0,1,0,0,Private
0.7475724180753948,1,0,-0.9274160451424146,0.42772659605302965,0,0,0,1,1,0,0,1,0,0,1,0,Private
1.547107671699526,1,0,1.6938377449708806,0.2094157056162308,0,0,1,0,0,1,0,1,0,1,0,0,Private
-0.451730462360802,0,0,0.037294017823594774,-0.27857334359543656,0,0,0,1,1,0,0,1,0,0,1,0,Private
0.8364096684780761,0,0,-0.5556745985445292,-0.3684660631870594,0,0,0,1,0,1,1,0,0,1,0,0,Private
-0.7626608387701863,0,0,0.5382693722131124,0.5433029498136875,0,0,1,0,1,0,1,0,0,0,1,0,Private
0.5254792920686917,0,0,-0.362599583644852,-0.3556242461025416,0,0,1,0,0,1,0,1,0,1,0,0,Govt_job
0.3033861660619886,0,0,-0.312723718716692,-0.8307714782296917,0,0,1,0,0,1,0,1,0,0,1,0,Private
0.1257116652566261,0,0,-0.07797464778815275,1.2881283407157056,0,0,0,1,0,1,1,0,0,1,0,0,Govt_job
-0.4961490875621426,0,0,0.1902466702699521,1.1468683527860122,0,0,1,0,1,0,0,1,1,0,0,0,Private
0.9696655440820979,0,0,-0.381663247572949,0.016788449348467408,0,0,0,1,0,1,0,1,0,0,0,1,Private
-0.4961490875621426,0,0,-0.5539012344581946,2.0457955487022415,0,0,1,0,0,1,0,1,0,0,1,0,Private
1.0585027944847791,0,0,-0.24777425905468836,-0.06026245315863813,0,0,1,0,0,1,1,0,0,0,0,1,Govt_job
0.5698979172700324,0,0,0.8543715206022511,0.04247208351750244,0,0,1,0,0,1,0,1,0,0,1,0,Private
0.7031537928740542,0,0,-1.0007889842145077,-1.1389750882581129,0,0,1,0,0,1,1,0,0,0,1,0,Private
0.8808282936794166,0,0,2.1741977418567595,-0.3170987948489893,0,0,1,0,0,1,1,0,0,0,1,0,Self-employed
0.03687441485394486,0,0,-0.8950521505668088,-0.52256786820127,0,0,0,1,0,1,0,1,0,0,0,1,Private
0.03687441485394486,0,0,0.8095940774223028,0.02963026643298515,0,0,0,1,0,1,0,1,0,0,0,1,Private
-1.2956843411862737,0,0,-0.692666974213875,-0.4712005998631999,0,0,0,1,1,0,0,1,1,0,0,0,children
1.3250145456928228,0,0,-0.09326991303278842,0.9028738281801788,0,0,0,1,0,1,0,1,0,0,1,0,Private
-1.384521591588955,0,0,-0.534837570530098,-0.6895114902999984,0,0,1,0,1,0,1,0,0,1,0,0,children
-0.007544210347395762,0,0,-0.5086804502566628,0.35067569354592415,0,0,0,1,0,1,1,0,0,0,1,0,Self-employed
-1.1624284655822519,0,0,-0.7926403745809869,-0.7408787586380684,0,0,1,0,1,0,1,0,0,0,0,1,Private
0.5698979172700324,0,0,0.3680264199249933,0.18373207144719578,0,0,0,1,0,1,0,1,1,0,0,0,Govt_job
-0.9403353395755488,0,0,0.6617398467241572,-1.2031841736807007,0,0,1,0,1,0,0,1,0,0,1,0,Private
1.6803635473035479,0,0,-0.7866552707896077,-0.3941496973560944,1,0,1,0,1,0,0,1,0,0,0,1,Govt_job
0.7919910432767354,0,0,-0.6015603942784362,0.941399279433732,0,0,1,0,0,1,1,0,0,1,0,0,Private
-0.007544210347395762,0,0,0.03640733578042766,-0.3042569777644716,0,0,1,0,0,1,1,0,0,0,1,0,Private
0.03687441485394486,0,0,-0.22893226563738361,0.32499205937688863,0,0,0,1,0,1,1,0,0,0,0,1,Private
0.08129304005528548,0,0,-0.3838799526808671,0.055313900602020176,0,0,1,0,1,0,0,1,0,0,1,0,Self-employed
-0.22963733635409886,0,0,-0.39562848975283366,1.9173773778570657,0,0,1,0,0,1,0,1,0,0,1,0,Private
0.7475724180753948,0,0,-0.9571198935885189,0.23509933978526582,0,0,0,1,0,1,1,0,0,0,1,0,Private
-1.384521591588955,0,0,-0.43863256884644714,-1.1261332711735952,0,0,0,1,1,0,1,0,0,1,0,0,children
-1.2512657159849332,0,0,-0.6259441504655368,-0.52256786820127,0,0,0,1,1,0,0,1,1,0,0,0,Private
-0.4961490875621426,0,0,-0.6345893003864178,0.8129811085885564,0,0,1,0,1,0,1,0,0,0,0,1,Private
0.6587351676727136,0,0,1.4440150793084976,0.23509933978526582,0,0,0,1,1,0,1,0,1,0,0,0,Self-employed
-1.02917258997823,0,0,-0.5920285623143879,1.5834901336596099,0,0,1,0,0,1,0,1,0,0,1,0,Private
-1.2512657159849332,0,0,0.4693298433568558,-0.02173700190508536,0,0,1,0,1,0,0,1,1,0,0,0,children
-0.8514980891728676,0,0,0.30041691413348764,1.2367610723776354,0,0,0,1,1,0,0,1,0,0,1,0,Private
-1.8518055287070585,0,0,-1.1127325921643778,-1.4086532470329818,0,0,1,0,1,0,1,0,1,0,0,0,children
-0.5849863379648238,0,0,-0.9651000319770244,0.6203538523207931,0,0,1,0,0,1,1,0,0,0,1,0,Govt_job
-0.8514980891728676,0,0,-0.43087410096873346,0.49193568147561745,0,0,1,0,1,0,0,1,0,0,1,0,Private
-0.05196283554873638,0,0,2.3207219494901534,5.525927978606501,0,0,0,1,0,1,1,0,0,0,1,0,Private
-1.3401029663876145,0,0,-1.040246335135452,-1.5370714178781575,0,0,0,1,1,0,0,1,0,0,1,0,children
0.21454891565930734,0,0,-0.5525712113934437,-0.175838806919296,0,0,0,1,1,0,0,1,1,0,0,0,Private
0.3033861660619886,0,0,-0.050487504449966615,0.9028738281801788,0,0,0,1,0,1,0,1,0,0,1,0,Private
0.9696655440820979,0,0,-0.21984377469491867,0.11952298602460797,0,0,1,0,0,1,1,0,0,0,1,0,Private
-1.6066147175956582,0,0,-0.1699679097667587,-1.0876078199200427,0,0,0,1,1,0,0,1,1,0,0,0,children
-1.8375915686426294,0,0,-0.819905847408381,-0.09878790441219044,0,1,0,1,1,0,0,1,1,0,0,0,children
-0.40731183715946134,0,0,-0.35705782087505644,-0.7280369415535511,0,0,0,1,1,0,1,0,0,0,0,1,Private
-1.8518055287070585,0,0,0.28290494378093356,-1.04908236866649,0,0,1,0,1,0,1,0,1,0,0,0,children
-0.05196283554873638,0,0,-0.17750470713368072,0.11952298602460797,0,0,1,0,0,1,0,1,1,0,0,0,Govt_job
0.6143165424713729,0,0,1.8572089114244534,0.23509933978526582,0,0,0,1,0,1,0,1,0,0,1,0,Private
-1.5621960923943174,0,0,-0.8411862164443958,-0.6253024048774105,0,0,1,0,1,0,1,0,1,0,0,0,children
1.7247821725048884,0,1,0.8670067397173848,-0.3170987948489893,1,0,0,1,0,1,0,1,0,0,0,1,Private
-1.5621960923943174,0,0,0.016013648787579996,-2.1277950037659648,0,0,1,0,1,0,0,1,1,0,0,0,children
-0.8514980891728676,0,0,-0.1744013199825952,-0.7408787586380684,0,0,1,0,0,1,1,0,0,0,1,0,Private
1.6803635473035479,0,0,2.8498494587502328,-0.4583587827786822,0,0,0,1,0,1,0,1,0,1,0,0,Private
-0.22963733635409886,0,0,-0.6303775606813733,-0.15015517275026094,0,0,1,0,0,1,0,1,0,0,1,0,Private
-1.6954519679983393,0,0,-0.4763165556810569,-1.6526477716388153,0,0,0,1,1,0,1,0,1,0,0,0,children
-0.9847539647768895,0,0,-0.7088489215016781,-1.1646587224271479,0,0,0,1,1,0,0,1,1,0,0,0,Private
0.258967540860648,0,0,-0.41513549470251393,-0.07310427024315541,0,0,0,1,0,1,0,1,0,0,1,0,Private
-1.2956843411862737,0,0,1.2301030363943892,-1.2545514420187707,0,0,0,1,1,0,1,0,1,0,0,0,Never_worked
-0.2740559615554395,0,0,-0.9247559990129129,-0.11162972149670818,0,0,0,1,0,1,0,1,1,0,0,0,Private
-1.4289402167902956,0,0,-0.19679004157256935,-1.0876078199200427,0,0,0,1,1,0,1,0,1,0,0,0,children
1.4138517960955042,1,0,2.527762206569715,0.0809975347710552,0,0,1,0,0,1,1,0,0,1,0,0,Self-employed
-1.73987059319968,0,0,-0.1291805357810637,-1.7553823083149558,0,0,0,1,1,0,1,0,1,0,0,0,children
-1.4733588419916364,0,0,0.2492110261405767,-0.9977151003284196,0,0,0,1,1,0,1,0,0,0,1,0,children
-0.5849863379648238,0,0,-0.8006205129694924,0.8900320110956611,0,0,1,0,1,0,0,1,0,1,0,0,Private
-0.807079463971527,0,0,-0.058467642838472195,-1.0105569174129374,0,0,1,0,1,0,1,0,0,0,0,1,Govt_job
0.39222341646466985,1,0,-0.029650476435535394,-0.09878790441219044,0,1,1,0,0,1,1,0,0,0,1,0,Self-employed
-1.02917258997823,0,0,-0.20410516842869944,1.853168292434478,0,0,0,1,1,0,0,1,0,0,1,0,Private
0.8808282936794166,0,0,2.4798813762386818,-0.02173700190508536,0,0,0,1,0,1,1,0,0,1,0,0,Govt_job
-1.2512657159849332,0,0,-0.5230890334581314,1.4935974140679866,0,0,1,0,1,0,1,0,0,0,1,0,Private
-0.2740559615554395,0,0,-1.0138675443512253,-0.6124605877928928,0,0,1,0,0,1,0,1,1,0,0,0,Private
1.2805959204914823,0,0,-0.23469569891797076,0.7872974744195209,0,0,1,0,0,1,0,1,0,0,1,0,Private
0.3033861660619886,0,0,-0.8985988787394779,-0.4455169656941649,0,0,1,0,0,1,1,0,0,0,0,1,Private
0.5254792920686917,0,0,-0.8201275179191727,-0.24004789234188378,0,0,0,1,0,1,0,1,0,0,1,0,Private
0.258967540860648,0,0,-0.6084321801129827,0.466252047306582,0,0,0,1,0,1,1,0,1,0,0,0,Private
0.3033861660619886,0,0,0.3403176060760155,-0.7794042098916212,0,0,1,0,0,1,0,1,0,0,1,0,Self-employed
0.6143165424713729,0,0,-0.4142488126593468,2.4952591466603558,0,0,1,0,0,1,1,0,0,0,0,1,Govt_job
0.5698979172700324,0,0,0.4072621003351457,-0.7537205757225861,0,0,1,0,0,1,0,1,0,0,1,0,Self-employed
-1.73987059319968,0,0,-0.9571198935885189,-0.9848732832439023,0,0,1,0,1,0,0,1,1,0,0,0,children
1.4138517960955042,1,1,2.5634511588071986,0.466252047306582,0,0,0,1,0,1,1,0,1,0,0,0,Private
-1.02917258997823,0,0,-0.6168556595230722,-0.3299406119335066,0,0,1,0,0,1,0,1,0,0,0,1,Private
0.39222341646466985,0,0,-0.7106222855880127,0.7102465719124154,0,0,1,0,0,1,0,1,0,1,0,0,Private
-1.6066147175956582,0,0,-0.39562848975283366,-0.09878790441219044,0,1,0,1,1,0,0,1,1,0,0,0,children
-0.807079463971527,0,0,0.12995229133457653,0.8129811085885564,0,0,1,0,1,0,1,0,0,1,0,0,Private
-1.8660194887714876,0,0,-0.9039189709984814,-1.5242296007936396,0,0,1,0,1,0,0,1,1,0,0,0,children
0.21454891565930734,0,0,-0.12762884220552076,-0.6895114902999984,0,0,0,1,0,1,0,1,0,0,1,0,Private
-1.7842892184010206,0,0,0.056136011240899515,-1.8838004791601315,0,0,1,0,1,0,1,0,1,0,0,0,children
-1.2068470907835926,0,0,0.6304843047025104,0.22225752270074853,0,0,0,1,1,0,1,0,1,0,0,0,children
-1.1180098403809113,0,0,-0.7046371817966336,-0.6638278561309633,0,0,0,1,1,0,0,1,1,0,0,0,Self-employed
0.21454891565930734,0,0,-0.7505229775305405,1.6476992190821977,0,0,1,0,0,1,1,0,0,0,1,0,Self-employed
-0.18521871115275826,0,0,-0.44772105978891175,0.5561447668982052,0,0,1,0,1,0,1,0,1,0,0,0,Private
-0.18521871115275826,0,0,-0.5938019264007225,0.145206620193643,0,0,1,0,1,0,1,0,0,0,1,0,Private
0.9696655440820979,0,0,-0.8281076563076782,-0.09878790441219044,1,1,0,1,0,1,0,1,0,1,0,0,Self-employed
-0.007544210347395762,0,0,-0.18260312888189273,-0.07310427024315541,0,0,1,0,0,1,1,0,0,1,0,0,Private
0.43664204166601045,0,0,-0.33555578132824976,-0.869296929483244,0,0,1,0,0,1,1,0,0,1,0,0,Private
-0.007544210347395762,0,0,-0.39828853588233565,1.2752865236311879,0,0,0,1,0,1,0,1,0,1,0,0,Private
1.3694331708941636,0,0,-0.8748801340847531,0.7102465719124154,0,0,1,0,0,1,1,0,0,1,0,0,Private
0.48106066686735105,0,0,-0.28457156384613075,1.5578064994905745,0,0,0,1,0,1,0,1,0,0,1,0,Private
-0.3184745867567801,0,0,0.3128304627378297,1.1211847186169777,0,0,0,1,0,1,1,0,0,0,1,0,Private
-0.5405677127634833,0,0,-0.7786751324011022,-0.21436425817284874,0,0,1,0,1,0,1,0,0,0,1,0,Govt_job
-0.5405677127634833,0,0,-0.7731333696313066,-0.07310427024315541,0,0,1,0,0,1,1,0,0,0,1,0,Private
0.7475724180753948,0,0,2.3548592081520945,-0.09878790441219044,0,1,0,1,0,1,1,0,1,0,0,0,Self-employed
-0.7182422135688457,0,0,-0.5073504271919118,-0.496884234032235,0,0,0,1,0,1,0,1,1,0,0,0,Self-employed
-0.7626608387701863,0,0,-0.5286307962279269,-0.3684660631870594,0,0,1,0,1,0,0,1,0,0,0,1,Private
0.6587351676727136,0,0,0.6672816094939528,-0.7408787586380684,0,0,0,1,0,1,1,0,0,1,0,0,Private
-0.22963733635409886,0,0,0.0441658036581413,-0.4840424169477172,0,0,1,0,0,1,1,0,0,0,1,0,Private
-1.6510333427969988,0,0,0.2130787328815098,-1.2417096249342534,0,0,0,1,1,0,1,0,1,0,0,0,children
0.39222341646466985,0,0,0.4631230690546851,-0.09878790441219044,0,0,1,0,0,1,0,1,0,0,1,0,Private
-1.5621960923943174,0,0,-0.9912571522504594,-1.2545514420187707,0,0,0,1,1,0,0,1,1,0,0,0,children
-1.2068470907835926,0,0,0.6657299159184101,0.8001392915040387,0,0,0,1,1,0,0,1,0,0,1,0,children
-0.6294049631661645,0,0,0.24810267358661764,-0.7023533073845161,0,0,1,0,0,1,0,1,0,0,1,0,Private
-0.40731183715946134,0,0,-0.8451762856386488,-0.8307714782296917,0,0,1,0,1,0,0,1,0,0,1,0,Private
0.03687441485394486,0,0,-0.16597784057250606,-0.496884234032235,0,0,1,0,0,1,1,0,0,0,1,0,Private
-1.6066147175956582,0,0,0.4961519751626661,-1.2802350761878063,0,0,1,0,1,0,0,1,1,0,0,0,children
0.7031537928740542,0,0,2.8602679727574483,2.9447227446184705,0,0,1,0,0,1,1,0,0,0,1,0,Private
-0.6738235883675051,0,0,-0.036078921248498375,-0.9463478319903496,0,0,1,0,1,0,1,0,0,0,1,0,Private
-0.096381460750077,0,0,-0.4807499658968934,0.055313900602020176,0,0,0,1,0,1,0,1,0,0,1,0,Govt_job
-1.6066147175956582,0,0,-0.9834986843727457,-1.0362405515819724,0,0,1,0,1,0,0,1,1,0,0,0,children
-1.8287078436023612,0,0,-0.2712713331986215,-0.7151951244690333,0,0,0,1,1,0,0,1,1,0,0,0,children
0.03687441485394486,0,0,-0.858476516286158,0.8515065598421088,0,0,1,0,0,1,0,1,0,0,1,0,Govt_job
1.0140841692834386,0,0,-1.0382513005383256,-0.548251502370305,0,0,1,0,0,1,0,1,0,0,1,0,Self-employed
0.258967540860648,0,0,-0.35860951445059935,-0.15015517275026094,0,0,1,0,0,1,1,0,0,0,1,0,Govt_job
0.7919910432767354,0,0,-1.120047719020508,0.5561447668982052,0,0,0,1,0,1,1,0,1,0,0,0,Private
1.1029214196861197,0,0,1.9871078307484615,0.003946632263949666,0,0,0,1,0,1,0,1,0,0,1,0,Self-employed
-0.2740559615554395,0,0,-0.8480580022789423,2.649360951674567,0,0,0,1,1,0,0,1,0,1,0,0,Private
0.8808282936794166,0,0,2.017698361237733,0.9028738281801788,0,0,0,1,0,1,1,0,0,0,1,0,Private
-0.807079463971527,0,0,-0.02499539570890727,-0.6381442219619283,0,0,1,0,0,1,0,1,0,0,1,0,Private
0.39222341646466985,0,0,-0.807270628293247,0.941399279433732,0,0,0,1,1,0,1,0,1,0,0,0,Private
-0.36289321195812074,0,0,-0.5093454617890383,-0.6381442219619283,0,0,0,1,0,1,0,1,0,0,1,0,Private
-0.5849863379648238,0,0,0.24810267358661764,-0.3684660631870594,0,0,1,0,0,1,0,1,0,0,1,0,Private
-0.6294049631661645,0,0,2.2564375013605256,-0.7794042098916212,0,0,0,1,1,0,0,1,0,0,0,1,Private
-0.8959167143742082,0,0,0.22593562250743543,-0.8436132953142089,0,0,0,1,1,0,0,1,0,0,1,0,Private
-0.451730462360802,0,0,-0.3905300680046217,1.2496028894621531,0,0,1,0,0,1,1,0,0,1,0,0,Private
-1.6066147175956582,0,0,-0.05070917496075855,-1.2673932591032886,0,0,0,1,1,0,1,0,1,0,0,0,children
1.6359449221022073,1,0,-0.3685846874362314,-0.6253024048774105,0,0,1,0,0,1,0,1,0,0,1,0,Private
-0.18521871115275826,0,0,-0.7254742098110648,-1.023398734497455,0,0,1,0,1,0,0,1,0,0,1,0,Self-employed
1.5026890464981855,1,0,0.08251480202512661,-0.09878790441219044,0,1,1,0,0,1,0,1,0,0,1,0,Self-employed
-0.22963733635409886,0,0,-0.8079356398256226,1.904535560772549,0,0,1,0,0,1,0,1,0,0,1,0,Private
-1.2068470907835926,0,0,-0.8316543844803477,-1.0876078199200427,0,0,1,0,1,0,1,0,0,0,1,0,Never_worked
1.2361772952901415,0,0,-0.3200388455728225,-0.09878790441219044,0,1,1,0,0,1,0,1,0,1,0,0,Self-employed
-0.9403353395755488,0,0,-0.4333124765874435,0.2993084252078536,0,0,1,0,0,1,0,1,0,0,1,0,Private
1.2361772952901415,1,0,2.527318865548132,0.6845629377433808,0,0,1,0,0,1,0,1,0,1,0,0,Govt_job
-1.8287078436023612,0,0,-0.24467087190360282,-1.395811429948464,0,0,0,1,1,0,0,1,1,0,0,0,children
1.6803635473035479,0,1,0.39241017611209356,0.23509933978526582,0,0,1,0,0,1,1,0,0,0,0,1,Private
-0.05196283554873638,0,0,-0.8383044998041023,-0.6509860390464456,0,0,0,1,0,1,1,0,1,0,0,0,Govt_job
0.7031537928740542,0,0,-0.807270628293247,-0.2528897094264015,0,0,0,1,0,1,1,0,0,1,0,0,Private
-0.36289321195812074,0,0,-0.18149477632793368,2.0457955487022415,0,0,1,0,0,1,1,0,0,0,0,1,Govt_job
-1.1180098403809113,0,0,0.7699150559905669,-0.18868062400381372,0,0,0,1,0,1,1,0,0,0,1,0,Private
-1.2956843411862737,0,0,-1.006774088005887,-0.2528897094264015,0,0,1,0,1,0,0,1,1,0,0,0,children
-0.6294049631661645,0,0,-0.5878168226093434,0.016788449348467408,0,0,1,0,1,0,1,0,0,0,0,1,Private
1.547107671699526,0,0,-0.4009485820118373,0.09383935185557295,0,0,1,0,1,0,1,0,0,0,1,0,Private
-1.3401029663876145,0,0,1.473718927754602,-1.5755968691317097,0,0,1,0,1,0,1,0,0,0,1,0,Private
-0.007544210347395762,0,0,-0.6190723646309902,0.003946632263949666,0,0,0,1,0,1,1,0,0,0,1,0,Private
-0.05196283554873638,0,0,-0.5663147830625367,0.003946632263949666,0,0,1,0,1,0,0,1,0,0,1,0,Private
-0.22963733635409886,1,0,-0.3277973134505361,0.5689865839827221,0,0,1,0,0,1,0,1,0,0,1,0,Self-employed
1.2361772952901415,0,1,2.2506740680799378,0.4534102302220642,0,0,0,1,0,1,1,0,0,0,0,1,Self-employed
-0.9403353395755488,0,0,-0.8755451456171282,-1.074766002835525,0,0,1,0,1,0,0,1,0,0,0,1,Private
-0.807079463971527,0,0,0.6327010098104291,-1.2031841736807007,0,0,1,0,1,0,1,0,1,0,0,0,Private
1.3694331708941636,0,0,-0.21829208111937606,-0.24004789234188378,0,0,1,0,0,1,1,0,0,0,1,0,Self-employed
1.3694331708941636,0,0,2.707758661332675,-0.3684660631870594,0,0,0,1,0,1,0,1,1,0,0,0,Private
-0.807079463971527,0,0,-0.650549577163429,2.4952591466603558,0,0,1,0,1,0,0,1,1,0,0,0,Private
0.5698979172700324,0,0,-0.5454777550481051,-0.2528897094264015,0,0,0,1,0,1,1,0,0,0,1,0,Private
0.8808282936794166,1,0,2.713522094613262,1.1340265357014954,0,0,1,0,0,1,0,1,0,0,1,0,Self-employed
-1.02917258997823,0,0,-0.24644423598993737,-0.00889518482056762,0,0,1,0,1,0,1,0,1,0,0,0,Private
-1.2956843411862737,0,0,-0.7972954553076153,-0.4840424169477172,0,0,1,0,1,0,0,1,0,0,1,0,children
-0.6294049631661645,0,0,-1.0092124636245972,-1.0876078199200427,0,0,1,0,1,0,0,1,0,0,1,0,Private
0.48106066686735105,0,0,-0.5437043909617706,-0.3042569777644716,0,0,1,0,0,1,1,0,1,0,0,0,Private
1.2805959204914823,1,1,2.051170608367298,0.31215024229237137,0,0,1,0,0,1,0,1,0,1,0,0,Private
0.39222341646466985,0,0,-0.9586715871640616,0.7872974744195209,0,0,1,0,0,1,0,1,0,0,0,1,Private
-0.9847539647768895,0,0,-0.6082105096021911,-1.1004496370045602,0,0,1,0,1,0,0,1,1,0,0,0,Private
1.2361772952901415,1,0,-0.2701629806446625,-0.09878790441219044,0,1,0,1,0,1,1,0,0,0,1,0,Self-employed
-1.4733588419916364,0,0,-0.46390300707671484,-0.03457881898960265,0,0,1,0,1,0,1,0,0,0,1,0,children
-1.1624284655822519,0,0,-0.9925871753152105,0.466252047306582,0,0,0,1,1,0,1,0,1,0,0,0,Never_worked
0.08129304005528548,0,0,-0.5268574321415924,1.6605410361667146,0,0,1,0,0,1,0,1,0,0,0,1,Govt_job
0.17013029045796674,0,0,-0.21607537601145765,0.04247208351750244,0,0,1,0,0,1,0,1,1,0,0,0,Private
0.7475724180753948,0,0,-0.8323193960127232,0.42772659605302965,0,0,0,1,0,1,1,0,1,0,0,0,Private
0.6587351676727136,1,0,1.9671574847771975,1.3651792432228111,0,0,1,0,0,1,0,1,0,0,1,0,Private
0.8364096684780761,1,0,-0.6155256364583211,0.9670829136027665,0,0,1,0,0,1,0,1,0,0,1,0,Private
0.7031537928740542,1,0,-1.0757136168621437,-0.6895114902999984,0,0,1,0,1,0,1,0,0,0,1,0,Private
0.9696655440820979,0,1,-1.0699501835815561,-0.09878790441219044,0,1,1,0,0,1,1,0,0,1,0,0,Private
1.5915262969008666,1,0,-0.6461161669475926,-1.2031841736807007,0,0,1,0,0,1,1,0,0,0,1,0,Self-employed
-0.22963733635409886,0,0,-0.31804381097569595,-0.09878790441219044,0,1,1,0,0,1,0,1,1,0,0,0,Private
1.2361772952901415,1,0,2.154469066396287,1.5963319507441267,0,0,1,0,0,1,1,0,0,0,1,0,Private
-1.3401029663876145,0,0,-0.17329296742863615,-0.5610933194548228,0,0,0,1,1,0,1,0,0,0,1,0,children
1.7247821725048884,0,0,0.26517130291758784,0.11952298602460797,0,0,1,0,0,1,1,0,0,0,1,0,Self-employed
-0.5849863379648238,0,0,-1.1020924076463705,0.31215024229237137,0,0,1,0,1,0,1,0,0,0,1,0,Self-employed
1.547107671699526,0,0,0.08162811998195918,0.24794115686978355,1,0,1,0,0,1,1,0,0,0,1,0,Self-employed
-0.22963733635409886,0,0,2.5007184042531128,2.443891878322286,0,0,1,0,1,0,0,1,0,1,0,0,Private
-0.05196283554873638,0,0,2.2670776858785326,-0.09878790441219044,0,1,1,0,0,1,0,1,0,0,0,1,Private
1.547107671699526,0,0,-0.4601346083932538,-0.3556242461025416,0,0,0,1,0,1,0,1,0,1,0,0,Private
-0.4961490875621426,0,0,-0.26838961655832766,0.32499205937688863,0,0,0,1,1,0,1,0,0,0,1,0,Private
0.3033861660619886,0,0,-0.03430555716216383,0.5047774985601343,0,0,1,0,0,1,0,1,1,0,0,0,Govt_job
-0.8959167143742082,0,0,0.41479889770206774,0.5818284010672398,0,0,1,0,1,0,0,1,1,0,0,0,Private
1.0140841692834386,0,0,-0.3758998142923615,0.02963026643298515,0,0,0,1,0,1,1,0,1,0,0,0,Private
-1.6510333427969988,0,0,-0.4807499658968934,-1.1646587224271479,0,0,1,0,1,0,1,0,1,0,0,0,children
1.5915262969008666,1,1,-0.4916118209256926,-0.9591896490748673,0,0,1,0,0,1,1,0,0,0,0,1,Govt_job
1.5026890464981855,0,0,-0.5871518110769679,-0.3170987948489893,0,0,1,0,0,1,0,1,1,0,0,0,Private
-1.6954519679983393,0,0,-0.26395620634249145,-1.8324332108220611,0,0,1,0,1,0,0,1,1,0,0,0,children
0.8364096684780761,1,0,2.083534502942904,2.0971628170403123,0,0,1,0,1,0,0,1,1,0,0,0,Private
-0.9847539647768895,0,0,0.33965259454364005,-1.0105569174129374,0,0,1,0,1,0,1,0,1,0,0,0,Private
0.6143165424713729,0,0,0.04327912161497388,-0.06026245315863813,0,0,0,1,1,0,0,1,1,0,0,0,Private
-1.02917258997823,0,0,-1.0222910237613145,-0.15015517275026094,0,0,0,1,1,0,0,1,0,0,1,0,Private
-0.40731183715946134,0,0,-0.8606932213940764,-0.3556242461025416,0,0,0,1,0,1,0,1,0,0,1,0,Private
1.547107671699526,0,0,-1.096107303854991,-0.175838806919296,0,0,1,0,0,1,1,0,1,0,0,0,Private
-0.5849863379648238,0,0,-0.38188491808374064,2.110004634124829,0,0,1,0,0,1,0,1,0,0,1,0,Private
-0.36289321195812074,0,0,-0.6603030796382692,1.1597101698705299,0,0,1,0,0,1,0,1,1,0,0,0,Private
1.3694331708941636,0,0,-0.5213156693717969,-0.6766696732154805,0,0,1,0,0,1,1,0,0,1,0,0,Self-employed
-0.2740559615554395,0,0,-0.6917802921707079,0.35067569354592415,0,0,0,1,0,1,1,0,1,0,0,0,Private
-1.3401029663876145,0,0,-0.07797464778815275,-1.4985459666246046,0,0,1,0,1,0,1,0,0,0,1,0,children
1.0140841692834386,1,0,2.2043449313244468,1.3651792432228111,0,0,1,0,0,1,1,0,0,0,1,0,Private
0.3033861660619886,0,0,0.09736672624817871,-0.3684660631870594,0,0,1,0,0,1,0,1,0,1,0,0,Self-employed
1.191758670088801,1,0,-0.04206402503987748,0.145206620193643,0,0,1,0,0,1,1,0,0,0,1,0,Self-employed
0.8364096684780761,0,0,-0.5146655540480423,0.9157156452646965,0,0,1,0,0,1,1,0,0,1,0,0,Private
1.4138517960955042,0,0,-0.6871252114440795,0.4534102302220642,0,0,1,0,0,1,1,0,0,0,1,0,Self-employed
1.3250145456928228,1,0,-0.08262972851478087,-0.09878790441219044,0,1,0,1,0,1,1,0,1,0,0,0,Self-employed
0.8364096684780761,0,0,-0.8582548457753664,-0.5610933194548228,0,0,1,0,0,1,0,1,0,0,1,0,Govt_job
0.39222341646466985,0,0,2.098608097676748,-0.496884234032235,0,0,1,0,0,1,1,0,1,0,0,0,Private
0.1257116652566261,0,0,0.1328340079748701,1.3523374261382934,0,0,0,1,0,1,1,0,0,0,0,1,Private
-1.517777467192977,0,0,-0.9761835575166156,-1.6269641374697803,0,0,0,1,1,0,1,0,1,0,0,0,children
-0.7626608387701863,0,0,-0.3654813002851459,2.5081009637448735,0,0,1,0,1,0,1,0,0,0,0,1,Private
-1.2956843411862737,0,0,0.13239066695328655,-0.52256786820127,0,0,1,0,1,0,1,0,1,0,0,0,children
-0.8514980891728676,0,0,-0.10679181419108955,-0.12447153858122592,0,0,1,0,1,0,1,0,0,0,1,0,Govt_job
0.9252469188807573,0,0,-0.47698156721343243,-0.548251502370305,0,0,0,1,0,1,1,0,1,0,0,0,Private
1.6359449221022073,0,0,-0.7332326776887788,0.13236480310912527,0,0,1,0,1,0,0,1,0,0,1,0,Self-employed
0.7919910432767354,0,0,-0.48030662487530956,-0.4840424169477172,0,0,0,1,0,1,0,1,0,1,0,0,Private
1.6803635473035479,0,0,-1.0165275904807272,0.003946632263949666,0,0,0,1,0,1,1,0,0,1,0,0,Private
0.48106066686735105,0,0,2.524437148907838,0.06815571768653746,0,0,1,0,0,1,0,1,0,0,0,1,Private
-0.096381460750077,0,0,0.03086557301063211,-0.7794042098916212,0,0,1,0,0,1,1,0,0,0,1,0,Private
-1.86246599875538,0,0,-0.9719718178115709,-1.1004496370045602,0,0,1,0,1,0,1,0,1,0,0,0,children
0.7475724180753948,0,0,-0.479863283853726,0.44056841313754647,0,0,0,1,1,0,0,1,0,0,1,0,Private
0.6143165424713729,0,0,1.5736923281217132,2.764937305435225,0,0,1,0,0,1,1,0,0,0,1,0,Govt_job
-0.7626608387701863,0,0,-0.4630163250335474,-0.34278242901802436,0,0,1,0,0,1,1,0,0,0,1,0,Private
0.9696655440820979,0,0,0.1343857015504127,-0.27857334359543656,0,0,0,1,0,1,1,0,0,0,1,0,Govt_job
0.5254792920686917,0,0,-1.1182743549341734,-0.22720607525736602,0,0,1,0,0,1,0,1,0,0,0,1,Private
-0.8514980891728676,0,0,0.9299611647822623,-0.9591896490748673,0,0,1,0,1,0,1,0,1,0,0,0,Private
-0.7182422135688457,0,0,-0.028985464903159903,0.9670829136027665,0,0,0,1,0,1,1,0,0,0,0,1,Private
-1.1180098403809113,0,0,0.9044690560412026,-0.15015517275026094,0,0,1,0,1,0,0,1,1,0,0,0,Private
-1.0735912151795706,0,0,0.32524401134217146,-0.8564551123987267,0,0,0,1,1,0,1,0,1,0,0,0,Private
0.258967540860648,0,0,-1.0499998376102921,0.5047774985601343,0,0,0,1,0,1,1,0,0,1,0,0,Private
-0.807079463971527,0,0,-0.5729648983862913,0.9927665477718021,0,0,1,0,0,1,1,0,1,0,0,0,Private
-0.18521871115275826,0,0,-0.7644882197104256,0.7487720231659686,0,0,0,1,0,1,1,0,0,0,1,0,Private
-0.36289321195812074,0,0,-0.36503795926356236,1.0056083648563199,0,0,0,1,0,1,0,1,1,0,0,0,Private
-0.22963733635409886,0,0,-0.5889251751633025,0.7616138402504855,0,0,0,1,0,1,1,0,0,0,0,1,Private
1.547107671699526,1,0,-0.6753766743721132,-0.09878790441219044,1,1,0,1,0,1,0,1,0,1,0,0,Private
-0.8959167143742082,0,0,-0.1579977021840005,-0.07310427024315541,0,0,1,0,1,0,0,1,1,0,0,0,Private
0.3478047912633292,1,0,0.14125748738495925,1.7504337557583378,1,0,0,1,0,1,0,1,0,1,0,0,Private
1.4582704212968447,1,0,-0.8019505360342434,0.8258229256730732,0,0,0,1,0,1,1,0,0,0,1,0,Self-employed
-1.1180098403809113,0,0,-0.4969319131846962,-0.5739351365393405,0,0,0,1,1,0,1,0,1,0,0,0,Private
-0.096381460750077,0,0,-0.9500264372431806,-0.3556242461025416,0,0,0,1,0,1,1,0,0,0,0,1,Self-employed
-0.3184745867567801,0,0,-0.8715550764228756,-0.2528897094264015,0,0,1,0,0,1,0,1,0,0,1,0,Govt_job
-1.4733588419916364,0,0,-0.13117557037818986,-0.09878790441219044,0,1,0,1,1,0,1,0,0,1,0,0,children
0.08129304005528548,0,0,0.025767151262420112,0.5818284010672398,0,0,1,0,0,1,1,0,1,0,0,0,Private
-1.6954519679983393,0,0,-1.1180526844233816,-0.7922460269761389,0,0,1,0,1,0,0,1,1,0,0,0,children
-0.05196283554873638,0,0,-0.1978983941265284,0.055313900602020176,0,0,1,0,0,1,1,0,0,0,1,0,Private
0.39222341646466985,0,0,0.1645328910181005,1.2110774382086,0,0,1,0,0,1,0,1,0,0,1,0,Self-employed
0.48106066686735105,1,0,1.6942810859924644,0.4790938643910997,0,0,1,0,1,0,0,1,0,1,0,0,Govt_job
-0.2740559615554395,0,0,-0.5813883777963804,-0.4712005998631999,0,0,0,1,0,1,0,1,0,0,1,0,Private
0.5254792920686917,0,0,-0.8575898342429908,0.32499205937688863,0,0,1,0,1,0,1,0,0,0,1,0,Self-employed
-0.05196283554873638,1,0,-0.6328159363000834,1.5834901336596099,0,0,0,1,0,1,1,0,1,0,0,0,Self-employed
-0.3184745867567801,0,0,-0.3648162887527704,0.23509933978526582,0,0,0,1,0,1,0,1,0,0,1,0,Private
0.5254792920686917,0,0,-0.2754830729036661,-0.06026245315863813,0,0,1,0,1,0,1,0,0,0,1,0,Private
-1.02917258997823,0,0,-0.4120321075514284,0.003946632263949666,0,0,0,1,1,0,0,1,0,0,0,1,Private
-0.7182422135688457,0,0,-0.05403423262263601,-0.09878790441219044,0,0,1,0,1,0,1,0,0,1,0,0,Private
0.258967540860648,0,0,-0.45348449306949923,-0.4326751486096472,0,0,1,0,0,1,0,1,0,0,1,0,Private
-0.18521871115275826,0,0,-0.7130606612067227,0.5818284010672398,0,0,0,1,0,1,0,1,1,0,0,0,Govt_job
-1.0735912151795706,0,0,-0.5596646677387818,-1.3316023445258762,0,0,0,1,1,0,0,1,0,0,0,1,Private
0.6587351676727136,0,0,-0.7188240944873102,0.9927665477718021,0,0,1,0,0,1,1,0,0,1,0,0,Govt_job
-0.096381460750077,0,0,-0.08861483230615998,-0.27857334359543656,0,0,0,1,0,1,1,0,1,0,0,0,Private
-1.517777467192977,0,0,0.11487869660073248,-1.4343368812020167,0,0,1,0,1,0,1,0,1,0,0,0,children
0.7475724180753948,0,0,-0.3096203315656068,-0.07310427024315541,0,0,1,0,1,0,1,0,0,1,0,0,Private
-0.6738235883675051,0,0,-0.41624384725647295,1.416546511560881,0,0,1,0,0,1,1,0,0,0,1,0,Private
-0.451730462360802,0,0,-0.5534578934366111,1.4679137798989512,0,0,1,0,0,1,1,0,0,0,1,0,Private
0.5698979172700324,0,0,-0.5698615112352058,-0.4198333315251294,0,0,1,0,0,1,0,1,0,0,1,0,Private
-1.6066147175956582,0,0,-0.7412128160772843,-1.5242296007936396,0,0,1,0,1,0,1,0,1,0,0,0,children
-0.2740559615554395,0,0,-0.6596380681058936,0.5561447668982052,0,0,1,0,0,1,1,0,0,0,1,0,Private
-0.451730462360802,0,0,-0.8066056167608715,2.431050061237768,0,0,1,0,0,1,0,1,0,0,1,0,Private
0.43664204166601045,0,0,-0.43309080607665157,0.055313900602020176,0,0,0,1,0,1,0,1,0,0,1,0,Private
0.7031537928740542,0,0,-0.11632364615513774,0.8900320110956611,0,0,0,1,0,1,0,1,0,0,1,0,Private
-0.5405677127634833,0,0,-0.2524293397813165,1.4037046944763634,0,0,1,0,0,1,0,1,1,0,0,0,Govt_job
-0.4961490875621426,0,0,-0.32026051608361406,-0.4326751486096472,0,0,1,0,0,1,0,1,0,1,0,0,Private
1.3250145456928228,0,1,-0.7396611225017414,-0.16299698983477823,0,0,0,1,0,1,1,0,0,0,1,0,Private
0.6143165424713729,0,0,-0.918105883689158,0.5047774985601343,0,0,1,0,0,1,1,0,0,0,1,0,Private
-1.1624284655822519,0,0,-0.4993702888034062,0.517619315644652,0,0,0,1,1,0,1,0,0,0,1,0,Private
0.7919910432767354,0,0,0.004930123247988893,0.6588793035743453,0,0,1,0,0,1,0,1,0,0,0,1,Govt_job
-0.2740559615554395,0,0,-0.6982087369836706,0.9285574623492143,0,0,0,1,0,1,1,0,0,0,1,0,Govt_job
0.03687441485394486,0,0,-1.007882440559846,-0.496884234032235,0,0,0,1,0,1,1,0,0,0,1,0,Private
0.8364096684780761,0,0,2.2431372707130155,1.0184501819408367,0,0,0,1,0,1,0,1,0,0,0,1,Private
-1.02917258997823,0,0,0.9228677084369236,-0.2914151606799538,0,0,1,0,1,0,1,0,1,0,0,0,Private
0.7031537928740542,0,0,-0.8824169314516748,0.28646660812333635,0,0,1,0,0,1,0,1,1,0,0,0,Private
-0.2740559615554395,0,0,0.012466920614910603,0.10668116894009023,0,0,1,0,0,1,0,1,0,0,1,0,Private
1.4582704212968447,0,0,2.854947880498445,0.6974047548278977,0,0,0,1,0,1,1,0,0,1,0,0,Private
0.6143165424713729,1,0,2.8831000353690057,1.4422301457299167,0,0,1,0,0,1,1,0,0,0,1,0,Private
1.1473400448874604,0,0,0.1620945153993905,-0.7922460269761389,0,0,1,0,0,1,0,1,0,0,1,0,Self-employed
-1.6510333427969988,0,0,-0.874658463573961,-1.3187605274413585,0,0,1,0,1,0,1,0,1,0,0,0,children
-0.5405677127634833,0,0,-0.955568200012976,0.8900320110956611,0,0,1,0,1,0,0,1,0,0,1,0,Self-employed
-0.36289321195812074,0,0,-0.5053553925947857,0.22225752270074853,0,0,1,0,0,1,1,0,0,0,1,0,Self-employed
-1.3401029663876145,0,0,-0.8152507666817527,-0.7023533073845161,0,0,1,0,1,0,1,0,1,0,0,0,children
-1.9068846239567205,0,0,-1.051551531185835,-1.3187605274413585,0,0,0,1,1,0,0,1,1,0,0,0,children
1.4582704212968447,0,0,-0.4783115902781834,-0.5739351365393405,0,0,1,0,0,1,1,0,0,0,1,0,Govt_job
1.4138517960955042,1,0,2.0615891223745133,-0.09878790441219044,0,1,0,1,0,1,1,0,0,0,0,1,Private
1.5915262969008666,0,0,0.2412308877520711,0.5946702181517576,0,0,0,1,0,1,1,0,0,0,1,0,Self-employed
-0.5405677127634833,0,0,-0.5204289873286294,0.38920114479947643,0,0,1,0,0,1,0,1,0,0,1,0,Self-employed
-1.8553590187231657,0,0,0.45203954351509396,-1.3829696128639464,0,0,1,0,1,0,1,0,1,0,0,0,children
1.6359449221022073,1,1,-0.42355897411260307,-0.15015517275026094,0,0,0,1,0,1,0,1,0,1,0,0,Private
0.6587351676727136,0,0,-0.5727432278754994,-0.3813078802715771,0,0,0,1,0,1,0,1,0,0,1,0,Private
1.1029214196861197,0,0,-0.5084587797458712,-0.09878790441219044,0,1,1,0,1,0,0,1,0,0,0,1,Private
0.5698979172700324,0,0,0.5063488186590901,-0.5097260511167527,0,0,1,0,1,0,0,1,0,0,0,1,Self-employed
-1.7842892184010206,0,0,-0.27880813056554354,-0.201522441088331,0,0,0,1,1,0,0,1,1,0,0,0,children
0.3033861660619886,0,0,1.164266894689218,0.5047774985601343,0,0,0,1,0,1,0,1,0,1,0,0,Private
1.547107671699526,1,0,2.112129998835049,-0.9078223807367968,0,0,1,0,0,1,1,0,1,0,0,0,Self-employed
1.5026890464981855,1,0,-0.08373808106873992,0.0809975347710552,0,0,1,0,0,1,0,1,1,0,0,0,Self-employed
0.8364096684780761,0,0,-0.10191506295366949,-0.7023533073845161,0,0,1,0,0,1,0,1,0,0,1,0,Private
1.547107671699526,0,0,-0.8385261703148942,-0.2657315265109188,0,0,1,0,1,0,0,1,1,0,0,0,Private
1.191758670088801,0,0,-0.7365577353506558,0.19657388853171304,0,0,0,1,0,1,1,0,0,1,0,0,Private
0.21454891565930734,0,0,-0.6622981142353956,-0.1373133556657432,0,0,1,0,0,1,1,0,1,0,0,0,Govt_job
1.6359449221022073,0,0,0.10800691076618595,-0.09878790441219044,1,1,1,0,0,1,0,1,1,0,0,0,Govt_job
-0.9403353395755488,0,0,-0.04937915189600757,-0.4840424169477172,0,0,0,1,1,0,1,0,1,0,0,0,Private
0.21454891565930734,0,0,-0.4705531224004694,1.6605410361667146,0,0,1,0,0,1,1,0,0,0,1,0,Private
0.5254792920686917,0,0,0.056801022773275006,1.532122865321539,0,0,0,1,0,1,1,0,0,1,0,0,Govt_job
-0.451730462360802,0,0,-0.6851301768469533,0.35067569354592415,0,0,0,1,0,1,1,0,0,0,0,1,Private
-0.36289321195812074,0,0,-0.030758828989494443,-0.5739351365393405,0,0,1,0,0,1,1,0,0,0,1,0,Private
1.547107671699526,0,0,0.6061005485154101,-0.5996187707083755,0,0,1,0,0,1,1,0,1,0,0,0,Private
0.3033861660619886,0,0,1.9146215737195356,1.8916937436880312,0,0,0,1,0,1,0,1,0,0,1,0,Self-employed
0.7475724180753948,0,0,-0.8726634289768346,-0.6766696732154805,0,0,1,0,0,1,1,0,0,0,1,0,Private
0.7475724180753948,0,0,-0.49249850296886,-0.5610933194548228,0,0,1,0,0,1,1,0,0,0,1,0,Self-employed
-1.8287078436023612,0,0,-0.8994855607826453,-1.4985459666246046,0,0,0,1,1,0,0,1,1,0,0,0,children
-0.4961490875621426,0,0,-0.3071819559468965,0.17089025436267802,0,0,0,1,1,0,1,0,0,0,1,0,Govt_job
0.9252469188807573,0,0,-0.19302164288910834,0.3635175106304414,0,0,0,1,0,1,1,0,1,0,0,0,Private
-1.384521591588955,0,0,0.2146304264570524,-0.8050878440606561,0,0,0,1,1,0,1,0,1,0,0,0,children
1.1473400448874604,0,0,-0.5782849906452949,-0.496884234032235,0,0,1,0,0,1,0,1,0,0,1,0,Self-employed
1.4138517960955042,1,0,2.560347771656113,-0.3941496973560944,1,0,0,1,0,1,0,1,0,0,0,1,Private
-1.1624284655822519,0,0,0.22482726995347638,-0.7151951244690333,0,0,1,0,1,0,1,0,0,0,1,0,Govt_job
-0.36289321195812074,0,0,0.3999469734790156,-0.6509860390464456,0,0,1,0,1,0,1,0,0,0,1,0,Private
1.5915262969008666,1,0,0.3066236884356587,1.3009701578002233,0,0,1,0,0,1,1,0,1,0,0,0,Private
-0.05196283554873638,0,0,-0.6749333333505293,1.1725519869550478,0,0,1,0,0,1,1,0,0,0,1,0,Self-employed
-1.2956843411862737,0,0,-0.7534046941708344,-1.2930768932723236,0,0,1,0,1,0,0,1,1,0,0,0,children
0.5698979172700324,0,0,1.2686737052721664,0.09383935185557295,0,0,1,0,0,1,1,0,0,0,1,0,Private
-1.02917258997823,0,0,-0.28922664457275915,-1.1261332711735952,0,0,1,0,0,1,1,0,1,0,0,0,Private
-0.3184745867567801,0,0,-0.08551144515507446,-0.7794042098916212,0,0,1,0,0,1,1,0,0,0,0,1,Private
-1.5621960923943174,0,0,-0.028320453370784412,-1.0619241857510073,0,0,0,1,1,0,0,1,1,0,0,0,children
1.6359449221022073,1,0,2.8004169348436565,-0.00889518482056762,0,0,0,1,0,1,1,0,0,0,1,0,Self-employed
0.3033861660619886,0,0,-0.3681413464146476,0.7616138402504855,0,0,0,1,0,1,0,1,0,0,0,1,Govt_job
-1.8784567038278626,0,0,1.147863276890623,-1.2417096249342534,0,0,0,1,1,0,1,0,1,0,0,0,children
0.9252469188807573,0,0,-0.6576430335087672,1.1982356211240832,0,0,1,0,0,1,0,1,0,1,0,0,Govt_job
-1.384521591588955,0,0,-0.8846336365595932,-0.6638278561309633,0,0,0,1,1,0,1,0,1,0,0,0,children
1.6359449221022073,0,0,2.00151641394993,0.2736247910388186,0,0,0,1,0,1,1,0,0,1,0,0,Self-employed
0.5254792920686917,0,0,-0.6489978835878861,0.7487720231659686,0,0,0,1,0,1,0,1,1,0,0,0,Private
-0.40731183715946134,0,0,-0.8141424141277935,0.016788449348467408,0,0,1,0,1,0,1,0,0,0,0,1,Private
-0.096381460750077,0,0,-0.4067120152924248,0.5946702181517576,0,0,0,1,1,0,0,1,1,0,0,0,Self-employed
0.7031537928740542,0,0,-0.4335341470982351,0.145206620193643,1,0,0,1,0,1,0,1,0,1,0,0,Private
0.43664204166601045,1,0,-0.4158005062348894,3.3813445254920684,0,0,1,0,0,1,0,1,0,1,0,0,Private
1.7247821725048884,0,0,2.408060130742131,0.6460374864898276,0,0,0,1,0,1,0,1,0,1,0,0,Private
0.6587351676727136,0,0,-0.6554263284008491,-0.8564551123987267,0,0,0,1,1,0,1,0,0,1,0,0,Private
0.48106066686735105,0,0,-0.2621828422561569,0.5689865839827221,0,0,1,0,0,1,0,1,0,0,0,1,Private
-0.2740559615554395,0,0,-0.8117040385090836,-0.1373133556657432,0,0,1,0,0,1,0,1,0,0,1,0,Govt_job
0.3033861660619886,0,0,-0.051152515982342106,0.02963026643298515,0,0,0,1,0,1,0,1,0,0,0,1,Private
0.6143165424713729,0,0,-0.2646212178748669,0.02963026643298515,0,0,1,0,0,1,1,0,0,0,1,0,Private
0.8808282936794166,0,1,-0.5113404963861647,-0.09878790441219044,0,1,0,1,0,1,0,1,0,0,1,0,Self-employed
0.8808282936794166,0,0,-0.8884020352430542,0.04247208351750244,0,0,1,0,0,1,0,1,0,0,0,1,Self-employed
-1.1624284655822519,0,0,-0.03918230839958389,-0.3556242461025416,0,0,1,0,1,0,0,1,1,0,0,0,Private
-0.2740559615554395,0,0,0.3165988614212904,0.6460374864898276,0,0,0,1,0,1,0,1,0,0,0,1,Private
-0.40731183715946134,0,0,0.7131674052278604,0.8001392915040387,0,0,0,1,0,1,0,1,1,0,0,0,Private
-0.18521871115275826,0,0,-0.7381094289261988,2.058637365786759,0,0,0,1,0,1,1,0,0,1,0,0,Govt_job
0.03687441485394486,0,0,-0.1817164468387253,0.2094157056162308,0,0,1,0,0,1,1,0,0,0,0,1,Private
-1.6954519679983393,0,0,-0.013468529147732299,-0.09878790441219044,0,1,1,0,1,0,1,0,1,0,0,0,children
0.8808282936794166,0,0,-0.6618547732138117,0.7487720231659686,0,0,1,0,0,1,1,0,0,1,0,0,Self-employed
-0.451730462360802,0,0,-0.5024736759544918,-0.7023533073845161,0,0,0,1,0,1,0,1,1,0,0,0,Private
0.3033861660619886,0,0,1.0077675140701916,0.3378338764614064,0,0,1,0,0,1,0,1,0,0,1,0,Govt_job
0.08129304005528548,0,0,-0.8935004569912658,-0.2914151606799538,0,0,0,1,0,1,1,0,1,0,0,0,Private
-1.1624284655822519,0,0,-0.5000353003357817,-0.09878790441219044,0,1,1,0,1,0,1,0,0,0,1,0,Private
-1.6066147175956582,0,0,-0.30984200207639845,-1.6783314058078502,0,0,0,1,1,0,1,0,1,0,0,0,children
0.7475724180753948,0,0,2.0939530169501195,0.5433029498136875,0,0,0,1,0,1,1,0,0,0,1,0,Govt_job
0.3033861660619886,0,0,-0.23890743862301533,-0.34278242901802436,0,0,1,0,0,1,0,1,0,1,0,0,Private
-0.14080008595141763,0,0,-0.12253042045730878,-0.3684660631870594,0,0,0,1,0,1,1,0,1,0,0,0,Govt_job
0.6587351676727136,0,0,-0.371466404076525,0.145206620193643,0,0,1,0,0,1,0,1,0,0,0,1,Private
-1.0735912151795706,0,0,-0.8906187403509722,-0.4840424169477172,0,0,0,1,1,0,0,1,1,0,0,0,Private
1.6359449221022073,0,0,-1.0688418310275971,-0.7794042098916212,0,0,1,0,1,0,0,1,0,0,1,0,Self-employed
1.4138517960955042,0,0,-0.2548677154000265,0.8129811085885564,0,0,0,1,0,1,0,1,1,0,0,0,Govt_job
-1.8375915686426294,0,0,-0.23292233483163624,-1.5884386862162274,0,0,1,0,1,0,1,0,1,0,0,0,children
-1.6954519679983393,0,0,0.36359300970915676,0.7872974744195209,0,0,0,1,1,0,1,0,1,0,0,0,children
0.9696655440820979,0,0,-0.46634138269542486,-0.9591896490748673,0,0,1,0,0,1,0,1,1,0,0,0,Private
1.0585027944847791,0,0,2.7082020023542586,0.5047774985601343,0,0,1,0,0,1,0,1,1,0,0,0,Private
-0.7182422135688457,0,0,-1.060196681106716,4.562791697267684,0,0,1,0,0,1,1,0,0,0,1,0,Private
1.191758670088801,0,0,0.9756252900053777,2.4053664270687336,0,0,1,0,0,1,1,0,1,0,0,0,Private
0.258967540860648,0,0,-1.0100991456677644,0.3378338764614064,0,0,1,0,0,1,1,0,0,0,0,1,Private
-0.36289321195812074,0,0,-0.21940043367333512,0.6845629377433808,0,0,0,1,0,1,1,0,1,0,0,0,Private
-0.096381460750077,0,0,0.06478116116178059,-0.6253024048774105,0,0,0,1,0,1,1,0,0,0,1,0,Private
-0.14080008595141763,1,0,0.4143555566804842,1.2367610723776354,0,0,1,0,0,1,0,1,1,0,0,0,Private
-1.3401029663876145,0,0,-0.3025268752202684,-0.7280369415535511,0,0,0,1,1,0,0,1,0,0,1,0,Private
-1.6066147175956582,0,0,-0.7208191290844367,-1.2031841736807007,0,0,1,0,1,0,1,0,1,0,0,0,children
0.7031537928740542,0,0,0.5187623672634322,0.22225752270074853,0,0,0,1,0,1,0,1,0,0,1,0,Govt_job
0.17013029045796674,0,0,-0.14248076642857288,-0.6509860390464456,0,0,1,0,0,1,0,1,0,0,0,1,Private
-1.1624284655822519,0,0,-0.8185758243436301,1.5706483165750922,0,0,1,0,1,0,0,1,0,0,1,0,Private
-1.7842892184010206,0,0,-0.7223708226599792,-1.5499132349626747,0,0,1,0,1,0,0,1,1,0,0,0,children
-1.8820101938439702,0,0,-0.6775933794800313,0.5433029498136875,0,0,0,1,1,0,0,1,1,0,0,0,children
-0.096381460750077,0,0,-0.5654281010193692,1.0826592673634243,0,0,1,0,0,1,0,1,0,0,1,0,Govt_job
-0.5849863379648238,0,0,-0.9828336728403702,1.0056083648563199,0,0,1,0,0,1,0,1,0,0,0,1,Private
-0.807079463971527,0,0,-0.8203491884299646,3.3685027084075503,0,0,1,0,0,1,1,0,0,1,0,0,Private
-0.05196283554873638,0,0,-0.8323193960127232,0.5433029498136875,0,0,0,1,0,1,0,1,0,1,0,0,Private
1.4138517960955042,0,0,2.070677613316978,-0.2914151606799538,1,0,1,0,0,1,1,0,1,0,0,0,Private
-0.7182422135688457,0,0,-1.105195794797456,-1.1004496370045602,0,0,1,0,1,0,1,0,0,0,0,1,Private
0.9696655440820979,0,0,-0.03497056869453932,1.0184501819408367,0,0,1,0,0,1,1,0,0,0,1,0,Self-employed
-1.2068470907835926,0,0,-0.6053287929618972,-0.8050878440606561,0,0,0,1,1,0,1,0,0,0,1,0,Govt_job
0.8364096684780761,0,0,1.2719987629340432,-0.4198333315251294,0,0,1,0,0,1,0,1,0,0,1,0,Govt_job
-0.096381460750077,0,0,-0.483631682537187,-0.047420636074120386,0,0,0,1,0,1,1,0,0,1,0,0,Private
0.6143165424713729,0,0,-0.47897660181055857,0.8515065598421088,0,0,1,0,0,1,1,0,0,0,1,0,Private
-0.4961490875621426,0,0,-0.6574213629979756,0.13236480310912527,1,0,1,0,0,1,1,0,0,0,0,1,Private
1.191758670088801,1,0,-0.13716067416956926,0.6974047548278977,0,0,1,0,0,1,0,1,0,1,0,0,Self-employed
0.5254792920686917,0,0,-0.23203565278846913,-0.2657315265109188,0,0,1,0,0,1,1,0,0,0,1,0,Self-employed
0.08129304005528548,0,0,-0.5833834123935069,-0.09878790441219044,0,0,1,0,0,1,0,1,0,0,1,0,Govt_job
0.6143165424713729,0,0,-0.29255170223463633,-0.5996187707083755,0,0,0,1,0,1,1,0,1,0,0,0,Private
0.21454891565930734,1,0,1.755905487992591,-0.3556242461025416,0,0,0,1,0,1,0,1,0,0,1,0,Private
0.7475724180753948,0,0,-0.5525712113934437,0.2736247910388186,0,0,1,0,0,1,0,1,0,0,0,1,Govt_job
-0.7182422135688457,0,0,-1.0712802066463072,-0.7537205757225861,0,0,1,0,0,1,0,1,0,0,0,1,Private
1.7247821725048884,0,0,0.1334990195072456,-1.1646587224271479,0,0,0,1,0,1,0,1,0,1,0,0,Self-employed
0.6587351676727136,0,0,-0.8895103877970132,-0.548251502370305,0,0,1,0,0,1,1,0,0,1,0,0,Private
1.7247821725048884,0,1,2.2723977781375364,0.466252047306582,1,0,0,1,0,1,1,0,1,0,0,0,Private
-0.22963733635409886,0,0,-0.7815568490413958,1.5449646824060568,0,0,0,1,0,1,0,1,0,0,0,1,Govt_job
1.6359449221022073,0,0,-0.6687265590483583,-0.4840424169477172,0,0,1,0,0,1,1,0,0,0,0,1,Private
1.2361772952901415,0,1,1.8197465951006357,0.04247208351750244,0,0,1,0,0,1,0,1,0,1,0,0,Private
-1.8287078436023612,0,0,-0.11366360002563608,-1.3316023445258762,0,0,1,0,1,0,1,0,1,0,0,0,children
1.6359449221022073,1,1,-0.476094885170265,0.18373207144719578,0,0,0,1,0,1,0,1,0,0,0,1,Self-employed
-1.3401029663876145,0,0,0.36625305583865875,-1.742540491230438,0,0,0,1,1,0,0,1,0,0,1,0,children
-1.1624284655822519,0,0,0.07985475589562464,-0.3299406119335066,0,0,1,0,1,0,1,0,0,0,1,0,Private
0.9252469188807573,0,0,-0.9413812873222994,-1.3059187103568413,0,0,1,0,0,1,0,1,0,1,0,0,Private
-0.6738235883675051,0,0,-0.6713866051778602,-0.24004789234188378,0,0,0,1,1,0,0,1,0,0,0,1,Private
1.6803635473035479,0,0,-0.5082371092350793,-0.496884234032235,0,0,1,0,0,1,0,1,0,0,1,0,Private
1.6803635473035479,0,0,-0.7509663185521245,-1.2417096249342534,0,0,1,0,1,0,0,1,1,0,0,0,Self-employed
1.3694331708941636,1,0,-1.0701718540923482,0.3635175106304414,0,0,0,1,0,1,1,0,0,0,0,1,Private
0.43664204166601045,0,0,0.5240824595224362,0.09383935185557295,0,0,1,0,1,0,0,1,0,0,1,0,Private
1.6803635473035479,0,0,-0.8152507666817527,0.4790938643910997,0,0,1,0,1,0,1,0,0,0,1,0,Private
-1.834038078626522,0,0,0.12995229133457653,-1.6141223203852626,0,0,0,1,1,0,0,1,1,0,0,0,children
-1.5621960923943174,0,0,0.11310533251439794,-1.4471786982865342,0,0,1,0,1,0,0,1,1,0,0,0,Private
0.5254792920686917,0,0,-0.7706949940125966,-0.9848732832439023,0,0,1,0,0,1,0,1,0,0,1,0,Private
-0.007544210347395762,0,0,-1.045344756883664,-0.06026245315863813,0,0,1,0,0,1,1,0,0,0,0,1,Private
1.0140841692834386,0,0,2.0992731092091237,0.7359302060814509,0,0,1,0,0,1,1,0,0,0,0,1,Govt_job
0.48106066686735105,0,0,-0.6804750961203249,1.2881283407157056,0,0,1,0,0,1,0,1,0,1,0,0,Private
0.9696655440820979,0,0,-0.6935536562570425,0.4020429618839942,0,0,1,0,1,0,0,1,0,0,1,0,Private
-0.7182422135688457,0,0,-0.7808918375090202,-0.03457881898960265,0,0,1,0,0,1,0,1,0,0,0,1,Private
-0.7182422135688457,0,0,-0.7268042328758157,-1.1389750882581129,0,0,1,0,1,0,1,0,0,0,1,0,Private
-1.02917258997823,0,0,-0.47210481597601234,-1.074766002835525,0,0,0,1,1,0,0,1,0,0,1,0,Private
0.43664204166601045,0,0,2.0493972442809634,1.1853938040395655,0,0,0,1,0,1,1,0,0,0,1,0,Private
0.7031537928740542,0,0,-0.710178944566429,-0.201522441088331,0,0,0,1,0,1,1,0,0,0,0,1,Govt_job
-1.4289402167902956,0,0,-0.30186186368789286,-1.2031841736807007,0,0,0,1,1,0,0,1,1,0,0,0,children
0.9696655440820979,0,0,-0.5226456924365478,-0.34278242901802436,0,0,1,0,0,1,0,1,1,0,0,0,Self-employed
-0.05196283554873638,0,0,0.2088669931764649,-0.02173700190508536,0,0,0,1,1,0,0,1,1,0,0,0,Govt_job
0.7031537928740542,0,0,0.1164303901762754,0.4020429618839942,1,0,0,1,0,1,0,1,0,1,0,0,Private
1.3250145456928228,1,0,2.145380575453822,1.0955010844479423,0,0,0,1,0,1,1,0,0,0,1,0,Self-employed
0.9696655440820979,1,0,-0.6669531949620238,1.6605410361667146,0,0,1,0,0,1,1,0,1,0,0,0,Private
-0.5849863379648238,0,0,-0.5148872245588338,-0.4455169656941649,0,0,0,1,1,0,1,0,0,1,0,0,Private
-1.8589125087392728,0,0,-0.8447329446170649,-1.5884386862162274,0,0,1,0,1,0,1,0,1,0,0,0,children
0.3478047912633292,0,0,-0.005931731780810588,0.24794115686978355,0,0,1,0,0,1,1,0,0,0,1,0,Govt_job
0.258967540860648,0,0,-0.9327361374014184,0.6331956694053099,0,0,1,0,0,1,0,1,0,0,0,1,Private
0.5254792920686917,0,0,-1.101205725603203,0.4534102302220642,0,0,1,0,0,1,1,0,0,1,0,0,Private
0.3033861660619886,0,0,-0.3023052047094764,-1.0362405515819724,0,0,1,0,0,1,0,1,0,0,1,0,Govt_job
-0.22963733635409886,0,0,-0.09659497069466556,-0.24004789234188378,0,0,0,1,0,1,0,1,0,1,0,0,Private
1.5915262969008666,0,0,-0.17861305968763977,-0.9463478319903496,1,0,1,0,0,1,0,1,0,0,0,1,Private
1.191758670088801,0,1,2.9544779398439727,-0.3556242461025416,1,0,1,0,0,1,1,0,0,0,1,0,Private
0.7919910432767354,0,1,-0.3883133628967036,-0.09878790441219044,0,1,0,1,0,1,0,1,0,0,1,0,Private
0.6143165424713729,1,0,-0.3328957351987481,1.9302191949415834,0,0,1,0,0,1,0,1,0,1,0,0,Private
-0.807079463971527,0,0,-0.9963555739986713,-0.5610933194548228,0,0,1,0,0,1,0,1,0,0,1,0,Private
-0.4961490875621426,0,0,-0.27969481260871065,-0.175838806919296,0,0,1,0,1,0,1,0,0,0,0,1,Self-employed
-0.4961490875621426,0,0,-0.3869833398319526,-1.1389750882581129,0,0,1,0,0,1,0,1,1,0,0,0,Private
0.258967540860648,0,0,-0.8861853301351358,0.44056841313754647,0,0,1,0,1,0,1,0,1,0,0,0,Private
0.7031537928740542,0,0,-0.8717767469336675,1.3780210603073288,0,0,0,1,0,1,0,1,0,1,0,0,Private
-0.096381460750077,0,0,-0.25464604488923487,1.63485740199768,0,0,1,0,1,0,1,0,1,0,0,0,Private
-1.8287078436023612,0,0,-0.26395620634249145,-1.4728623324555696,0,0,0,1,1,0,0,1,1,0,0,0,children
-0.9847539647768895,0,0,-0.3657029707959375,-0.7023533073845161,0,0,0,1,1,0,1,0,0,0,1,0,Private
0.3033861660619886,0,0,-0.7950787501996969,-1.3059187103568413,0,0,1,0,0,1,0,1,0,1,0,0,Self-employed
1.6359449221022073,0,1,-0.5182122822207113,-0.3299406119335066,0,0,0,1,0,1,1,0,0,0,0,1,Private
0.43664204166601045,0,0,-0.25819277306190397,-0.15015517275026094,0,0,1,0,0,1,1,0,0,0,0,1,Private
-1.384521591588955,0,0,-0.33710747490379267,-1.2417096249342534,0,0,1,0,1,0,1,0,1,0,0,0,children
-0.6294049631661645,0,0,-0.09992002835654301,-0.7922460269761389,0,0,1,0,1,0,0,1,0,0,1,0,Private
1.0140841692834386,0,0,-0.3566144798534729,0.7744556573350032,0,0,1,0,0,1,0,1,0,0,0,1,Private
-1.5621960923943174,0,0,-0.8524914124947789,-1.5627550520471925,0,0,1,0,1,0,0,1,1,0,0,0,children
-0.36289321195812074,0,0,-0.06001933641401511,1.6220155849131623,0,0,0,1,0,1,1,0,0,0,0,1,Govt_job
0.3478047912633292,0,0,-0.6525446117605554,0.5946702181517576,0,0,1,0,0,1,1,0,0,1,0,0,Self-employed
0.9696655440820979,0,0,1.6377551057405495,0.23509933978526582,0,0,0,1,0,1,0,1,0,1,0,0,Self-employed
1.1473400448874604,0,1,-0.5621030433574918,0.04247208351750244,0,0,0,1,0,1,1,0,1,0,0,0,Private
-0.7626608387701863,0,0,0.23480244293910812,-0.8949805636522795,0,0,1,0,0,1,0,1,0,1,0,0,Private
0.7919910432767354,0,0,-0.40493865120609024,-0.6638278561309633,0,0,1,0,0,1,0,1,1,0,0,0,Private
0.7919910432767354,0,0,-0.14270243693936482,-0.3556242461025416,0,0,1,0,0,1,1,0,0,0,0,1,Private
-1.2512657159849332,0,0,-0.25597606795398586,0.17089025436267802,0,0,0,1,1,0,1,0,1,0,0,0,children
1.6803635473035479,1,0,-0.70419384077505,-0.496884234032235,1,0,1,0,0,1,1,0,0,0,1,0,Self-employed
0.9252469188807573,1,0,-0.4461693662133691,-0.047420636074120386,0,0,0,1,0,1,1,0,0,0,1,0,Self-employed
0.7031537928740542,1,0,-0.6097622031777337,0.2736247910388186,0,0,1,0,0,1,1,0,0,1,0,0,Private
0.5698979172700324,0,0,-0.5246407270336739,0.466252047306582,0,0,1,0,0,1,0,1,0,0,0,1,Private
0.6143165424713729,0,0,0.06079109196752796,-1.2160259907652184,0,0,0,1,0,1,0,1,0,0,0,1,Private
-1.7842892184010206,0,0,-0.5494678242423581,-1.04908236866649,0,0,0,1,1,0,1,0,1,0,0,0,children
1.0585027944847791,0,0,0.10845025178776982,-0.4840424169477172,0,0,0,1,0,1,0,1,0,1,0,0,Private
-0.4961490875621426,0,0,-0.5049120515732017,-0.3941496973560944,0,0,0,1,0,1,1,0,0,0,0,1,Govt_job
0.39222341646466985,0,0,-0.1877015506301047,-0.9078223807367968,0,0,1,0,0,1,0,1,0,0,0,1,Private
1.3694331708941636,0,0,-0.9932521868475859,-0.09878790441219044,1,1,0,1,0,1,1,0,0,0,1,0,Self-employed
-1.1180098403809113,0,0,-0.5585563151848227,-0.7537205757225861,0,0,0,1,1,0,0,1,1,0,0,0,Private
0.7919910432767354,0,0,0.3201455895939598,-0.7922460269761389,0,0,1,0,0,1,1,0,1,0,0,0,Govt_job
0.03687441485394486,0,0,-0.14292410745015643,0.5433029498136875,0,0,0,1,0,1,0,1,0,0,1,0,Private
-0.5849863379648238,0,0,-0.3798898834866141,-0.8564551123987267,0,0,0,1,1,0,0,1,0,0,1,0,Private
0.5698979172700324,0,0,2.1101349642379224,0.19657388853171304,0,0,1,0,0,1,1,0,0,0,0,1,Private
-1.7842892184010206,0,0,-0.6188506941201983,-1.3572859786949114,0,0,1,0,1,0,1,0,1,0,0,0,children
-0.05196283554873638,0,0,-1.0879054949556939,-0.4712005998631999,0,0,1,0,0,1,0,1,1,0,0,0,Govt_job
0.03687441485394486,0,0,-0.6536529643145146,0.2094157056162308,0,0,1,0,1,0,0,1,0,0,1,0,Private
1.5026890464981855,0,0,-0.23691240402588917,0.7872974744195209,0,0,1,0,0,1,1,0,0,0,1,0,Private
-0.7182422135688457,0,0,-0.5891468456740944,-1.2031841736807007,0,0,1,0,0,1,0,1,1,0,0,0,Private
-0.6294049631661645,0,0,-0.6973220549405035,0.13236480310912527,0,0,1,0,0,1,1,0,0,0,0,1,Self-employed
-1.86246599875538,0,0,-0.9617749743151471,-0.869296929483244,0,0,1,0,1,0,0,1,1,0,0,0,children
-0.9847539647768895,0,0,-0.08285139902557281,0.13236480310912527,0,0,0,1,1,0,1,0,0,0,1,0,Private
0.39222341646466985,1,0,0.24012253519811205,-0.09878790441219044,0,1,0,1,0,1,1,0,0,0,0,1,Govt_job
1.2805959204914823,1,1,-0.9932521868475859,0.7744556573350032,0,0,0,1,0,1,1,0,0,1,0,0,Private
0.43664204166601045,0,0,1.1882073098547346,0.04247208351750244,0,0,0,1,0,1,1,0,0,0,1,0,Govt_job
1.5915262969008666,0,0,1.4160845949487275,-0.09878790441219044,1,1,1,0,0,1,1,0,1,0,0,0,Private
-0.3184745867567801,0,0,1.2238962620922182,0.016788449348467408,0,0,0,1,0,1,1,0,0,0,0,1,Private
0.03687441485394486,0,0,-0.45459284562345825,-0.34278242901802436,0,0,1,0,0,1,0,1,1,0,0,0,Govt_job
-0.096381460750077,0,0,-0.59956535968131,1.7247501215893024,0,0,1,0,0,1,0,1,0,0,0,1,Private
1.5915262969008666,1,0,-0.14004239080986286,-0.06026245315863813,0,0,1,0,0,1,1,0,0,0,1,0,Private
0.43664204166601045,0,0,-0.08817149128457642,0.06815571768653746,0,0,1,0,1,0,0,1,0,0,0,1,Govt_job
-0.096381460750077,0,0,-0.03164551103266187,0.17089025436267802,0,0,1,0,0,1,1,0,0,0,1,0,Private
1.6803635473035479,0,1,-0.22826725410500812,0.06815571768653746,0,0,0,1,1,0,1,0,1,0,0,0,Self-employed
0.48106066686735105,0,0,-0.532177524400596,-0.201522441088331,0,0,0,1,0,1,1,0,1,0,0,0,Govt_job
-0.6738235883675051,0,0,-0.11056021287455056,1.3394956090537755,0,0,1,0,0,1,0,1,0,1,0,0,Private
-0.7182422135688457,0,0,0.47642329970219427,-0.7023533073845161,0,0,1,0,0,1,0,1,1,0,0,0,Private
1.3250145456928228,0,0,-0.8835252840056338,0.18373207144719578,0,0,1,0,0,1,1,0,0,0,1,0,Govt_job
0.9696655440820979,0,0,-0.7698083119694292,-0.3170987948489893,0,0,1,0,0,1,1,0,0,0,1,0,Private
-1.8287078436023612,0,0,-0.2989801470475993,-1.806749576653026,0,0,1,0,1,0,1,0,1,0,0,0,children
0.3033861660619886,0,0,-0.6199590466741577,-0.27857334359543656,0,0,0,1,0,1,0,1,0,1,0,0,Private
-1.6954519679983393,0,0,-0.14890921124153586,-1.074766002835525,0,0,0,1,1,0,1,0,1,0,0,0,children
-1.2956843411862737,0,0,-0.9919221637828349,-1.4471786982865342,0,0,0,1,1,0,1,0,1,0,0,0,Private
-0.2740559615554395,0,0,-0.4129187895945958,0.19657388853171304,0,0,0,1,0,1,0,1,0,1,0,0,Self-employed
-0.5405677127634833,0,0,-0.7035288292426745,-0.3684660631870594,0,0,0,1,0,1,0,1,1,0,0,0,Private
-1.8287078436023612,0,0,0.15433604752167682,-0.4840424169477172,0,0,1,0,1,0,0,1,1,0,0,0,children
0.3478047912633292,0,0,0.03618566526963572,-1.113291454089078,0,0,0,1,0,1,1,0,0,1,0,0,Private
1.0585027944847791,0,0,-0.5253057385660495,-1.896642296244649,0,0,1,0,0,1,0,1,0,0,1,0,Private
-0.6738235883675051,0,0,0.7838802981704516,-0.03457881898960265,0,0,1,0,0,1,1,0,0,0,1,0,Private
0.3478047912633292,1,0,1.5111812440784196,0.2993084252078536,0,0,1,0,0,1,0,1,0,1,0,0,Private
-0.4961490875621426,0,0,-0.45680955073137636,-0.8564551123987267,0,0,1,0,0,1,0,1,0,0,0,1,Private
0.39222341646466985,0,0,-0.5219806809041723,3.3171354400694804,0,0,1,0,0,1,0,1,0,1,0,0,Private
-0.22963733635409886,0,0,0.6169624035442095,-0.4712005998631999,0,0,0,1,0,1,1,0,0,0,1,0,Private
1.4582704212968447,0,0,-1.0610833631498833,-0.09878790441219044,1,1,1,0,0,1,0,1,0,1,0,0,Private
-1.1180098403809113,0,0,-0.37545647327077797,0.941399279433732,0,0,1,0,1,0,1,0,1,0,0,0,Private
-0.007544210347395762,0,0,-0.423780644623395,0.5689865839827221,0,0,1,0,0,1,0,1,0,0,1,0,Private
1.0585027944847791,0,0,0.43319755009778893,-0.3170987948489893,0,0,1,0,0,1,1,0,1,0,0,0,Govt_job
0.21454891565930734,0,0,0.4974819982274171,2.636519134590049,0,0,1,0,0,1,0,1,0,0,1,0,Govt_job
1.3694331708941636,0,0,1.781840937755234,1.9815864632796536,0,0,0,1,0,1,0,1,1,0,0,0,Self-employed
-1.6954519679983393,0,0,-0.706410545882968,-1.4985459666246046,0,0,1,0,1,0,1,0,1,0,0,0,children
-0.7626608387701863,0,0,0.18603493056490752,-0.7151951244690333,0,0,1,0,1,0,0,1,0,0,1,0,Private
-0.7182422135688457,0,0,-0.372796427141276,-0.00889518482056762,0,0,1,0,0,1,0,1,0,0,1,0,Self-employed
-1.384521591588955,0,0,-0.20078011076682198,-1.0876078199200427,0,0,0,1,1,0,1,0,0,0,1,0,children
-0.007544210347395762,0,0,-0.5734082394078749,0.24794115686978355,0,0,0,1,0,1,1,0,0,1,0,0,Govt_job
0.08129304005528548,1,0,-0.6984304074944625,1.0698174502789075,0,0,0,1,0,1,1,0,0,1,0,0,Self-employed
-1.4289402167902956,0,0,-0.2721580152417887,-1.0362405515819724,0,0,1,0,1,0,1,0,1,0,0,0,children
-1.834038078626522,0,0,-0.5532362229258191,-1.395811429948464,0,0,1,0,1,0,1,0,1,0,0,0,children
0.6143165424713729,0,0,-0.34109754409804527,-0.3042569777644716,0,0,0,1,0,1,0,1,0,0,1,0,Private
0.5254792920686917,0,0,-0.6700565821131093,0.06815571768653746,0,0,1,0,0,1,1,0,0,0,0,1,Govt_job
-0.8959167143742082,0,0,-0.26705959349357694,0.2993084252078536,0,0,0,1,1,0,1,0,0,0,1,0,Private
-0.5405677127634833,0,0,0.06145610349990345,-0.9078223807367968,0,0,0,1,1,0,1,0,0,0,1,0,Private
-1.1180098403809113,0,0,-0.32957067753687064,-1.6526477716388153,0,0,1,0,1,0,0,1,0,0,1,0,Govt_job
-0.2740559615554395,0,0,-0.8582548457753664,-0.18868062400381372,0,0,1,0,0,1,1,0,0,0,1,0,Govt_job
-1.02917258997823,0,0,-0.21252864783878858,-0.9463478319903496,0,0,0,1,1,0,0,1,0,0,1,0,Private
-0.14080008595141763,0,0,0.8576965782641279,0.11952298602460797,0,0,0,1,0,1,1,0,0,0,0,1,Private
1.547107671699526,1,0,0.16009948080226433,-0.6253024048774105,1,0,0,1,1,0,0,1,0,0,1,0,Private
-1.9068846239567205,0,0,-0.36592464130672947,-1.8838004791601315,0,0,0,1,1,0,0,1,1,0,0,0,children
-1.6954519679983393,0,0,1.2201278634087573,-1.421495064117499,0,0,0,1,1,0,1,0,1,0,0,0,children
0.17013029045796674,0,0,0.5684165616808006,-0.5867769536238577,0,0,1,0,0,1,0,1,0,0,1,0,Private
1.1473400448874604,1,0,-0.9748535344518645,1.0569756331943898,0,0,1,0,0,1,0,1,1,0,0,0,Self-employed
0.7031537928740542,0,0,-0.27060632166624604,-0.4840424169477172,0,0,0,1,0,1,0,1,0,0,0,1,Private
-0.6738235883675051,0,0,0.04327912161497388,1.2367610723776354,0,0,1,0,1,0,0,1,0,0,1,0,Private
0.48106066686735105,0,0,0.9860438040125933,1.1982356211240832,0,0,0,1,0,1,1,0,0,0,0,1,Private
-0.36289321195812074,1,0,-0.256862749997153,0.7102465719124154,0,0,1,0,0,1,0,1,0,0,0,1,Private
-1.1624284655822519,0,0,-0.5131138604724993,0.28646660812333635,0,0,1,0,1,0,0,1,1,0,0,0,Private
0.8808282936794166,0,0,-0.21119862477403759,0.37635932771495917,0,0,1,0,0,1,0,1,1,0,0,0,Private
0.43664204166601045,0,0,2.332913827583704,0.6845629377433808,0,0,0,1,0,1,0,1,0,1,0,0,Private
-1.8287078436023612,0,0,0.11598704915469153,-1.074766002835525,0,0,0,1,1,0,1,0,1,0,0,0,children
0.1257116652566261,0,0,-0.9748535344518645,-0.4326751486096472,0,0,1,0,0,1,0,1,1,0,0,0,Private
-0.807079463971527,0,0,0.06721953678049061,1.5963319507441267,0,0,1,0,1,0,1,0,0,0,0,1,Private
-1.2512657159849332,0,0,-0.9198792477754926,-1.5627550520471925,0,0,0,1,1,0,0,1,1,0,0,0,Never_worked
0.7031537928740542,0,0,-0.21142029528482953,-0.7151951244690333,0,0,0,1,0,1,1,0,0,1,0,0,Govt_job
-0.36289321195812074,0,0,-0.28745328048642466,-0.03457881898960265,0,0,0,1,0,1,1,0,1,0,0,0,Private
-0.451730462360802,0,0,-0.4548145161342502,-0.3941496973560944,0,0,0,1,0,1,0,1,1,0,0,0,Private
0.17013029045796674,0,0,1.15229668710646,-0.06026245315863813,0,0,1,0,0,1,1,0,0,0,1,0,Self-employed
-1.384521591588955,0,0,-0.7904236694730687,-1.421495064117499,0,0,1,0,1,0,1,0,1,0,0,0,children
-0.451730462360802,0,0,-0.6676182064943992,2.0329537316177246,0,0,1,0,0,1,0,1,0,0,1,0,Govt_job
0.8364096684780761,0,1,0.4119171810617741,-0.07310427024315541,0,0,1,0,0,1,0,1,0,0,1,0,Govt_job
-0.8514980891728676,0,0,-0.7095139330340536,-0.9591896490748673,0,0,0,1,0,1,1,0,0,0,0,1,Private
1.3694331708941636,0,0,-0.3606045490477258,1.3266537919692587,0,0,1,0,1,0,0,1,1,0,0,0,Self-employed
-0.451730462360802,0,0,-0.35040770555130185,-1.3059187103568413,0,0,1,0,0,1,0,1,0,0,0,1,Private
-0.5849863379648238,0,0,-0.9735235113871137,-0.6381442219619283,0,0,0,1,1,0,1,0,1,0,0,0,Private
0.17013029045796674,0,0,-1.0646300913225526,0.5561447668982052,0,0,0,1,0,1,1,0,0,0,0,1,Private
-1.6954519679983393,0,0,-1.0129808623080578,-1.190342356596183,0,0,0,1,1,0,0,1,1,0,0,0,children
-1.5621960923943174,0,0,-0.4678930762709675,-1.8452750279065786,0,0,0,1,1,0,0,1,1,0,0,0,children
-1.3401029663876145,0,0,-0.6636281373001466,-1.1004496370045602,0,0,0,1,1,0,0,1,1,0,0,0,children
-0.5405677127634833,0,0,-1.0136458738404335,-0.4326751486096472,0,0,1,0,0,1,0,1,0,0,0,1,Private
0.39222341646466985,0,0,1.7308567202731153,-0.34278242901802436,0,0,1,0,0,1,1,0,0,0,1,0,Govt_job
0.03687441485394486,1,0,1.8252883578704313,2.0329537316177246,0,0,0,1,0,1,1,0,0,1,0,0,Self-employed
-0.9847539647768895,0,0,-0.9504697782647643,-0.34278242901802436,0,0,0,1,1,0,1,0,0,0,1,0,Private
1.1473400448874604,0,0,0.44893615636400847,0.9028738281801788,0,0,1,0,0,1,0,1,0,0,1,0,Self-employed
-1.0735912151795706,0,0,-0.48163664794006056,-0.5354096852857877,0,0,1,0,1,0,0,1,0,0,1,0,Self-employed
0.1257116652566261,0,0,-0.5984570071273506,1.7375919386738201,0,0,1,0,0,1,0,1,0,0,0,1,Private
1.5026890464981855,0,0,1.369977128704029,0.6974047548278977,0,0,1,0,0,1,1,0,0,1,0,0,Govt_job
0.6143165424713729,0,0,-0.5401576627891016,0.8900320110956611,0,0,1,0,0,1,1,0,0,0,1,0,Private
1.0140841692834386,0,0,-0.6419044272425479,-0.3684660631870594,0,0,1,0,0,1,0,1,0,0,1,0,Private
-0.22963733635409886,0,0,-0.6270525030194959,1.0312919990253544,0,0,1,0,1,0,1,0,0,0,0,1,Private
0.7919910432767354,1,0,1.0549833328688496,1.2752865236311879,0,0,1,0,0,1,0,1,0,0,1,0,Govt_job
1.3694331708941636,0,0,2.155134077928662,-0.4455169656941649,0,0,1,0,0,1,0,1,0,0,1,0,Private
0.48106066686735105,0,0,-0.12186540892493329,0.17089025436267802,0,0,1,0,0,1,0,1,0,0,1,0,Private
-0.096381460750077,0,0,-0.49538021960915357,-0.9463478319903496,0,0,1,0,0,1,1,0,1,0,0,0,Private
-0.3184745867567801,0,0,-1.0630783977470097,-0.9335060149058317,0,0,1,0,1,0,0,1,0,0,0,1,Self-employed
1.191758670088801,1,0,-0.7037504997534662,0.02963026643298515,0,0,0,1,0,1,1,0,0,0,1,0,Private
-1.6954519679983393,0,0,-0.18060809428476626,-1.5242296007936396,0,0,0,1,1,0,1,0,1,0,0,0,children
0.5254792920686917,0,0,-0.5638764074438267,-0.02173700190508536,0,0,0,1,0,1,1,0,0,0,0,1,Private
0.5698979172700324,0,0,2.6343857222605815,1.7889592070118903,0,0,1,0,0,1,0,1,0,0,1,0,Self-employed
1.547107671699526,0,0,2.1628925458063764,-0.02173700190508536,0,0,1,0,0,1,0,1,0,1,0,0,Private
-0.4961490875621426,0,0,-0.5022520054437001,0.4020429618839942,0,0,0,1,0,1,1,0,0,0,0,1,Private
0.7031537928740542,0,0,2.3495391158930903,-0.09878790441219044,1,1,0,1,0,1,1,0,0,1,0,0,Private
0.8364096684780761,0,0,-0.7447595442499534,-0.8307714782296917,0,0,1,0,0,1,1,0,1,0,0,0,Private
-1.6066147175956582,0,0,-0.3809982360405735,-1.4728623324555696,0,0,1,0,1,0,0,1,1,0,0,0,children
-0.6738235883675051,0,0,-0.6620764437246037,-0.7794042098916212,0,0,0,1,1,0,0,1,0,0,1,0,Private
0.6587351676727136,0,0,-0.8128123910630426,-0.07310427024315541,0,0,1,0,0,1,1,0,1,0,0,0,Govt_job
-0.007544210347395762,0,0,0.03618566526963572,-0.09878790441219044,0,1,1,0,0,1,1,0,0,0,1,0,Govt_job
-0.05196283554873638,0,0,0.38487337874517186,-0.3556242461025416,0,0,0,1,0,1,1,0,0,0,0,1,Private
0.8364096684780761,1,0,3.455453294233491,1.8146428411809257,0,0,1,0,0,1,1,0,0,1,0,0,Self-employed
1.6803635473035479,0,0,0.4303158334574953,1.429388328645399,0,0,1,0,0,1,0,1,0,0,1,0,Self-employed
-0.807079463971527,0,0,2.752092763491039,-0.6895114902999984,0,0,0,1,1,0,1,0,0,0,1,0,Private
-1.5621960923943174,0,0,0.42898581039274436,0.10668116894009023,0,0,1,0,1,0,0,1,1,0,0,0,children
-0.8959167143742082,0,0,-0.06445274662985162,1.2881283407157056,0,0,1,0,0,1,1,0,1,0,0,0,Private
1.2805959204914823,0,1,0.17384305247135706,-0.3042569777644716,0,0,0,1,0,1,1,0,1,0,0,0,Self-employed
-0.8959167143742082,0,0,-0.6478895310339271,0.15804843727816073,0,0,1,0,1,0,1,0,0,0,1,0,Private
-0.096381460750077,0,0,-0.5791716726884624,-0.4840424169477172,0,0,0,1,0,1,1,0,1,0,0,0,Private
0.9696655440820979,0,0,-0.22937560665896717,-0.4326751486096472,0,0,1,0,0,1,0,1,0,0,0,1,Self-employed
-0.451730462360802,0,0,-0.5015869939113247,-1.113291454089078,0,0,1,0,1,0,0,1,1,0,0,0,Private
0.7475724180753948,0,0,-0.811039026976708,0.26078297395430083,0,0,0,1,0,1,1,0,0,0,1,0,Private
1.6803635473035479,0,0,-0.22050878622729414,-0.9463478319903496,1,0,1,0,0,1,0,1,0,0,1,0,Self-employed
0.258967540860648,0,0,-0.07354123757231625,0.055313900602020176,0,0,0,1,0,1,1,0,0,1,0,0,Private
-0.5849863379648238,0,0,0.1616511743778069,1.6605410361667146,0,0,0,1,1,0,0,1,1,0,0,0,Private
-1.1624284655822519,0,0,-0.8054972642069125,-0.16299698983477823,0,0,0,1,1,0,1,0,1,0,0,0,Private
0.39222341646466985,0,1,-0.09504327711912296,0.2993084252078536,0,0,0,1,1,0,1,0,0,0,0,1,Private
1.2805959204914823,0,0,-0.29255170223463633,-0.548251502370305,0,0,0,1,0,1,0,1,0,1,0,0,Private
-0.05196283554873638,0,0,-0.16087941882429407,-1.3316023445258762,0,0,1,0,1,0,0,1,0,0,1,0,Private
1.5026890464981855,1,1,-0.5512411883286926,0.003946632263949666,0,0,0,1,0,1,0,1,0,0,0,1,Self-employed
-0.2740559615554395,0,0,2.1728677187920082,2.276948256223558,0,0,1,0,0,1,0,1,0,0,1,0,Private
0.5254792920686917,0,0,-0.14070740234223836,-0.496884234032235,0,0,1,0,0,1,0,1,0,1,0,0,Govt_job
-0.007544210347395762,0,0,-0.5286307962279269,-0.15015517275026094,0,0,0,1,0,1,0,1,0,0,0,1,Private
1.2805959204914823,0,1,2.9367442989806274,-0.09878790441219044,0,1,0,1,0,1,1,0,0,0,0,1,Private
-0.6294049631661645,0,0,-0.9602232807396044,0.7102465719124154,0,0,1,0,1,0,1,0,0,1,0,0,Self-employed
1.1473400448874604,1,0,0.1334990195072456,-0.3556242461025416,0,0,1,0,0,1,0,1,0,1,0,0,Self-employed
-0.096381460750077,0,0,-0.2686112870691196,0.9028738281801788,0,0,1,0,0,1,1,0,1,0,0,0,Private
-0.807079463971527,0,0,-0.6048854519403136,-0.03457881898960265,0,0,1,0,0,1,1,0,0,0,1,0,Private
0.7031537928740542,1,0,2.1961431224251498,0.24794115686978355,0,0,1,0,0,1,0,1,0,0,1,0,Private
-0.807079463971527,0,0,-0.8360877946961842,-1.3187605274413585,0,0,1,0,1,0,0,1,0,0,0,1,Private
-1.8287078436023612,0,0,-0.4259973497313134,-1.395811429948464,0,0,0,1,1,0,1,0,1,0,0,0,children
-1.5621960923943174,0,0,0.04837754336318587,-0.27857334359543656,0,0,0,1,1,0,1,0,1,0,0,0,children
-0.8959167143742082,0,0,-0.39008672698303815,-1.3572859786949114,0,0,1,0,1,0,0,1,0,0,1,0,Private
-0.8959167143742082,0,0,-1.035591254408824,-0.9335060149058317,0,0,1,0,1,0,0,1,0,0,1,0,Private
1.4582704212968447,1,0,2.2648609807706146,0.7230883889969332,0,0,0,1,0,1,1,0,0,1,0,0,Self-employed
0.8808282936794166,0,0,-0.024108713665739842,-1.0105569174129374,0,0,0,1,0,1,1,0,0,1,0,0,Self-employed
-0.6738235883675051,0,0,-0.255532726932402,-0.6638278561309633,0,0,0,1,1,0,0,1,1,0,0,0,Private
-0.4961490875621426,1,0,-1.053989906804545,-0.09878790441219044,0,1,0,1,1,0,0,1,0,1,0,0,Govt_job
-0.807079463971527,0,0,0.7204825320839902,-0.201522441088331,0,0,0,1,1,0,0,1,1,0,0,0,Private
1.5915262969008666,0,1,0.536274337615986,-0.8050878440606561,1,0,0,1,0,1,1,0,0,1,0,0,Private
0.3478047912633292,0,0,2.9591330205706012,0.7872974744195209,0,0,0,1,0,1,1,0,0,0,1,0,Private
0.8364096684780761,0,0,-0.3096203315656068,-1.190342356596183,0,0,1,0,0,1,0,1,1,0,0,0,Self-employed
-0.5405677127634833,0,0,-0.8937221275020578,-0.09878790441219044,0,0,1,0,1,0,0,1,0,0,1,0,Private
-0.7626608387701863,0,0,-0.3681413464146476,-0.3813078802715771,0,0,0,1,0,1,0,1,0,1,0,0,Private
0.1257116652566261,0,0,-1.0499998376102921,-0.5354096852857877,0,0,0,1,0,1,0,1,0,1,0,0,Private
-1.73987059319968,0,0,2.2269553234252126,-1.5242296007936396,0,0,1,0,1,0,1,0,1,0,0,0,children
1.6359449221022073,0,1,0.43297587958699696,0.517619315644652,0,0,0,1,0,1,1,0,1,0,0,0,Private
-1.2512657159849332,0,0,-0.1028017449968366,-0.8564551123987267,0,0,1,0,1,0,1,0,1,0,0,0,children
0.17013029045796674,0,0,-0.38343661165928355,-0.8564551123987267,0,0,0,1,0,1,1,0,0,0,0,1,Private
-1.4289402167902956,0,0,-0.0012766510541821492,-0.8050878440606561,0,0,0,1,1,0,1,0,0,0,1,0,children
-1.6066147175956582,0,0,-0.42200728053706044,-0.8436132953142089,0,0,1,0,1,0,0,1,1,0,0,0,children
-0.7182422135688457,0,0,0.12618389265111551,0.003946632263949666,0,0,1,0,1,0,0,1,0,0,1,0,Private
-0.8959167143742082,0,0,-0.259301125615863,0.26078297395430083,0,0,1,0,1,0,0,1,0,0,1,0,Private
0.6587351676727136,0,0,-1.0220693532505227,0.04247208351750244,0,0,1,0,0,1,1,0,0,1,0,0,Self-employed
-0.5849863379648238,0,0,-0.2165187170330415,0.11952298602460797,0,0,0,1,0,1,0,1,0,0,1,0,Private
-0.451730462360802,0,0,-0.3160487763785695,1.2752865236311879,0,0,0,1,1,0,1,0,0,1,0,0,Self-employed
0.258967540860648,1,0,0.04704752029843489,-0.496884234032235,0,0,1,0,0,1,1,0,1,0,0,0,Govt_job
-0.14080008595141763,0,0,1.8922328521295617,-0.09878790441219044,0,1,0,1,0,1,0,1,0,0,0,1,Private
0.6587351676727136,0,0,0.4773099817453614,0.5433029498136875,0,0,1,0,0,1,1,0,0,0,0,1,Private
-0.36289321195812074,0,0,-0.8968255146531433,-0.3556242461025416,0,0,1,0,0,1,0,1,0,0,1,0,Self-employed
1.1029214196861197,0,0,-0.20033676974523842,-0.06026245315863813,0,0,1,0,0,1,0,1,0,1,0,0,Govt_job
1.2805959204914823,0,1,-0.13361394599689988,-0.22720607525736602,0,0,0,1,0,1,0,1,0,1,0,0,Private
0.7475724180753948,1,0,2.023905135539904,0.6974047548278977,0,0,0,1,0,1,0,1,1,0,0,0,Private
0.9696655440820979,0,0,-0.8666783251854555,-0.9463478319903496,0,0,0,1,0,1,0,1,0,0,1,0,Self-employed
-0.36289321195812074,0,0,0.4023853490977256,-0.02173700190508536,0,0,1,0,0,1,1,0,0,0,1,0,Private
-1.517777467192977,0,0,0.5786134051772239,-0.4326751486096472,0,0,0,1,1,0,0,1,1,0,0,0,children
-1.6954519679983393,0,0,-0.8101523449335409,-1.5627550520471925,0,0,0,1,1,0,0,1,1,0,0,0,children
0.17013029045796674,0,0,-0.41668718827805684,0.003946632263949666,0,0,1,0,0,1,0,1,0,0,0,1,Private
1.1473400448874604,0,0,-0.7715816760557637,0.145206620193643,0,0,1,0,0,1,1,0,1,0,0,0,Govt_job
1.4138517960955042,0,0,-0.6720516167102357,-0.5610933194548228,0,0,0,1,0,1,1,0,0,1,0,0,Private
-1.02917258997823,0,0,-0.12097872688176617,-0.1373133556657432,0,0,0,1,1,0,1,0,1,0,0,0,Private
0.7919910432767354,0,0,0.779668558465407,0.6588793035743453,0,0,0,1,0,1,1,0,0,0,0,1,Private
-0.05196283554873638,0,0,-0.5219806809041723,-0.6509860390464456,0,0,1,0,0,1,1,0,0,1,0,0,Private
0.6587351676727136,1,0,2.091957982352993,0.5433029498136875,0,0,0,1,0,1,0,1,0,0,1,0,Private
-0.7626608387701863,0,0,0.40327203114089305,0.15804843727816073,0,0,1,0,0,1,1,0,0,0,1,0,Private
-1.6066147175956582,0,0,-0.9777352510921583,-1.6012805033007451,0,0,1,0,1,0,0,1,1,0,0,0,children
0.258967540860648,0,0,0.004486782226405022,0.11952298602460797,0,0,1,0,0,1,0,1,0,0,1,0,Private
-0.7626608387701863,0,0,-0.22649389001867357,0.23509933978526582,0,0,0,1,0,1,1,0,0,0,0,1,Private
0.7475724180753948,0,0,-0.4579179032853357,-0.548251502370305,0,0,1,0,0,1,0,1,1,0,0,0,Private
0.7919910432767354,0,0,0.1363807361475392,-0.3042569777644716,0,0,0,1,0,1,0,1,0,0,0,1,Self-employed
1.4582704212968447,1,1,2.085307867029239,-0.09878790441219044,1,1,1,0,0,1,0,1,0,0,0,1,Self-employed
-0.18521871115275826,0,0,-0.9701984537252363,-0.6638278561309633,0,0,1,0,0,1,0,1,0,0,0,1,Private
1.191758670088801,0,1,-0.2830198702705881,1.4550719628144344,0,0,0,1,0,1,1,0,0,1,0,0,Private
1.6359449221022073,0,1,-0.06046267743559867,-0.00889518482056762,0,0,1,0,0,1,1,0,0,0,1,0,Self-employed
-1.73987059319968,0,0,-0.054255903133427624,-1.2930768932723236,0,0,0,1,1,0,0,1,1,0,0,0,children
0.1257116652566261,0,0,-0.4530411520479157,0.4148847789685119,0,0,0,1,0,1,0,1,0,0,0,1,Private
-0.40731183715946134,0,0,2.6709613565412322,1.2239192552931177,0,0,1,0,1,0,0,1,1,0,0,0,Govt_job
-0.8959167143742082,0,0,0.4629013985438931,-0.02173700190508536,0,0,1,0,1,0,0,1,0,0,0,1,Private
1.7247821725048884,0,0,-0.4656763711630494,0.6075120352362753,0,0,1,0,0,1,0,1,0,1,0,0,Self-employed
-0.7626608387701863,0,0,-0.18947491471643926,-0.817929661145174,0,0,1,0,1,0,0,1,0,0,1,0,Private
-0.40731183715946134,0,0,-0.4432876495730752,0.4020429618839942,0,0,1,0,0,1,1,0,0,0,1,0,Private
-1.1624284655822519,0,0,-0.5465861076020645,-0.7794042098916212,0,0,1,0,1,0,0,1,0,0,1,0,Private
-1.8287078436023612,0,0,0.08362315457908565,-1.6012805033007451,0,0,1,0,1,0,1,0,1,0,0,0,children
1.547107671699526,1,0,-0.11632364615513774,0.4148847789685119,0,0,1,0,0,1,1,0,0,0,0,1,Private
-1.0735912151795706,0,0,0.81535751070289,-0.7794042098916212,0,0,0,1,1,0,1,0,1,0,0,0,Private
-0.6294049631661645,0,0,0.13948412329862472,-0.18868062400381372,0,0,1,0,0,1,0,1,0,0,1,0,Private
-0.9403353395755488,0,0,-0.5556745985445292,0.055313900602020176,0,0,1,0,1,0,1,0,1,0,0,0,Private
0.3478047912633292,0,0,0.11842542477340155,0.49193568147561745,0,0,0,1,0,1,1,0,0,1,0,0,Private
0.7031537928740542,0,0,-0.5381626281919751,-0.4198333315251294,0,0,1,0,0,1,0,1,0,1,0,0,Private
0.6143165424713729,0,0,-0.2311489707453017,0.4534102302220642,0,0,1,0,0,1,1,0,0,1,0,0,Self-employed
0.1257116652566261,0,0,-0.2790298010763352,0.4790938643910997,0,0,1,0,0,1,1,0,1,0,0,0,Self-employed
1.2361772952901415,0,0,-0.762714855624091,-1.1775005395116656,0,0,1,0,0,1,0,1,0,0,1,0,Private
-1.3401029663876145,0,0,0.2405658762196956,-0.6381442219619283,0,0,0,1,1,0,1,0,1,0,0,0,children
1.1473400448874604,0,0,-0.26550789991803403,-0.047420636074120386,1,0,0,1,0,1,1,0,1,0,0,0,Private
-0.9847539647768895,0,0,-1.0896788590420283,2.687886402928119,0,0,1,0,1,0,1,0,0,0,1,0,Govt_job
0.8364096684780761,0,0,2.1675476265330045,0.02963026643298515,0,0,1,0,0,1,1,0,1,0,0,0,Private
0.7475724180753948,0,0,3.5645151855430663,-0.4326751486096472,0,0,1,0,1,0,1,0,0,0,1,0,Govt_job
-1.1180098403809113,0,0,0.14502588606842026,-0.7280369415535511,0,0,1,0,1,0,1,0,0,1,0,0,Govt_job
-1.8695729787875948,0,0,-0.5904768687388451,-1.4728623324555696,0,0,0,1,1,0,1,0,1,0,0,0,children
0.1257116652566261,0,0,-0.6062154750050646,-0.6381442219619283,0,0,0,1,0,1,1,0,0,0,1,0,Private
-0.096381460750077,0,0,-0.13272726395373277,0.35067569354592415,0,0,0,1,0,1,0,1,0,0,1,0,Private
0.5698979172700324,1,0,2.2360438143676773,-0.8949805636522795,0,0,0,1,0,1,1,0,0,0,0,1,Private
-0.18521871115275826,0,0,-1.0016756662576751,0.6845629377433808,0,0,1,0,0,1,0,1,0,0,1,0,Private
0.7919910432767354,0,0,-0.748749613444206,-0.3684660631870594,0,0,1,0,0,1,1,0,0,1,0,0,Private
-1.0735912151795706,0,0,-0.31250204820590044,1.3651792432228111,0,0,1,0,1,0,1,0,1,0,0,0,Private
-1.73987059319968,0,0,-0.3406542030764617,-1.6269641374697803,0,0,0,1,1,0,1,0,1,0,0,0,children
-1.3401029663876145,0,0,0.701862209177477,-1.3701277957794291,0,0,0,1,1,0,1,0,1,0,0,0,children
0.08129304005528548,0,0,-0.03696560329166548,1.1340265357014954,0,0,0,1,1,0,0,1,1,0,0,0,Self-employed
0.39222341646466985,0,0,-0.2803598241410862,0.466252047306582,0,0,1,0,0,1,0,1,0,0,1,0,Private
0.6143165424713729,1,0,0.5265208351411459,4.113328099309569,0,0,1,0,0,1,1,0,0,0,0,1,Private
1.4138517960955042,0,1,-0.4856267171343135,-0.09878790441219044,0,1,1,0,0,1,0,1,0,0,0,1,Self-employed
0.8364096684780761,0,0,0.11199697996043889,-0.7023533073845161,0,0,1,0,0,1,0,1,0,0,0,1,Govt_job
0.3033861660619886,0,0,-0.662963125767771,0.145206620193643,0,0,1,0,0,1,0,1,0,0,1,0,Private
-1.02917258997823,0,0,-0.4814149774292689,-0.16299698983477823,0,0,1,0,1,0,1,0,0,0,0,1,Private
1.547107671699526,1,1,2.085751208050822,0.09383935185557295,0,0,0,1,0,1,1,0,0,1,0,0,Self-employed
-1.8287078436023612,0,0,1.3150028420276574,-1.395811429948464,0,0,1,0,1,0,1,0,1,0,0,0,children
-0.3184745867567801,0,0,-1.0683984900060135,0.5047774985601343,0,0,0,1,0,1,0,1,1,0,0,0,Govt_job
0.7919910432767354,0,0,-0.7953004207104888,1.0569756331943898,0,0,1,0,1,0,1,0,0,0,1,0,Private
0.6143165424713729,1,0,-0.9325144668906267,0.8900320110956611,0,0,1,0,0,1,1,0,0,0,0,1,Self-employed
0.3033861660619886,0,0,0.18315321392461362,0.466252047306582,0,0,1,0,0,1,1,0,0,0,1,0,Private
-0.007544210347395762,0,0,-0.3249155968102425,0.6460374864898276,0,0,0,1,0,1,0,1,0,0,1,0,Private
0.7031537928740542,0,0,-0.5179906117099193,-0.00889518482056762,0,0,1,0,0,1,1,0,0,0,1,0,Private
0.3478047912633292,1,0,-0.3898650564722462,-0.06026245315863813,1,0,1,0,0,1,0,1,0,0,1,0,Private
1.0585027944847791,0,0,-0.3422058966520046,-0.09878790441219044,0,0,1,0,0,1,1,0,1,0,0,0,Self-employed
-0.6738235883675051,0,0,-0.1978983941265284,0.016788449348467408,0,0,1,0,1,0,1,0,1,0,0,0,Private
-0.807079463971527,0,0,-0.8101523449335409,-0.2914151606799538,0,0,1,0,0,1,1,0,0,0,1,0,Private
1.2361772952901415,0,0,-0.27725643699000063,0.7487720231659686,0,0,1,0,0,1,0,1,0,0,1,0,Private
0.5254792920686917,0,0,-0.40050524099025375,-0.24004789234188378,0,0,0,1,0,1,0,1,1,0,0,0,Private
0.6587351676727136,1,0,2.2912397715548414,3.085982732548164,0,0,0,1,0,1,1,0,0,1,0,0,Self-employed
1.0585027944847791,0,0,1.8822576791439294,0.9157156452646965,0,0,0,1,0,1,0,1,0,1,0,0,Private
-0.6294049631661645,0,0,-0.3384374979685436,-0.11162972149670818,0,0,1,0,0,1,0,1,0,0,1,0,Self-employed
-0.451730462360802,0,0,-0.7675916068615111,2.26410643913904,0,0,1,0,0,1,1,0,0,0,0,1,Private
0.6143165424713729,0,0,-0.23026228870213428,-1.2031841736807007,0,0,1,0,0,1,0,1,1,0,0,0,Private
1.7247821725048884,1,0,2.0201367368564425,-0.8564551123987267,1,0,1,0,0,1,0,1,0,0,1,0,Self-employed
0.08129304005528548,1,0,-0.23868576811222372,-0.09878790441219044,0,1,1,0,0,1,1,0,0,0,0,1,Govt_job
0.6143165424713729,0,1,0.1459125681115877,-0.06026245315863813,0,0,0,1,0,1,0,1,0,0,1,0,Self-employed
-0.18521871115275826,0,0,-0.38365828217007514,0.6974047548278977,0,0,0,1,0,1,1,0,0,0,1,0,Self-employed
-1.3401029663876145,0,0,-0.1475791881767849,-0.7794042098916212,0,0,1,0,1,0,0,1,1,0,0,0,children
-1.9068846239567205,0,0,-1.0794820155456046,-1.2160259907652184,0,0,0,1,1,0,0,1,1,0,0,0,children
-0.6294049631661645,0,0,-0.2460008949683538,-0.06026245315863813,0,0,0,1,1,0,1,0,0,0,0,1,Private
0.08129304005528548,0,0,0.049707566427936854,1.0826592673634243,0,0,1,0,0,1,0,1,0,0,1,0,Private
0.5698979172700324,0,0,-0.6272741735302878,0.9157156452646965,0,0,1,0,0,1,0,1,0,1,0,0,Private
-1.8287078436023612,0,0,-0.13383561650769182,-1.6526477716388153,0,0,1,0,1,0,1,0,1,0,0,0,children
-1.1180098403809113,0,0,-0.5193206347746704,-0.7922460269761389,0,0,1,0,1,0,0,1,1,0,0,0,Never_worked
0.5254792920686917,0,0,-0.9014805953797714,0.145206620193643,0,0,0,1,0,1,1,0,0,0,1,0,Govt_job
1.6359449221022073,1,0,-0.048492469852840454,-0.6638278561309633,0,0,1,0,0,1,1,0,0,0,1,0,Self-employed
0.9252469188807573,1,0,2.718398845850682,1.7247501215893024,0,0,0,1,0,1,1,0,0,1,0,0,Private
1.0585027944847791,0,0,-0.18725820960852085,0.003946632263949666,0,0,0,1,0,1,0,1,0,0,1,0,Private
0.43664204166601045,0,0,-0.5381626281919751,-0.047420636074120386,0,0,1,0,0,1,0,1,1,0,0,0,Self-employed
-0.05196283554873638,0,0,-0.8405212049120203,0.145206620193643,0,0,0,1,0,1,1,0,0,0,1,0,Private
0.21454891565930734,0,0,-0.9509131192863478,0.09383935185557295,0,0,0,1,0,1,1,0,1,0,0,0,Private
-1.6954519679983393,0,0,-0.0274337713276173,-1.6141223203852626,0,0,0,1,1,0,1,0,1,0,0,0,children
0.258967540860648,0,0,0.4398476654215435,3.6381808671824194,0,0,1,0,0,1,1,0,1,0,0,0,Private
-1.0735912151795706,0,0,-0.8866286711567193,-0.03457881898960265,0,0,1,0,1,0,0,1,0,0,0,1,Private
0.7919910432767354,0,0,1.097987411962463,-0.2914151606799538,0,0,0,1,0,1,1,0,0,1,0,0,Self-employed
-1.2956843411862737,0,0,-0.09282657201120487,-0.4583587827786822,0,0,1,0,1,0,1,0,0,0,1,0,children
0.258967540860648,0,0,-0.7161640483578082,0.5304611327291697,0,0,1,0,0,1,1,0,0,0,1,0,Private
-1.8482520386909511,0,0,0.07386965210424554,-1.2802350761878063,0,0,0,1,1,0,1,0,1,0,0,0,children
0.3478047912633292,0,0,-0.4936068555228191,0.6974047548278977,0,0,1,0,0,1,0,1,1,0,0,0,Private
-0.05196283554873638,0,0,-0.36725466437148047,3.2015590863088215,0,0,0,1,0,1,1,0,1,0,0,0,Private
-1.384521591588955,0,0,-0.4195689049183504,-0.4455169656941649,0,0,0,1,1,0,0,1,0,0,1,0,children
1.6359449221022073,0,1,1.672335705424074,0.42772659605302965,0,0,0,1,0,1,1,0,0,1,0,0,Govt_job
0.17013029045796674,0,0,0.3689131019681607,-0.6381442219619283,0,0,1,0,0,1,0,1,0,0,1,0,Private
1.0585027944847791,1,0,-0.9719718178115709,-0.4583587827786822,1,0,1,0,0,1,1,0,0,0,0,1,Self-employed
-0.14080008595141763,0,0,-0.9076873696819424,-0.2914151606799538,0,0,0,1,0,1,1,0,0,0,1,0,Private
-0.6294049631661645,0,0,-0.9600016102288126,0.0809975347710552,0,0,1,0,0,1,1,0,0,0,1,0,Private
1.1029214196861197,0,0,-1.0440147338189132,-0.34278242901802436,0,0,1,0,0,1,1,0,0,1,0,0,Private
-0.8959167143742082,0,0,-0.6215107402497003,1.2752865236311879,0,0,0,1,1,0,0,1,0,0,0,1,Private
1.6359449221022073,0,1,-0.11056021287455056,0.06815571768653746,0,0,1,0,0,1,1,0,0,0,1,0,Private
0.5254792920686917,0,0,-0.5215373398825884,-0.02173700190508536,0,0,0,1,0,1,0,1,1,0,0,0,Private
-1.517777467192977,0,0,-0.24821760007627192,-1.1389750882581129,0,0,0,1,1,0,1,0,1,0,0,0,children
-0.7626608387701863,0,0,0.7144974282926113,-1.1004496370045602,0,0,1,0,0,1,0,1,0,0,0,1,Private
-0.451730462360802,1,0,-0.45813957379612735,0.466252047306582,0,0,0,1,0,1,1,0,0,0,1,0,Private
0.17013029045796674,0,0,-0.7618281735809236,0.7744556573350032,0,0,0,1,0,1,0,1,0,0,0,1,Private
0.6143165424713729,0,0,0.6422328417744769,0.02963026643298515,0,0,0,1,0,1,0,1,1,0,0,0,Private
0.6143165424713729,0,0,-0.6128655903288193,0.8900320110956611,0,0,1,0,0,1,1,0,0,0,1,0,Self-employed
0.21454891565930734,0,0,0.0603477509459444,0.5689865839827221,0,0,1,0,0,1,0,1,1,0,0,0,Self-employed
0.8808282936794166,1,1,1.5215997580856353,-0.5867769536238577,0,0,1,0,1,0,0,1,0,0,1,0,Govt_job
1.547107671699526,0,0,-0.13184058191056533,0.9927665477718021,0,0,1,0,0,1,1,0,0,0,1,0,Private
0.258967540860648,1,0,-0.15267760992499657,0.8515065598421088,0,0,1,0,0,1,1,0,0,0,1,0,Govt_job
1.191758670088801,1,0,1.082027135185452,-0.047420636074120386,0,0,1,0,0,1,1,0,0,1,0,0,Self-employed
0.17013029045796674,0,0,-0.6179640120770312,0.18373207144719578,0,0,1,0,0,1,0,1,0,1,0,0,Private
-0.8514980891728676,0,0,-0.5029170169760756,-0.8949805636522795,0,0,0,1,0,1,0,1,0,0,0,1,Private
0.9252469188807573,0,0,-0.6795884140771578,0.28646660812333635,0,0,1,0,0,1,1,0,0,1,0,0,Private
-1.8287078436023612,0,0,-0.26705959349357694,-1.344444161610394,0,0,0,1,1,0,1,0,1,0,0,0,children
-0.7182422135688457,0,0,0.11266199149281439,0.0809975347710552,0,0,0,1,1,0,1,0,0,0,0,1,Self-employed
0.1257116652566261,0,0,-0.6804750961203249,-0.02173700190508536,0,0,1,0,0,1,1,0,0,0,1,0,Private
0.03687441485394486,0,0,-0.40560366273846576,-0.2914151606799538,0,0,0,1,0,1,1,0,0,0,1,0,Govt_job
0.17013029045796674,0,0,-0.12142206790334972,0.2993084252078536,0,0,1,0,0,1,0,1,0,0,0,1,Govt_job
-0.36289321195812074,0,0,-0.5186556232422949,0.5561447668982052,0,0,1,0,0,1,0,1,0,0,1,0,Govt_job
1.6359449221022073,1,0,2.4874181736056036,0.5946702181517576,0,0,1,0,0,1,0,1,1,0,0,0,Self-employed
-0.05196283554873638,0,0,-0.21674038754383315,1.262444706546671,0,0,1,0,0,1,0,1,1,0,0,0,Private
1.5915262969008666,0,1,-1.0797036860563964,-0.8821387465677617,0,0,0,1,0,1,0,1,0,1,0,0,Private
0.7031537928740542,0,0,-0.7924187040701949,0.32499205937688863,0,0,0,1,0,1,0,1,0,0,1,0,Govt_job
0.9696655440820979,0,0,-1.0178576135454782,-0.047420636074120386,0,0,0,1,0,1,0,1,0,0,0,1,Private
1.3694331708941636,0,0,-0.7370010763722394,-0.06026245315863813,0,0,1,0,0,1,1,0,0,0,1,0,Self-employed
-1.4733588419916364,0,0,-1.07527027584056,-1.7296986741459206,0,0,1,0,1,0,0,1,0,0,1,0,children
-0.14080008595141763,0,0,-0.8948304800560168,-1.4728623324555696,0,0,1,0,0,1,0,1,0,1,0,0,Private
1.5915262969008666,1,0,-0.7046371817966336,0.09383935185557295,0,0,1,0,0,1,1,0,0,0,1,0,Self-employed
-0.6738235883675051,1,0,-0.425110667688146,1.2496028894621531,0,0,0,1,1,0,0,1,0,0,0,1,Private
0.3033861660619886,0,0,0.5063488186590901,-0.7408787586380684,0,0,1,0,0,1,0,1,1,0,0,0,Govt_job
-0.05196283554873638,0,0,-0.2659512409396176,-0.21436425817284874,0,0,0,1,0,1,0,1,0,0,1,0,Govt_job
-1.1624284655822519,0,0,0.32790405747167345,-1.3572859786949114,0,0,1,0,1,0,1,0,0,0,1,0,Private
0.6143165424713729,0,0,-0.03164551103266187,-1.2417096249342534,0,0,1,0,0,1,0,1,0,0,0,1,Govt_job
1.5026890464981855,0,0,-0.27282302677416415,-0.4712005998631999,0,0,1,0,0,1,1,0,0,1,0,0,Private
0.08129304005528548,0,0,-1.1109592280780434,-0.7408787586380684,0,0,1,0,0,1,0,1,0,0,0,1,Private
0.5698979172700324,0,0,-0.06245771203272514,-0.09878790441219044,0,1,1,0,0,1,0,1,0,0,0,1,Private
-0.6738235883675051,0,0,-0.4333124765874435,0.145206620193643,0,0,0,1,1,0,0,1,1,0,0,0,Private
1.0585027944847791,0,0,-0.8422945689983549,-0.3684660631870594,0,0,0,1,0,1,0,1,0,1,0,0,Govt_job
-0.7182422135688457,0,0,0.19955683172320865,0.4020429618839942,0,0,0,1,1,0,0,1,1,0,0,0,Private
0.39222341646466985,0,0,0.03685067680201121,1.699066487420268,0,0,0,1,0,1,1,0,0,1,0,0,Private
-1.2512657159849332,0,0,-0.8287726678400538,-0.7537205757225861,0,0,0,1,1,0,0,1,0,0,1,0,Self-employed
-0.18521871115275826,0,0,-1.1196043779989244,0.3378338764614064,0,0,1,0,0,1,0,1,1,0,0,0,Private
0.6143165424713729,0,1,-0.28745328048642466,-0.1373133556657432,0,0,0,1,0,1,0,1,0,1,0,0,Self-employed
-1.517777467192977,0,0,-0.6638498078109382,-0.9463478319903496,0,0,0,1,1,0,0,1,1,0,0,0,children
-1.6066147175956582,0,0,-0.05935432488163962,-1.3572859786949114,0,0,1,0,1,0,0,1,1,0,0,0,children
1.191758670088801,1,0,3.2322310898661257,-0.22720607525736602,0,0,0,1,0,1,0,1,0,0,1,0,Self-employed
-1.8997776439245062,0,0,0.08362315457908565,-1.8709586620756136,0,0,0,1,1,0,0,1,1,0,0,0,children
0.9252469188807573,1,0,-0.6064371455158563,0.17089025436267802,0,0,0,1,0,1,1,0,0,0,0,1,Private
0.6143165424713729,0,0,-0.4319824535226925,0.3635175106304414,1,0,0,1,0,1,0,1,1,0,0,0,Private
0.21454891565930734,1,0,2.5556926909294853,3.6381808671824194,0,0,1,0,0,1,1,0,0,0,1,0,Govt_job
0.8808282936794166,0,0,0.40083365552218303,0.7744556573350032,0,0,1,0,0,1,0,1,1,0,0,0,Govt_job
-0.22963733635409886,0,0,-0.7698083119694292,-0.8050878440606561,0,0,1,0,0,1,0,1,1,0,0,0,Private
0.17013029045796674,0,0,-0.11920536279543163,-0.6509860390464456,0,0,1,0,0,1,1,0,0,0,1,0,Govt_job
-0.8959167143742082,0,0,-0.6219540812712838,-1.2417096249342534,0,0,1,0,0,1,1,0,0,0,1,0,Private
-0.5405677127634833,0,0,-0.7788968029118938,0.13236480310912527,0,0,1,0,1,0,1,0,1,0,0,0,Self-employed
-0.7626608387701863,0,0,-0.7797834849550612,-1.1389750882581129,0,0,0,1,0,1,0,1,0,0,1,0,Private
0.3478047912633292,0,1,1.810658104158171,0.6845629377433808,0,0,0,1,0,1,0,1,0,0,1,0,Self-employed
-0.5849863379648238,0,0,-0.41380547163776293,0.28646660812333635,0,0,1,0,1,0,1,0,0,0,0,1,Private
-0.3184745867567801,0,0,0.04882088438476943,-0.4326751486096472,0,0,1,0,0,1,1,0,0,0,1,0,Private
0.8364096684780761,1,0,-0.6975437254512954,0.6588793035743453,0,0,1,0,0,1,1,0,0,0,1,0,Self-employed
-0.7182422135688457,0,0,1.2365314812073518,-0.40699151444061216,0,0,1,0,0,1,0,1,0,0,0,1,Private
1.6359449221022073,0,0,-0.7864336002788158,-0.7280369415535511,0,0,1,0,0,1,1,0,1,0,0,0,Private
1.2361772952901415,1,1,-0.858476516286158,-0.27857334359543656,0,0,0,1,0,1,1,0,0,0,0,1,Self-employed
-0.22963733635409886,0,0,1.721103217798275,1.1853938040395655,0,0,1,0,0,1,1,0,0,1,0,0,Private
-0.14080008595141763,0,0,-0.9936955278691695,-2.2305295404421055,0,0,0,1,0,1,1,0,0,0,1,0,Private
-0.4961490875621426,0,0,-0.019231962428319784,-0.8050878440606561,0,0,1,0,0,1,0,1,0,0,1,0,Private
0.5698979172700324,0,0,-0.16952456874517516,0.49193568147561745,0,0,1,0,0,1,0,1,0,1,0,0,Self-employed
0.5698979172700324,0,0,-0.9327361374014184,1.4935974140679866,0,0,1,0,0,1,0,1,0,1,0,0,Private
-0.8959167143742082,0,0,-0.037630614824040974,-0.12447153858122592,0,0,1,0,1,0,1,0,1,0,0,0,Private
-1.1180098403809113,0,0,-0.17041125078834257,-0.9078223807367968,0,0,1,0,1,0,1,0,0,0,1,0,Private
-1.8926706638922917,0,0,-0.5512411883286926,-1.3572859786949114,0,0,1,0,1,0,0,1,1,0,0,0,children
-0.18521871115275826,0,0,-0.3594961964937668,2.4695755124913212,0,0,1,0,1,0,1,0,0,0,1,0,Private
-1.2068470907835926,0,0,-0.36902802845781496,-0.8050878440606561,0,0,1,0,1,0,0,1,0,1,0,0,Private
-0.7182422135688457,0,0,-0.433977488119819,-0.9591896490748673,0,0,1,0,1,0,1,0,1,0,0,0,Private
-1.02917258997823,0,0,0.15899112824830494,-0.175838806919296,0,0,1,0,1,0,0,1,0,0,1,0,Private
-1.1624284655822519,0,0,0.16541957306126792,-0.7023533073845161,0,0,0,1,1,0,0,1,0,0,1,0,Never_worked
-0.5405677127634833,0,0,-0.30208353419868483,-0.7794042098916212,0,0,1,0,0,1,0,1,0,0,1,0,Private
0.8364096684780761,0,0,-0.7378877584154069,-0.817929661145174,0,0,0,1,0,1,0,1,0,1,0,0,Private
0.39222341646466985,0,0,-0.8487230138113179,-0.15015517275026094,0,0,0,1,0,1,0,1,0,0,0,1,Govt_job
1.5026890464981855,0,0,-0.3499643645297183,0.4020429618839942,1,0,1,0,0,1,1,0,0,0,1,0,Self-employed
-0.9403353395755488,0,0,0.7614915765804771,-0.9977151003284196,0,0,1,0,1,0,0,1,0,0,1,0,Private
0.5254792920686917,0,0,-0.07597961319102628,-0.5996187707083755,0,0,1,0,0,1,0,1,0,0,1,0,Private
1.5915262969008666,1,0,-0.9165541901136155,-0.2528897094264015,0,0,1,0,0,1,1,0,0,1,0,0,Private
-1.5621960923943174,0,0,-0.8970471851639352,-1.344444161610394,0,0,1,0,1,0,0,1,1,0,0,0,children
1.5915262969008666,0,0,2.0615891223745133,-0.5097260511167527,0,0,0,1,0,1,0,1,0,0,1,0,Private
0.7919910432767354,0,0,-0.6864601999117043,0.22225752270074853,0,0,1,0,0,1,0,1,0,0,1,0,Private
-1.2512657159849332,0,0,-0.4100370729543019,0.06815571768653746,0,0,1,0,1,0,0,1,1,0,0,0,Private
0.7031537928740542,0,0,1.7009312013162194,0.15804843727816073,0,0,1,0,0,1,0,1,1,0,0,0,Private
0.5254792920686917,0,0,-0.6558696694224326,-0.12447153858122592,0,0,1,0,0,1,1,0,0,0,1,0,Self-employed
0.5254792920686917,0,0,-0.3798898834866141,-1.3829696128639464,0,0,0,1,1,0,1,0,0,1,0,0,Govt_job
1.547107671699526,0,0,-0.2801381536302942,-0.6766696732154805,0,0,1,0,0,1,0,1,1,0,0,0,Private
-0.2740559615554395,0,0,-0.6299342196597895,-0.9591896490748673,0,0,1,0,1,0,1,0,0,0,1,0,Govt_job
-1.6510333427969988,0,0,-0.7474195903794554,-1.2031841736807007,0,0,1,0,1,0,1,0,1,0,0,0,children
-1.517777467192977,0,0,-0.5131138604724993,-1.8452750279065786,0,0,1,0,1,0,0,1,1,0,0,0,children
-1.384521591588955,0,0,-0.5186556232422949,-1.5113877837091219,0,0,1,0,1,0,0,1,0,0,1,0,children
1.4582704212968447,0,1,2.137400437065317,1.3394956090537755,0,0,1,0,0,1,0,1,0,1,0,0,Self-employed
0.258967540860648,0,0,-0.03785228533483291,-0.2914151606799538,0,0,1,0,1,0,1,0,0,0,1,0,Govt_job
-1.6066147175956582,0,0,-0.4574745622637518,-1.7682241253994733,0,0,1,0,1,0,1,0,1,0,0,0,children
1.2805959204914823,0,0,-0.13427895752927538,1.0056083648563199,0,0,0,1,0,1,1,0,0,1,0,0,Self-employed
-0.451730462360802,0,0,0.18559158954332367,1.853168292434478,0,0,1,0,0,1,1,0,0,0,1,0,Private
-1.1180098403809113,0,0,0.8348645156525702,0.4020429618839942,0,0,0,1,1,0,1,0,0,0,0,1,Private
-1.2512657159849332,0,0,-0.324250585277867,1.1725519869550478,0,0,1,0,1,0,0,1,0,0,1,0,children
1.0140841692834386,0,0,-0.44927275336445466,0.145206620193643,0,0,1,0,0,1,1,0,0,0,1,0,Govt_job
-1.8287078436023612,0,0,-0.20654354404740946,-1.2031841736807007,0,0,0,1,1,0,1,0,1,0,0,0,children
0.8808282936794166,0,0,-1.08014702707798,1.1597101698705299,0,0,1,0,0,1,0,1,0,0,1,0,Private
-0.36289321195812074,0,0,-0.4854050466235215,-0.4326751486096472,0,0,1,0,0,1,0,1,0,0,1,0,Private
1.547107671699526,0,0,-0.4783115902781834,0.6203538523207931,0,0,1,0,0,1,0,1,0,0,1,0,Self-employed
1.191758670088801,0,0,-0.32159053914836505,0.15804843727816073,0,0,1,0,0,1,0,1,1,0,0,0,Private
1.1473400448874604,0,1,2.0070581767197258,-0.4583587827786822,0,0,1,0,0,1,0,1,0,0,1,0,Private
-0.22963733635409886,0,0,-0.6337026183432505,-0.7023533073845161,0,0,1,0,0,1,0,1,1,0,0,0,Private
1.4582704212968447,0,0,0.2625112567880859,-0.34278242901802436,0,0,0,1,0,1,1,0,0,0,1,0,Self-employed
-1.86246599875538,0,0,-0.478533260788975,-1.2417096249342534,0,0,1,0,1,0,0,1,1,0,0,0,children
1.191758670088801,0,1,2.9903885625922477,-0.09878790441219044,0,1,1,0,0,1,0,1,0,0,0,1,Self-employed
-1.6066147175956582,0,0,0.18093650881669554,-1.6526477716388153,0,0,1,0,1,0,0,1,1,0,0,0,children
-0.5405677127634833,0,0,0.18913831771599274,-0.15015517275026094,0,0,0,1,0,1,1,0,0,0,0,1,Private
-0.36289321195812074,0,0,0.14546922709000382,0.13236480310912527,0,0,1,0,0,1,0,1,1,0,0,0,Private
1.7247821725048884,0,0,3.0546730107218765,-0.5867769536238577,0,0,1,0,0,1,0,1,0,0,1,0,Self-employed
0.03687441485394486,0,0,-0.32314223272390796,-0.6124605877928928,0,0,1,0,0,1,0,1,0,0,1,0,Govt_job
0.8364096684780761,0,0,-0.5352809115516814,1.1982356211240832,0,0,0,1,0,1,0,1,0,0,1,0,Private
1.2805959204914823,1,0,0.14037080534179214,0.2094157056162308,0,0,1,0,0,1,1,0,0,0,1,0,Self-employed
0.7031537928740542,0,0,2.102154825849417,0.8900320110956611,1,0,0,1,0,1,0,1,0,1,0,0,Private
-0.40731183715946134,0,0,0.3064020179248667,-0.3170987948489893,0,0,1,0,0,1,1,0,1,0,0,0,Private
-0.6294049631661645,1,0,-0.6259441504655368,-0.09878790441219044,0,1,0,1,0,1,0,1,0,1,0,0,Private
-0.22963733635409886,0,0,2.477443000619972,-0.09878790441219044,0,1,1,0,0,1,1,0,0,0,0,1,Private
0.6143165424713729,0,0,-0.43885423935723905,-0.9848732832439023,0,0,0,1,0,1,1,0,1,0,0,0,Private
-1.3401029663876145,0,0,-0.2586361140834875,-1.1261332711735952,0,0,1,0,1,0,0,1,0,0,1,0,children
-0.9403353395755488,0,0,-0.9591149281856451,1.1982356211240832,0,0,1,0,1,0,0,1,0,0,1,0,Private
-1.1180098403809113,0,0,-0.6818051191850758,-0.7023533073845161,0,0,0,1,1,0,1,0,0,0,1,0,Private
1.4582704212968447,1,0,2.3007716035188897,-0.09878790441219044,0,1,1,0,0,1,0,1,0,0,1,0,Self-employed
0.6587351676727136,0,0,-0.8941654685236413,0.4148847789685119,0,0,1,0,0,1,0,1,0,0,1,0,Private
0.3478047912633292,0,0,-0.9349528425093366,1.7247501215893024,0,0,0,1,0,1,0,1,1,0,0,0,Private
-0.007544210347395762,0,0,2.251782420633897,0.0809975347710552,0,0,0,1,0,1,1,0,0,1,0,0,Private
-1.8997776439245062,0,0,-0.44639103672416075,-1.4728623324555696,0,0,1,0,1,0,1,0,1,0,0,0,children
-1.8287078436023612,0,0,-0.0163502457880262,-1.0876078199200427,0,0,1,0,1,0,0,1,1,0,0,0,children
0.43664204166601045,0,0,0.1762814280900671,0.35067569354592415,0,0,1,0,0,1,0,1,0,0,0,1,Self-employed
-1.7842892184010206,0,0,-0.430209089436358,-0.7794042098916212,0,0,0,1,1,0,1,0,1,0,0,0,children
-1.6954519679983393,0,0,-0.6197373761633658,-1.7040150399768856,0,0,1,0,1,0,1,0,1,0,0,0,children
-1.2512657159849332,0,0,-0.5603296792711573,-0.9463478319903496,0,0,1,0,1,0,0,1,1,0,0,0,children
-0.7626608387701863,0,0,1.382390677308371,-0.7665623928071039,0,0,1,0,1,0,0,1,0,0,1,0,Private
-0.5405677127634833,0,0,0.008698521931449906,-0.24004789234188378,0,0,1,0,0,1,0,1,0,0,0,1,Private
-1.02917258997823,0,0,-0.028985464903159903,-0.9206641978213145,0,0,0,1,1,0,1,0,0,0,1,0,Private
-1.3401029663876145,0,0,-0.9435979924302177,-1.3316023445258762,0,0,1,0,1,0,0,1,0,1,0,0,children
-1.6510333427969988,0,0,-0.3080686379900639,-0.8307714782296917,0,0,0,1,1,0,0,1,1,0,0,0,children
0.17013029045796674,0,0,0.34674605088897853,-0.4583587827786822,0,0,1,0,0,1,1,0,0,0,1,0,Private
-0.3184745867567801,0,0,2.720172209937017,0.7230883889969332,0,0,1,0,1,0,0,1,0,0,1,0,Private
0.03687441485394486,0,0,0.0574660343056505,-0.15015517275026094,0,0,1,0,0,1,1,0,1,0,0,0,Govt_job
-0.9403353395755488,0,0,-0.6826918012282432,-0.12447153858122592,0,0,1,0,1,0,1,0,0,0,0,1,Private
0.8364096684780761,0,0,-0.06179270050034965,0.38920114479947643,0,0,0,1,0,1,1,0,1,0,0,0,Govt_job
-0.40731183715946134,0,0,-0.4273273727960641,-0.09878790441219044,0,1,0,1,0,1,1,0,0,1,0,0,Private
0.3478047912633292,0,0,-0.2355823809611382,1.7761173899273734,0,0,1,0,0,1,0,1,0,1,0,0,Govt_job
0.08129304005528548,0,0,-0.5720782163431238,1.6091737678286446,0,0,1,0,0,1,0,1,0,0,1,0,Govt_job
0.258967540860648,1,0,0.7457529703142581,1.4550719628144344,0,0,0,1,0,1,0,1,0,1,0,0,Govt_job
0.7031537928740542,0,0,2.911917201771943,-0.15015517275026094,0,0,1,0,0,1,1,0,0,0,1,0,Private
1.547107671699526,1,0,1.8962229213238146,-0.5610933194548228,0,0,1,0,0,1,0,1,0,0,1,0,Self-employed
-0.5849863379648238,0,0,-0.0844030926011154,-0.7280369415535511,0,0,1,0,0,1,0,1,1,0,0,0,Private
-1.8287078436023612,0,0,-0.29499007785334636,-1.395811429948464,0,0,1,0,1,0,1,0,1,0,0,0,children
-0.4961490875621426,0,0,1.2159161237037122,-1.0876078199200427,0,0,0,1,0,1,0,1,0,0,0,1,Self-employed
-1.1180098403809113,0,0,0.39617857479555457,-0.8564551123987267,0,0,1,0,1,0,0,1,0,0,1,0,Private
-0.8959167143742082,0,0,-0.5864867995445925,1.6220155849131623,0,0,1,0,1,0,1,0,0,0,1,0,Private
-0.5405677127634833,0,0,-0.1167669871767216,0.13236480310912527,0,0,0,1,0,1,1,0,1,0,0,0,Private
0.43664204166601045,0,0,2.298998239432555,1.6605410361667146,0,0,1,0,0,1,0,1,0,0,1,0,Private
-1.6510333427969988,0,0,2.1161200680293017,-0.09878790441219044,0,1,1,0,1,0,0,1,1,0,0,0,children
1.191758670088801,0,0,2.144937234432239,-0.09878790441219044,0,1,0,1,0,1,0,1,0,1,0,0,Govt_job
0.7475724180753948,0,0,-0.9533514949050579,0.9670829136027665,0,0,1,0,0,1,1,0,1,0,0,0,Private
0.39222341646466985,1,0,1.1099576195452219,-0.21436425817284874,0,0,1,0,0,1,0,1,0,0,0,1,Private
1.547107671699526,0,0,2.287693043382172,0.32499205937688863,0,0,1,0,0,1,1,0,0,1,0,0,Self-employed
-1.6954519679983393,0,0,-0.09925501682416753,-1.1389750882581129,0,0,0,1,1,0,1,0,1,0,0,0,children
-1.6066147175956582,0,0,-0.805053923185329,-1.2802350761878063,0,0,1,0,1,0,1,0,1,0,0,0,children
-0.007544210347395762,0,0,-1.1018707371355787,-0.6381442219619283,0,0,0,1,0,1,1,0,1,0,0,0,Govt_job
-0.9847539647768895,0,0,-0.28634492793246524,1.044133816109872,0,0,0,1,1,0,0,1,0,0,1,0,Self-employed
-1.8482520386909511,0,0,0.16874463072314538,-1.2031841736807007,0,0,1,0,1,0,0,1,1,0,0,0,children
-0.7626608387701863,0,0,1.8815926676115537,-1.113291454089078,0,0,0,1,1,0,0,1,0,0,1,0,Private
0.7031537928740542,0,0,2.6361590863469164,1.801801024096408,0,0,1,0,0,1,1,0,0,0,1,0,Private
1.2805959204914823,0,0,-0.7008687831131726,0.8515065598421088,0,0,1,0,0,1,0,1,0,1,0,0,Self-employed
1.547107671699526,0,0,-0.7143906842714737,-0.175838806919296,0,0,1,0,0,1,0,1,0,1,0,0,Govt_job
-1.8589125087392728,0,0,-0.7851035772140649,-0.09878790441219044,1,1,1,0,1,0,0,1,1,0,0,0,children
0.6143165424713729,0,0,-0.7367794058614479,-1.0105569174129374,0,0,1,0,1,0,1,0,0,0,1,0,Self-employed
1.3250145456928228,1,0,2.0507272673457146,3.2657681717314095,0,0,1,0,1,0,1,0,0,1,0,0,Self-employed
1.5026890464981855,1,0,2.084864526007655,-0.11162972149670818,1,0,1,0,0,1,0,1,0,1,0,0,Self-employed
0.9252469188807573,0,0,-0.5197639757962539,0.38920114479947643,0,0,1,0,0,1,0,1,0,0,1,0,Private
-0.4961490875621426,0,0,-0.8575898342429908,-0.22720607525736602,0,0,1,0,0,1,1,0,1,0,0,0,Private
-1.6954519679983393,0,0,-1.0198526481426045,-1.6654895887233327,0,0,1,0,1,0,1,0,1,0,0,0,children
0.9696655440820979,0,0,-0.19900674668048743,1.5834901336596099,0,0,0,1,0,1,0,1,0,0,0,1,Private
0.6143165424713729,0,0,-0.8839686250272176,-0.08594608732767316,0,0,1,0,0,1,1,0,1,0,0,0,Private
0.43664204166601045,1,0,-0.15910605473795952,1.2752865236311879,0,0,1,0,0,1,1,0,0,0,0,1,Govt_job
-1.4289402167902956,0,0,-0.6438994618396744,-1.2545514420187707,0,0,1,0,1,0,0,1,1,0,0,0,children
-0.007544210347395762,0,0,-0.5532362229258191,2.9061972933649183,0,0,1,0,0,1,1,0,1,0,0,0,Private
1.547107671699526,0,0,0.4566946242417221,-0.9720314661593845,0,0,0,1,0,1,1,0,0,0,0,1,Self-employed
-0.9847539647768895,0,0,-1.0446797453512886,0.31215024229237137,0,0,1,0,1,0,0,1,0,0,1,0,Private
0.5254792920686917,0,0,-0.13627399212640184,-1.1261332711735952,0,0,1,0,0,1,1,0,0,1,0,0,Govt_job
0.5254792920686917,0,0,0.06322946758623799,0.0809975347710552,0,0,0,1,0,1,0,1,0,0,1,0,Private
-1.2068470907835926,0,0,0.6748184068608747,-0.8050878440606561,0,0,1,0,1,0,0,1,1,0,0,0,Private
-1.7842892184010206,0,0,-0.5071287566811202,-1.1518169053426306,0,0,1,0,1,0,0,1,1,0,0,0,children
0.17013029045796674,0,0,-0.7268042328758157,-1.0619241857510073,0,0,1,0,0,1,0,1,0,0,1,0,Self-employed
1.3250145456928228,1,0,-0.3867616693211607,-0.175838806919296,0,0,0,1,0,1,0,1,0,0,1,0,Private
0.7919910432767354,0,0,-0.7959654322428643,-0.22720607525736602,0,0,1,0,0,1,0,1,0,0,1,0,Self-employed
-0.36289321195812074,0,0,-0.07642295421260983,0.6974047548278977,0,0,0,1,0,1,1,0,0,0,1,0,Private
0.8364096684780761,1,0,-0.6651798308756892,-0.09878790441219044,0,1,1,0,0,1,0,1,0,0,0,1,Self-employed
1.4582704212968447,1,0,-0.9422679693654668,-0.08594608732767316,0,0,1,0,0,1,1,0,0,0,1,0,Govt_job
-0.096381460750077,0,0,0.026432162794795606,-0.16299698983477823,0,0,0,1,1,0,0,1,0,0,1,0,Govt_job
1.0585027944847791,0,0,0.1024651479963904,-0.02173700190508536,0,0,1,0,0,1,0,1,0,0,1,0,Self-employed
0.5254792920686917,0,0,-0.08174304647161376,-0.817929661145174,0,0,1,0,0,1,0,1,0,1,0,0,Private
0.7031537928740542,0,1,1.8377019064747733,-0.09878790441219044,0,1,0,1,0,1,0,1,0,1,0,0,Govt_job
-0.007544210347395762,0,0,-0.0274337713276173,-0.6381442219619283,0,0,1,0,0,1,0,1,0,0,0,1,Govt_job
-0.40731183715946134,0,0,0.15367103598930135,-1.2160259907652184,0,0,0,1,0,1,1,0,1,0,0,0,Private
-1.6066147175956582,0,0,1.1312379885812365,-1.485704149540087,0,0,1,0,1,0,0,1,1,0,0,0,children
-0.05196283554873638,0,0,-0.8895103877970132,0.6203538523207931,0,0,1,0,0,1,0,1,0,0,1,0,Govt_job
-0.5405677127634833,1,0,0.9729652438758758,2.0843209999557946,0,0,0,1,0,1,0,1,0,0,1,0,Private
0.3478047912633292,0,0,-0.28457156384613075,-0.6381442219619283,0,0,1,0,0,1,1,0,0,0,1,0,Govt_job
0.7919910432767354,0,0,1.921493359554082,0.18373207144719578,0,0,0,1,0,1,1,0,0,0,1,0,Govt_job
-0.9403353395755488,0,0,0.7672550098610649,-0.7537205757225861,0,0,1,0,1,0,0,1,0,0,0,1,Private
-0.6294049631661645,0,0,-0.8473929907465669,-1.190342356596183,0,0,1,0,1,0,1,0,1,0,0,0,Self-employed
-1.2068470907835926,0,0,-0.9345095014877529,-1.1389750882581129,0,0,1,0,1,0,0,1,0,0,0,1,Private
-0.007544210347395762,0,0,-0.4601346083932538,-0.6381442219619283,0,0,1,0,0,1,0,1,0,1,0,0,Govt_job
-1.6066147175956582,0,0,-0.9688684306604854,-1.6398059545542976,0,0,0,1,1,0,1,0,1,0,0,0,children
0.39222341646466985,0,0,0.1164303901762754,0.145206620193643,0,0,0,1,0,1,1,0,0,0,1,0,Private
0.3033861660619886,0,0,1.2225662390274672,-0.27857334359543656,0,0,0,1,1,0,0,1,0,0,0,1,Private
1.4138517960955042,0,0,-0.4011702525226292,-0.34278242901802436,0,0,0,1,0,1,1,0,0,1,0,0,Private
1.3250145456928228,0,0,-0.7724683580989311,0.7102465719124154,1,0,1,0,0,1,0,1,0,0,1,0,Self-employed
1.0585027944847791,0,0,-0.8802002263437566,0.941399279433732,0,0,1,0,0,1,1,0,0,0,1,0,Private
1.191758670088801,0,0,-0.8145857551493771,0.9028738281801788,0,0,1,0,0,1,1,0,0,1,0,0,Private
-0.4961490875621426,0,0,0.5083438532562166,-0.3299406119335066,0,0,1,0,0,1,1,0,0,0,0,1,Self-employed
-0.451730462360802,0,0,0.006481816823531496,0.466252047306582,0,0,1,0,1,0,1,0,0,1,0,0,Private
-0.7626608387701863,0,0,1.9061980943094463,-0.5354096852857877,0,0,1,0,1,0,1,0,1,0,0,0,Private
0.39222341646466985,0,0,-0.27725643699000063,0.9542410965182488,0,0,0,1,0,1,0,1,0,0,1,0,Govt_job
0.03687441485394486,1,0,-0.49205516194727617,-0.6124605877928928,0,0,0,1,0,1,1,0,0,0,1,0,Self-employed
-1.2068470907835926,0,0,0.13615906563674757,0.42772659605302965,0,0,0,1,1,0,1,0,0,0,1,0,Private
0.48106066686735105,1,0,-0.030315487967910885,1.1211847186169777,0,0,0,1,0,1,1,0,0,0,0,1,Self-employed
-0.36289321195812074,0,0,-0.8105956859551245,1.7889592070118903,0,0,0,1,0,1,1,0,0,0,1,0,Private
-0.2740559615554395,0,0,-0.655647998911641,-1.0876078199200427,0,0,1,0,1,0,1,0,1,0,0,0,Govt_job
-1.3401029663876145,0,0,-1.0732752412434337,-1.4471786982865342,0,0,0,1,1,0,1,0,1,0,0,0,children
1.5026890464981855,0,0,-0.54237436789702,-0.09878790441219044,1,1,1,0,1,0,0,1,1,0,0,0,Private
1.6359449221022073,1,0,2.3313621340081614,0.37635932771495917,0,0,1,0,0,1,0,1,0,0,1,0,Private
0.6143165424713729,1,0,-0.595575290487057,-0.15015517275026094,1,0,0,1,0,1,0,1,0,1,0,0,Govt_job
-0.05196283554873638,0,0,-0.6869035409332879,2.7906209396042603,0,0,1,0,0,1,0,1,1,0,0,0,Private
-1.8287078436023612,0,0,-0.5740732509402504,0.35067569354592415,0,0,1,0,1,0,1,0,1,0,0,0,children
0.3478047912633292,0,0,0.8741001960627229,0.32499205937688863,0,0,1,0,0,1,0,1,1,0,0,0,Private
-1.1180098403809113,0,0,-0.18038642377397432,-0.9463478319903496,0,0,1,0,1,0,0,1,1,0,0,0,Never_worked
-1.517777467192977,0,0,-0.34508761329229826,-1.3059187103568413,0,0,1,0,1,0,1,0,1,0,0,0,children
1.191758670088801,1,0,-0.8824169314516748,0.5304611327291697,0,0,0,1,0,1,0,1,0,1,0,0,Private
-0.5405677127634833,0,0,-0.24001579117697472,3.3171354400694804,0,0,0,1,1,0,1,0,0,0,0,1,Private
0.39222341646466985,0,0,0.3210322716371269,-0.496884234032235,0,0,0,1,0,1,0,1,0,0,1,0,Govt_job
-1.73987059319968,0,0,-0.44129261497594907,-1.4343368812020167,0,0,0,1,1,0,0,1,1,0,0,0,children
0.21454891565930734,1,0,0.2738164528384689,-0.09878790441219044,0,1,1,0,1,0,1,0,0,1,0,0,Private
0.9696655440820979,0,0,-0.003936697183684114,-0.12447153858122592,0,0,0,1,0,1,0,1,1,0,0,0,Self-employed
-1.3401029663876145,0,0,0.2006651842771677,-1.3572859786949114,0,0,0,1,1,0,0,1,1,0,0,0,children
-0.007544210347395762,0,0,-0.12474712556522718,3.9592262942953584,0,0,0,1,0,1,0,1,0,0,1,0,Private
-0.7626608387701863,0,0,2.094618028482495,0.38920114479947643,0,0,0,1,1,0,0,1,0,1,0,0,Self-employed
-1.517777467192977,0,0,-0.6106488852209011,-1.742540491230438,0,0,0,1,1,0,0,1,1,0,0,0,children
-1.2068470907835926,0,0,-0.4740998505731385,-0.3813078802715771,0,0,1,0,1,0,0,1,0,0,1,0,Never_worked
1.0140841692834386,0,0,0.006925157845115052,0.3378338764614064,0,0,0,1,0,1,1,0,0,0,0,1,Self-employed
1.0585027944847791,0,0,-0.8241175871134256,0.38920114479947643,0,0,1,0,0,1,0,1,0,0,1,0,Self-employed
-0.9847539647768895,0,0,0.4558079421985547,-0.2528897094264015,0,0,1,0,0,1,0,1,0,0,1,0,Private
1.2361772952901415,0,1,-0.7775667798471432,0.15804843727816073,0,0,0,1,0,1,0,1,0,0,1,0,Private
0.3478047912633292,0,0,-0.41757387032122395,-0.496884234032235,0,0,0,1,0,1,1,0,0,1,0,0,Private
-1.517777467192977,0,0,-0.6232841043360349,-1.4471786982865342,0,0,1,0,1,0,1,0,1,0,0,0,children
0.7475724180753948,0,0,-0.0068184138239777,-0.06026245315863813,0,0,1,0,1,0,0,1,1,0,0,0,Private
-0.8514980891728676,0,0,0.3837650261912125,1.1597101698705299,0,0,0,1,1,0,0,1,0,0,1,0,Private
1.2361772952901415,0,0,-0.13361394599689988,0.5818284010672398,0,0,0,1,0,1,1,0,0,1,0,0,Govt_job
0.5254792920686917,0,0,-0.7939703976457378,-0.3941496973560944,0,0,0,1,0,1,0,1,0,1,0,0,Self-employed
-0.007544210347395762,0,0,0.22172388280239086,0.37635932771495917,0,0,0,1,0,1,1,0,1,0,0,0,Self-employed
0.03687441485394486,0,0,-0.00659674331318608,0.3378338764614064,0,0,0,1,0,1,1,0,0,0,0,1,Private
-1.1180098403809113,0,0,1.7084679986831415,-1.0105569174129374,0,0,0,1,1,0,1,0,1,0,0,0,Self-employed
1.547107671699526,0,1,3.0577763978729617,-0.09878790441219044,0,1,0,1,0,1,0,1,0,0,0,1,Self-employed
-0.05196283554873638,0,0,-0.9424896398762586,-0.24004789234188378,0,0,1,0,1,0,0,1,0,0,1,0,Private
-1.2512657159849332,0,0,-0.8070489577824554,-0.06026245315863813,0,0,1,0,1,0,1,0,0,0,1,0,Private
1.5026890464981855,0,1,2.7880033862393145,1.0312919990253544,1,0,1,0,0,1,1,0,0,0,1,0,Private
-0.18521871115275826,0,0,-0.6982087369836706,0.055313900602020176,0,0,0,1,0,1,0,1,0,0,0,1,Self-employed
0.6587351676727136,1,0,-1.0256160814231918,0.5561447668982052,0,0,1,0,0,1,1,0,0,0,1,0,Govt_job
0.5698979172700324,0,0,-0.24555755394677026,0.09383935185557295,0,0,1,0,0,1,1,0,0,0,0,1,Self-employed
0.5698979172700324,1,0,2.2050099428568224,1.4679137798989512,0,0,1,0,0,1,1,0,0,0,1,0,Private
1.4582704212968447,0,1,-0.4366375342493206,-0.09878790441219044,0,0,1,0,0,1,1,0,0,0,1,0,Private
1.7247821725048884,0,0,-0.5503545062855255,0.6203538523207931,0,0,1,0,0,1,1,0,0,1,0,0,Private
0.258967540860648,0,0,-0.8538214355595298,-0.09878790441219044,0,1,1,0,0,1,1,0,0,1,0,0,Private
0.5254792920686917,1,1,-0.9059140055956079,0.4148847789685119,0,0,0,1,0,1,1,0,0,0,0,1,Private
-1.2068470907835926,0,0,-0.31494042382461046,-1.6783314058078502,0,0,0,1,1,0,1,0,1,0,0,0,children
0.48106066686735105,0,0,-0.4328691355658596,0.8001392915040387,0,0,0,1,0,1,0,1,0,1,0,0,Private
-0.6738235883675051,0,0,-0.7181590829549347,0.24794115686978355,0,0,1,0,0,1,1,0,1,0,0,0,Private
1.0140841692834386,0,0,-1.07770865145927,-0.4326751486096472,0,0,0,1,0,1,1,0,0,1,0,0,Govt_job
0.8364096684780761,0,0,-0.312723718716692,-0.3042569777644716,0,0,0,1,0,1,0,1,1,0,0,0,Govt_job
-1.2512657159849332,0,0,0.6978721399832247,-1.2288678078497357,0,0,0,1,1,0,0,1,0,0,1,0,Private
0.3033861660619886,0,0,-0.6232841043360349,0.7230883889969332,0,0,1,0,1,0,0,1,1,0,0,0,Self-employed
-0.807079463971527,0,0,-0.8436245920631059,-0.8050878440606561,0,0,1,0,1,0,1,0,0,0,1,0,Private
-0.05196283554873638,0,0,-0.4319824535226925,-1.1261332711735952,0,0,1,0,0,1,0,1,0,0,1,0,Private
0.3033861660619886,0,0,0.3099487460975358,-0.6895114902999984,0,0,0,1,0,1,1,0,1,0,0,0,Private
0.6143165424713729,0,0,-0.5461427665804807,1.4550719628144344,0,0,0,1,0,1,0,1,0,1,0,0,Self-employed
0.43664204166601045,0,0,-0.3858749872779936,-0.4455169656941649,0,0,1,0,0,1,0,1,0,0,1,0,Private
-1.5621960923943174,0,0,-0.9389429117035895,-0.9078223807367968,0,0,0,1,1,0,1,0,1,0,0,0,children
0.21454891565930734,0,1,-0.101250051421294,-0.09878790441219044,0,1,1,0,0,1,0,1,0,1,0,0,Self-employed
-0.22963733635409886,0,0,-0.9203225887970765,-0.201522441088331,0,0,1,0,0,1,1,0,0,0,1,0,Govt_job
0.6143165424713729,1,0,2.310081764972146,-0.09878790441219044,0,1,1,0,0,1,0,1,0,0,1,0,Private
-1.0735912151795706,0,0,-0.3654813002851459,-0.869296929483244,0,0,1,0,1,0,0,1,0,0,1,0,Private
0.8808282936794166,0,0,-0.29964515857997476,0.8129811085885564,0,0,0,1,0,1,0,1,0,1,0,0,Private
-0.9847539647768895,0,0,-1.0256160814231918,0.6203538523207931,0,0,1,0,1,0,1,0,0,0,1,0,Private
0.1257116652566261,0,0,2.5018267568070724,0.0809975347710552,0,0,1,0,0,1,1,0,0,0,1,0,Private
0.3478047912633292,1,0,-0.7352277122859049,0.2094157056162308,0,0,1,0,0,1,0,1,0,0,1,0,Private
-1.7842892184010206,0,0,-1.0810337091211473,-1.6398059545542976,0,0,0,1,1,0,0,1,1,0,0,0,children
-0.3184745867567801,0,0,0.023550446154501706,1.4422301457299167,0,0,0,1,0,1,1,0,0,0,1,0,Private
1.6359449221022073,0,1,-0.591806891803596,-0.7794042098916212,0,0,1,0,0,1,0,1,0,0,1,0,Self-employed
0.7031537928740542,0,0,-0.34907768248655086,-0.02173700190508536,0,0,1,0,0,1,0,1,0,1,0,0,Self-employed
1.7247821725048884,0,0,2.345105705677254,1.0312919990253544,0,0,1,0,0,1,1,0,0,0,1,0,Self-employed
1.0140841692834386,0,0,1.875607563820175,-0.09878790441219044,0,1,0,1,0,1,0,1,0,1,0,0,Private
-1.6510333427969988,0,0,0.31238712171624583,-1.421495064117499,0,0,1,0,1,0,1,0,1,0,0,0,children
1.0140841692834386,0,0,-0.6501062361418455,-0.9848732832439023,1,0,0,1,0,1,1,0,0,1,0,0,Private
0.3478047912633292,0,0,0.3704647955437033,-1.0619241857510073,0,0,0,1,0,1,1,0,1,0,0,0,Private
0.7919910432767354,0,0,0.05303262408981431,-1.2545514420187707,0,0,1,0,0,1,0,1,0,0,1,0,Private
0.03687441485394486,0,0,-0.40072691150104567,0.6588793035743453,0,0,1,0,0,1,1,0,0,1,0,0,Private
0.7475724180753948,0,0,-0.15046090481707847,-0.3556242461025416,0,0,1,0,0,1,1,0,0,0,1,0,Private
1.6359449221022073,1,0,1.6204648058987874,-0.18868062400381372,0,0,0,1,0,1,0,1,1,0,0,0,Self-employed
-0.7182422135688457,0,0,-0.4993702888034062,-0.8564551123987267,0,0,1,0,1,0,1,0,0,0,1,0,Private
-0.05196283554873638,0,0,-0.3721314156089005,0.9542410965182488,0,0,0,1,0,1,0,1,0,1,0,0,Private
0.08129304005528548,0,0,-0.2865665984432572,0.8001392915040387,0,0,1,0,0,1,0,1,0,1,0,0,Private
0.3478047912633292,0,0,-0.3138320712706514,0.8258229256730732,0,0,1,0,0,1,1,0,1,0,0,0,Self-employed
-1.02917258997823,0,0,1.7392801996832044,-0.175838806919296,0,0,0,1,1,0,1,0,0,0,1,0,Private
-0.18521871115275826,0,0,-0.5084587797458712,-0.7665623928071039,0,0,1,0,0,1,0,1,0,0,0,1,Self-employed
-0.9847539647768895,0,0,0.14613423862237931,-0.3941496973560944,0,0,1,0,1,0,1,0,1,0,0,0,Private
-1.2512657159849332,0,0,-0.580723366264005,-0.06026245315863813,0,0,0,1,1,0,1,0,1,0,0,0,Never_worked
-0.40731183715946134,0,0,-0.33777248643616814,0.145206620193643,0,0,1,0,0,1,0,1,0,0,1,0,Govt_job
0.258967540860648,0,0,2.525102160440213,3.2015590863088215,0,0,0,1,0,1,0,1,1,0,0,0,Private
0.5254792920686917,1,0,1.7869393595034462,-0.11162972149670818,0,0,1,0,0,1,0,1,0,0,1,0,Govt_job
0.21454891565930734,0,0,0.2308123737448555,-0.16299698983477823,0,0,1,0,0,1,0,1,0,1,0,0,Private
1.5915262969008666,0,0,3.03317097117507,-0.4326751486096472,0,0,0,1,0,1,0,1,0,0,1,0,Self-employed
0.9252469188807573,1,0,-1.1007623845816195,1.3266537919692587,0,0,1,0,0,1,1,0,1,0,0,0,Private
0.8364096684780761,0,0,-0.380333224508198,-0.5610933194548228,0,0,1,0,0,1,0,1,0,0,1,0,Govt_job
-0.7182422135688457,0,0,-0.9014805953797714,1.5706483165750922,0,0,0,1,1,0,1,0,0,0,0,1,Govt_job
-0.18521871115275826,0,0,-0.7252525393002731,-0.2657315265109188,0,0,0,1,0,1,1,0,0,0,0,1,Govt_job
-1.384521591588955,0,0,0.06300779707544606,-0.7023533073845161,0,0,1,0,1,0,1,0,0,0,1,0,children
1.5026890464981855,0,0,-0.012581847104565187,0.2736247910388186,1,0,1,0,0,1,0,1,0,0,1,0,Private
1.6359449221022073,0,1,-0.22826725410500812,0.35067569354592415,0,0,0,1,0,1,1,0,1,0,0,0,Self-employed
-0.8514980891728676,0,0,-0.18260312888189273,-0.34278242901802436,0,0,1,0,1,0,0,1,0,0,1,0,Private
0.7475724180753948,1,0,2.103041507892584,0.9542410965182488,0,0,1,0,0,1,1,0,0,0,0,1,Private
1.6803635473035479,1,0,1.672335705424074,1.0056083648563199,0,0,1,0,0,1,0,1,0,0,1,0,Self-employed
1.5026890464981855,0,0,1.0073241730486078,-0.5097260511167527,0,0,1,0,0,1,0,1,0,0,1,0,Self-employed
-1.6066147175956582,0,0,-0.36370793619881137,-1.2673932591032886,0,0,1,0,1,0,1,0,1,0,0,0,children
-0.8959167143742082,0,0,-0.6769283679476558,1.3908628773918466,0,0,1,0,1,0,1,0,0,1,0,0,Private
1.2361772952901415,1,0,1.9831177615542086,0.5689865839827221,0,0,1,0,0,1,1,0,0,0,1,0,Private
0.08129304005528548,0,0,-0.2253855374647142,0.0809975347710552,0,0,0,1,0,1,1,0,0,0,0,1,Private
0.48106066686735105,0,0,0.01645698980916355,0.19657388853171304,0,0,0,1,0,1,1,0,0,1,0,0,Private
1.5915262969008666,1,1,2.094618028482495,0.145206620193643,0,0,1,0,0,1,0,1,0,1,0,0,Self-employed
-0.8514980891728676,0,0,1.822184970719346,-0.5097260511167527,0,0,1,0,1,0,1,0,0,0,0,1,Private
-1.4733588419916364,0,0,-0.4969319131846962,-1.421495064117499,0,0,1,0,1,0,1,0,0,1,0,0,children
-1.8926706638922917,0,0,-1.0810337091211473,-1.04908236866649,0,0,0,1,1,0,1,0,1,0,0,0,children
0.6587351676727136,0,0,-0.08484643362269928,0.7230883889969332,0,0,0,1,0,1,0,1,0,0,1,0,Govt_job
-0.8959167143742082,0,0,-0.21075528375245403,0.28646660812333635,0,0,1,0,1,0,1,0,0,0,1,0,Private
-1.7842892184010206,0,0,-0.3847666347240342,-1.4343368812020167,0,0,0,1,1,0,0,1,1,0,0,0,children
-0.7626608387701863,0,0,1.0705002686242775,-1.113291454089078,0,0,1,0,1,0,1,0,0,1,0,0,Private
-0.3184745867567801,0,0,-0.6177423415662393,-0.5097260511167527,0,0,1,0,0,1,0,1,1,0,0,0,Self-employed
0.9696655440820979,0,0,3.157749798240074,-0.24004789234188378,0,0,1,0,0,1,0,1,0,0,0,1,Self-employed
0.5254792920686917,1,0,1.3803956427112445,-0.6895114902999984,0,0,0,1,0,1,0,1,0,0,0,1,Private
-0.40731183715946134,0,0,-0.37922487195423865,-0.6381442219619283,0,0,1,0,0,1,1,0,0,0,1,0,Self-employed
0.9696655440820979,0,0,-0.7044155112858416,-0.02173700190508536,0,0,1,0,0,1,0,1,0,0,0,1,Private
1.2361772952901415,0,0,2.7070936498002993,0.35067569354592415,0,0,0,1,0,1,1,0,0,1,0,0,Private
1.6803635473035479,0,0,-0.37168807458731695,-0.2528897094264015,0,0,0,1,0,1,1,0,0,0,1,0,Govt_job
1.5915262969008666,0,0,-0.6363626644727524,0.7872974744195209,0,0,1,0,0,1,0,1,1,0,0,0,Govt_job
1.3694331708941636,0,0,-0.16043607780271052,-0.4198333315251294,1,0,0,1,0,1,0,1,1,0,0,0,Private
-1.4289402167902956,0,0,-0.8003988424587005,-1.858116844991096,0,0,1,0,1,0,0,1,1,0,0,0,children
-0.8514980891728676,0,0,-0.4486077418320792,4.42153170933799,0,0,1,0,0,1,0,1,0,0,1,0,Private
0.9696655440820979,0,0,-0.5851567764798414,0.3378338764614064,0,0,1,0,0,1,0,1,0,1,0,0,Govt_job
-1.8482520386909511,0,0,-0.26705959349357694,-1.1261332711735952,0,0,0,1,1,0,1,0,1,0,0,0,children
0.8808282936794166,0,0,-0.8790918737897976,2.225580987885488,0,0,0,1,0,1,0,1,0,0,1,0,Govt_job
0.7031537928740542,0,0,0.21928550718368084,-0.22720607525736602,0,0,1,0,0,1,1,0,1,0,0,0,Self-employed
0.21454891565930734,1,0,0.10512519412589236,0.6845629377433808,0,0,0,1,1,0,0,1,0,0,1,0,Private
-1.73987059319968,0,0,-0.1240821140328517,-1.3059187103568413,0,0,0,1,1,0,1,0,1,0,0,0,children
1.191758670088801,0,0,-0.8301026909048047,-0.7794042098916212,0,0,1,0,0,1,1,0,0,1,0,0,Private
0.6143165424713729,0,0,-0.5135572014940829,-0.06026245315863813,0,0,1,0,0,1,0,1,0,0,1,0,Private
0.48106066686735105,0,0,-0.16287445342142054,-0.3941496973560944,0,0,1,0,0,1,0,1,0,1,0,0,Govt_job
0.1257116652566261,0,0,-0.44284430855149165,-1.113291454089078,0,0,1,0,0,1,1,0,0,1,0,0,Private
0.7919910432767354,0,0,1.0430131252860915,-0.03457881898960265,0,0,0,1,0,1,1,0,1,0,0,0,Self-employed
0.5254792920686917,0,0,-1.0943339397686567,0.37635932771495917,0,0,0,1,0,1,1,0,0,0,1,0,Private
0.8808282936794166,0,0,-0.8052755936961209,-0.2914151606799538,0,0,1,0,0,1,0,1,0,0,1,0,Self-employed
1.7247821725048884,0,0,-0.45437117511266634,-0.24004789234188378,0,0,0,1,0,1,1,0,0,0,1,0,Self-employed
-0.3184745867567801,1,0,0.16098616284543144,0.2736247910388186,0,0,0,1,1,0,0,1,0,0,0,1,Govt_job
1.547107671699526,0,0,-0.853378094537946,-0.548251502370305,1,0,1,0,0,1,0,1,0,0,1,0,Private
1.5915262969008666,0,0,-0.3464176363570492,0.7102465719124154,0,0,1,0,0,1,1,0,0,0,1,0,Govt_job
-1.4733588419916364,0,0,-1.0262810929555672,-1.3572859786949114,0,0,0,1,1,0,1,0,1,0,0,0,children
1.2805959204914823,1,0,0.1822665318814465,0.37635932771495917,0,0,0,1,0,1,0,1,0,1,0,0,Self-employed
-1.8287078436023612,0,0,-0.48030662487530956,-1.742540491230438,0,0,1,0,1,0,0,1,1,0,0,0,children
1.2361772952901415,0,0,3.492028928514141,1.262444706546671,1,0,1,0,0,1,0,1,0,0,1,0,Govt_job
0.5698979172700324,0,0,2.589386608569842,1.4422301457299167,0,0,1,0,0,1,1,0,0,0,0,1,Private
1.5915262969008666,0,0,-0.6997604305592134,0.10668116894009023,0,0,1,0,0,1,0,1,1,0,0,0,Govt_job
-0.8514980891728676,0,0,-0.5029170169760756,1.7504337557583378,0,0,1,0,0,1,0,1,0,0,0,1,Govt_job
-0.807079463971527,0,0,0.44760613329925747,-1.0105569174129374,0,0,1,0,1,0,0,1,0,0,0,1,Private
-0.6294049631661645,0,0,-0.7820001900629793,-0.5610933194548228,0,0,0,1,0,1,0,1,1,0,0,0,Private
-0.36289321195812074,0,0,-0.6274958440410794,-0.09878790441219044,0,1,0,1,0,1,1,0,0,1,0,0,Private
1.4582704212968447,1,0,1.9636107566045284,-0.24004789234188378,1,0,0,1,0,1,1,0,0,1,0,0,Self-employed
-1.2956843411862737,0,0,-0.30075351113393384,-0.7794042098916212,0,0,1,0,1,0,1,0,1,0,0,0,children
0.03687441485394486,0,0,-1.0848021078046084,-0.5739351365393405,0,0,1,0,0,1,1,0,0,0,1,0,Private
0.258967540860648,1,0,-0.9449280154949687,-0.7151951244690333,0,0,1,0,0,1,1,0,0,1,0,0,Govt_job
-1.2068470907835926,0,0,-0.6829134717390349,-0.9591896490748673,0,0,1,0,1,0,1,0,0,0,1,0,Private
-0.007544210347395762,0,0,-0.8770968391926711,0.7102465719124154,0,0,0,1,0,1,1,0,1,0,0,0,Private
-0.8514980891728676,0,0,-0.17373630845021973,0.7487720231659686,0,0,1,0,1,0,1,0,1,0,0,0,Private
0.5698979172700324,0,0,-0.2570844205079449,-0.40699151444061216,0,0,1,0,0,1,0,1,0,0,1,0,Private
-0.5849863379648238,0,0,-0.433977488119819,-0.00889518482056762,0,0,0,1,1,0,0,1,0,0,0,1,Private
-1.1624284655822519,0,0,-0.20654354404740946,-0.4198333315251294,0,0,1,0,1,0,0,1,1,0,0,0,Private
0.17013029045796674,0,0,-0.05602926721976217,-0.4455169656941649,0,0,1,0,0,1,0,1,1,0,0,0,Private
1.547107671699526,1,0,-0.6782583910124068,-0.16299698983477823,0,0,0,1,0,1,1,0,0,0,1,0,Self-employed
-0.18521871115275826,1,0,2.029890239331283,-0.18868062400381372,0,0,0,1,0,1,1,0,1,0,0,0,Private
0.48106066686735105,0,0,-0.65919472708431,1.68622467033575,0,0,1,0,0,1,0,1,1,0,0,0,Private
1.3694331708941636,0,0,3.2408762397870072,-0.4326751486096472,0,0,1,0,0,1,0,1,0,0,1,0,Govt_job
-0.096381460750077,0,0,-0.06423107611905968,1.0698174502789075,0,0,1,0,0,1,1,0,0,1,0,0,Self-employed
0.7031537928740542,0,0,-0.5898118572064696,0.145206620193643,0,0,1,0,0,1,1,0,1,0,0,0,Private
0.7475724180753948,0,0,-0.2165187170330415,-0.02173700190508536,0,0,0,1,0,1,0,1,1,0,0,0,Private
1.1473400448874604,0,0,2.1440505523890714,0.24794115686978355,0,0,0,1,0,1,0,1,0,1,0,0,Self-employed
-1.5621960923943174,0,0,-0.29122167916988534,-1.460020515371052,0,0,1,0,1,0,1,0,1,0,0,0,children
0.258967540860648,0,0,-0.6175206710554474,1.313811974884741,0,0,1,0,0,1,0,1,0,0,0,1,Private
-0.3184745867567801,0,0,-0.34508761329229826,-0.02173700190508536,0,0,1,0,0,1,1,0,0,1,0,0,Private
0.08129304005528548,0,0,-0.798625478372366,-0.4583587827786822,0,0,1,0,0,1,1,0,0,0,0,1,Self-employed
1.547107671699526,0,0,-0.3457526248246737,-0.2528897094264015,1,0,0,1,1,0,0,1,0,0,1,0,Self-employed
1.191758670088801,1,0,-0.36924969896860693,0.6845629377433808,1,0,1,0,0,1,0,1,0,1,0,0,Self-employed
-1.3401029663876145,0,0,-0.9580065756316861,-1.023398734497455,0,0,1,0,1,0,0,1,1,0,0,0,Private
-1.73987059319968,0,0,-0.5902551982280535,-1.113291454089078,0,0,0,1,1,0,0,1,1,0,0,0,children
-1.5621960923943174,0,0,0.3245789998097963,-0.6895114902999984,0,0,1,0,1,0,1,0,1,0,0,0,children
-0.05196283554873638,0,0,-0.590698539249637,-0.496884234032235,0,0,1,0,0,1,1,0,0,1,0,0,Self-employed
-0.2740559615554395,0,0,-0.7766800978039757,0.8900320110956611,0,0,1,0,0,1,0,1,1,0,0,0,Private
-0.5405677127634833,0,0,-0.8886237057538457,0.19657388853171304,0,0,0,1,0,1,0,1,0,1,0,0,Govt_job
0.48106066686735105,0,0,-0.07043785042123073,0.4534102302220642,0,0,1,0,0,1,1,0,1,0,0,0,Govt_job
0.08129304005528548,0,0,-0.7345627007535294,-0.4198333315251294,0,0,1,0,0,1,0,1,1,0,0,0,Private
1.547107671699526,0,0,-0.5343942295085141,-0.7537205757225861,0,0,1,0,0,1,1,0,1,0,0,0,Self-employed
0.43664204166601045,0,0,-0.40272194609817186,0.6203538523207931,0,0,1,0,0,1,1,0,0,0,0,1,Govt_job
0.43664204166601045,0,0,-0.24400586037122735,0.15804843727816073,0,0,1,0,0,1,0,1,1,0,0,0,Private
0.48106066686735105,0,1,2.5862832214187566,0.8771901940111442,0,0,0,1,0,1,0,1,0,0,1,0,Govt_job
-0.6738235883675051,0,0,-1.0932255872146976,-0.7922460269761389,0,0,1,0,0,1,1,0,0,0,1,0,Private
0.7475724180753948,0,0,0.1895816587375766,0.18373207144719578,0,0,1,0,0,1,0,1,0,0,0,1,Private
0.5698979172700324,0,0,0.14724259117633867,3.3042936229849627,0,0,1,0,0,1,1,0,0,0,1,0,Private
-0.3184745867567801,1,0,-0.315383764846194,1.7119083045047856,0,0,1,0,0,1,0,1,0,0,1,0,Private
1.2805959204914823,1,0,-0.33067903009082966,-0.869296929483244,0,0,1,0,0,1,1,0,0,0,1,0,Private
-1.1180098403809113,0,0,-0.603333758364771,0.7102465719124154,0,0,1,0,1,0,1,0,1,0,0,0,Private
-1.0735912151795706,0,0,-0.43442082914140256,-0.34278242901802436,0,0,0,1,1,0,1,0,0,0,1,0,Private
1.6359449221022073,1,0,0.445611098702131,0.003946632263949666,0,0,1,0,0,1,0,1,0,0,0,1,Private
1.2361772952901415,1,0,1.7991312375969961,0.5689865839827221,0,0,0,1,0,1,1,0,0,0,1,0,Private
0.3033861660619886,0,0,-0.9566765525669352,-0.7023533073845161,0,0,1,0,0,1,0,1,0,0,1,0,Self-employed
1.4582704212968447,1,0,2.0347669905687034,0.7616138402504855,0,0,0,1,0,1,1,0,0,1,0,0,Self-employed
0.5254792920686917,0,0,-1.0748269348189765,1.6220155849131623,0,0,1,0,0,1,0,1,0,0,1,0,Private
-1.7842892184010206,0,0,-0.8301026909048047,-1.395811429948464,0,0,1,0,1,0,1,0,1,0,0,0,children
0.48106066686735105,1,0,-0.1934649839106919,-0.047420636074120386,0,0,1,0,1,0,0,1,0,1,0,0,Private
-0.05196283554873638,0,0,0.10845025178776982,0.4534102302220642,0,0,0,1,0,1,1,0,0,1,0,0,Private
1.0140841692834386,0,0,0.785875332767578,-0.047420636074120386,0,0,1,0,0,1,1,0,0,0,1,0,Private
1.5915262969008666,0,0,3.2823286253050776,-0.00889518482056762,0,0,1,0,1,0,0,1,0,1,0,0,Private
0.258967540860648,0,0,-0.7445378737391615,0.18373207144719578,0,0,0,1,0,1,0,1,0,1,0,0,Govt_job
-1.8855636838600773,0,0,1.1970741302864074,-1.1518169053426306,0,0,0,1,1,0,1,0,1,0,0,0,children
-0.05196283554873638,0,0,-0.4960452311415291,-0.4455169656941649,1,0,0,1,0,1,1,0,1,0,0,0,Private
0.8808282936794166,0,0,0.0175653423631226,-0.6381442219619283,1,0,1,0,0,1,1,0,1,0,0,0,Govt_job
1.3250145456928228,0,1,-0.7882069643651504,-0.09878790441219044,0,0,0,1,0,1,1,0,0,0,1,0,Govt_job
-0.4961490875621426,0,0,-0.8159157782141281,-0.7023533073845161,0,0,1,0,1,0,0,1,0,1,0,0,Govt_job
-1.4289402167902956,0,0,-0.9025889479337308,-0.9463478319903496,0,0,0,1,1,0,1,0,0,0,1,0,children
1.547107671699526,1,0,0.548687886220328,-1.1261332711735952,1,0,1,0,1,0,0,1,0,0,1,0,Private
-1.384521591588955,0,0,-1.0562066119124633,-0.9720314661593845,0,0,1,0,1,0,0,1,0,0,1,0,children
-0.7626608387701863,0,0,-0.5137788720048748,-0.047420636074120386,0,0,1,0,1,0,0,1,0,0,0,1,Private
-0.5849863379648238,0,0,-0.5674231356164957,-1.0876078199200427,0,0,1,0,0,1,0,1,0,0,1,0,Private
-0.05196283554873638,0,0,0.045274156212100354,0.8258229256730732,0,0,0,1,0,1,1,0,0,0,0,1,Private
0.48106066686735105,0,0,1.0095408781565265,0.26078297395430083,0,0,1,0,0,1,1,0,0,1,0,0,Private
-0.451730462360802,0,0,1.0540966508256826,0.3378338764614064,0,0,0,1,0,1,1,0,0,0,1,0,Private
-0.8514980891728676,0,0,-0.011695165061397759,-0.3556242461025416,0,0,1,0,0,1,0,1,0,0,1,0,Private
1.7247821725048884,0,0,3.26681168954965,2.392524609984216,0,0,1,0,0,1,0,1,1,0,0,0,Private
-0.807079463971527,0,0,-0.9342878309769611,0.31215024229237137,0,0,1,0,0,1,1,0,0,1,0,0,Private
-1.873126468803702,0,0,2.0846428554968632,-0.5610933194548228,0,0,1,0,1,0,0,1,1,0,0,0,children
0.258967540860648,0,0,-1.0550982593585043,0.09383935185557295,0,0,0,1,0,1,0,1,0,0,0,1,Private
-0.05196283554873638,0,0,-0.2528726808029003,0.6588793035743453,0,0,1,0,0,1,1,0,0,0,1,0,Private
1.4138517960955042,1,0,-1.1045307832650806,0.7616138402504855,0,0,1,0,0,1,0,1,0,0,1,0,Self-employed
-0.451730462360802,1,0,-0.17550967253655425,-0.09878790441219044,0,1,1,0,1,0,1,0,0,0,0,1,Private
-0.9403353395755488,0,0,-0.7179374124441428,-0.9335060149058317,0,0,1,0,1,0,0,1,0,0,1,0,Private
-0.40731183715946134,0,0,-0.750301307019749,0.32499205937688863,0,0,0,1,0,1,1,0,0,0,0,1,Private
-1.2068470907835926,0,0,-0.43153911250110893,-1.3572859786949114,0,0,1,0,1,0,1,0,1,0,0,0,Private
-0.18521871115275826,0,0,0.37955328648616793,0.8771901940111442,0,0,1,0,0,1,0,1,0,0,1,0,Private
-0.14080008595141763,0,0,-0.4984836067602391,0.4020429618839942,0,0,1,0,0,1,1,0,0,0,0,1,Private
-0.2740559615554395,0,0,-1.0014539957468833,0.8771901940111442,0,0,1,0,0,1,0,1,0,1,0,0,Private
0.17013029045796674,0,0,1.9784626808275803,2.1356882682938645,0,0,1,0,0,1,1,0,0,0,1,0,Private
-0.6738235883675051,0,0,3.3461697324131223,-0.7023533073845161,0,0,0,1,1,0,0,1,0,1,0,0,Private
-1.3401029663876145,0,0,-0.9427113103870505,-1.2031841736807007,0,0,1,0,1,0,1,0,1,0,0,0,children
1.547107671699526,0,1,-0.09437826558674746,-0.6124605877928928,0,0,0,1,0,1,0,1,0,1,0,0,Self-employed
-0.2740559615554395,0,0,-0.28833996252959176,3.2529263546468927,0,0,1,0,1,0,1,0,0,0,1,0,Private
0.03687441485394486,0,0,-0.19124827880277379,0.5433029498136875,0,0,1,0,0,1,0,1,1,0,0,0,Govt_job
1.5915262969008666,0,0,-1.0644084208117606,-0.6124605877928928,0,0,1,0,0,1,0,1,0,1,0,0,Self-employed
-1.4733588419916364,0,0,-0.4144704831701384,-1.8709586620756136,0,0,0,1,1,0,0,1,1,0,0,0,children
-1.8891171738761845,0,0,-1.0061090764735114,-1.485704149540087,0,0,0,1,1,0,0,1,1,0,0,0,children
-0.4961490875621426,0,0,-0.06467441714064323,-0.2914151606799538,0,0,1,0,0,1,1,0,0,0,0,1,Private
0.258967540860648,0,0,2.5421707897711836,0.9670829136027665,0,0,0,1,0,1,1,0,0,0,0,1,Self-employed
0.43664204166601045,0,0,2.259319218000819,0.4534102302220642,0,0,1,0,0,1,0,1,1,0,0,0,Private
-0.9847539647768895,0,0,-0.6088755211345666,-0.24004789234188378,0,0,1,0,1,0,1,0,1,0,0,0,Private
-0.8514980891728676,0,0,-0.3858749872779936,-1.1261332711735952,0,0,0,1,1,0,0,1,0,0,0,1,Private
-1.02917258997823,0,0,-0.0473841172988811,-1.5242296007936396,0,0,1,0,1,0,1,0,0,1,0,0,Private
0.1257116652566261,0,0,-0.3892000449398707,-0.3941496973560944,0,0,0,1,0,1,0,1,1,0,0,0,Private
0.1257116652566261,0,0,-0.12496879607601881,2.752095488350707,0,0,1,0,0,1,1,0,0,0,0,1,Private
0.39222341646466985,0,0,-0.6654015013864811,0.145206620193643,0,0,0,1,0,1,1,0,0,1,0,0,Private
-0.7626608387701863,0,0,-0.46390300707671484,1.1211847186169777,0,0,1,0,1,0,0,1,0,0,1,0,Private
0.7919910432767354,1,0,-0.07198954399677333,1.4935974140679866,0,0,0,1,0,1,1,0,0,0,1,0,Self-employed
-1.2512657159849332,0,0,2.210330035115826,-0.5996187707083755,0,0,0,1,1,0,1,0,0,0,1,0,children
-1.02917258997823,0,0,-1.1202693895312998,-1.0876078199200427,0,0,0,1,1,0,0,1,0,0,1,0,Private
-1.5621960923943174,0,0,0.050372577960312345,-1.8324332108220611,0,0,0,1,1,0,1,0,1,0,0,0,children
1.6803635473035479,1,0,2.779801577340017,0.35067569354592415,0,0,0,1,0,1,0,1,0,1,0,0,Self-employed
-1.1624284655822519,0,0,-0.8230092345594666,0.8001392915040387,0,0,1,0,1,0,1,0,0,0,1,0,Private
-0.6294049631661645,0,0,-0.47875493129976693,-0.9848732832439023,0,0,1,0,1,0,0,1,0,0,1,0,Private
0.39222341646466985,0,1,-0.4461693662133691,1.3523374261382934,0,0,1,0,0,1,0,1,0,0,1,0,Private
0.6143165424713729,0,0,0.11731707221944251,-0.12447153858122592,0,0,0,1,0,1,0,1,0,0,1,0,Private
-0.6738235883675051,0,0,0.2853433193996436,0.44056841313754647,0,0,0,1,1,0,0,1,0,0,1,0,Govt_job
0.8364096684780761,1,0,-0.6372493465159195,0.7487720231659686,0,0,1,0,0,1,1,0,0,0,1,0,Govt_job
0.3478047912633292,0,0,2.5299789116776332,0.5946702181517576,0,0,1,0,0,1,0,1,0,1,0,0,Self-employed
1.5915262969008666,0,1,0.019782047471041005,0.24794115686978355,0,0,0,1,0,1,0,1,0,0,1,0,Self-employed
0.6143165424713729,0,0,-0.4909468093933171,0.06815571768653746,0,0,0,1,0,1,0,1,0,0,0,1,Self-employed
-0.8514980891728676,0,0,-0.23225732329926074,-0.7794042098916212,0,0,1,0,1,0,0,1,0,0,1,0,Private
-1.4289402167902956,0,0,-0.5698615112352058,-0.9078223807367968,0,0,0,1,1,0,1,0,0,0,1,0,children
-1.3401029663876145,0,0,-0.14070740234223836,-1.0105569174129374,0,0,0,1,1,0,1,0,0,0,1,0,Private
1.0585027944847791,1,0,-0.45015943540762177,-0.09878790441219044,0,1,1,0,0,1,1,0,0,0,0,1,Private
-0.36289321195812074,0,0,-0.055364255687386676,-1.0619241857510073,0,0,1,0,0,1,0,1,0,0,1,0,Self-employed
-1.1624284655822519,0,0,-0.2841282228245472,-0.09878790441219044,0,1,1,0,1,0,0,1,0,1,0,0,Private
-1.02917258997823,0,0,-0.7084055804800946,-1.5755968691317097,0,0,1,0,1,0,0,1,1,0,0,0,Private
-0.9847539647768895,0,0,-0.4417359559975326,0.838664742757591,0,0,1,0,1,0,1,0,1,0,0,0,Private
1.4138517960955042,0,0,2.2287286875115475,-0.2657315265109188,0,0,0,1,0,1,1,0,0,0,1,0,Govt_job
0.17013029045796674,0,0,-0.9039189709984814,-0.9206641978213145,0,0,1,0,0,1,1,0,0,1,0,0,Private
-0.7182422135688457,0,0,2.681379870548448,0.003946632263949666,0,0,1,0,1,0,1,0,1,0,0,0,Private
-0.14080008595141763,0,0,2.375917906677317,2.687886402928119,0,0,1,0,0,1,1,0,0,1,0,0,Self-employed
0.03687441485394486,0,1,-0.24755258854389642,0.7102465719124154,0,0,0,1,1,0,0,1,1,0,0,0,Govt_job
-1.1624284655822519,0,0,-0.4592479263500867,-0.9977151003284196,0,0,0,1,1,0,0,1,0,0,1,0,Private
0.8808282936794166,0,0,-0.29011332661592626,0.0809975347710552,0,0,1,0,0,1,1,0,0,0,1,0,Private
0.7919910432767354,0,0,0.44228604104025354,0.4790938643910997,0,0,1,0,0,1,0,1,1,0,0,0,Private
-0.4961490875621426,0,0,-0.9573415640993106,-0.4840424169477172,0,0,1,0,0,1,1,0,0,1,0,0,Private
0.5254792920686917,1,0,2.1475972805617403,1.480755596983469,0,0,1,0,0,1,0,1,0,1,0,0,Private
-0.5405677127634833,0,0,0.016013648787579996,1.4550719628144344,0,0,1,0,0,1,0,1,0,0,1,0,Private
0.39222341646466985,0,1,-0.7314593136024439,3.3171354400694804,0,0,1,0,0,1,0,1,0,0,1,0,Private
1.2361772952901415,1,0,-0.24688757701152092,-0.4583587827786822,0,0,0,1,0,1,0,1,0,1,0,0,Private
1.3250145456928228,0,0,-0.807713969314831,-0.09878790441219044,0,1,1,0,1,0,1,0,0,0,1,0,Self-employed
-0.9847539647768895,0,0,0.13926245278783278,-0.08594608732767316,0,0,1,0,1,0,0,1,0,0,1,0,Private
0.08129304005528548,0,0,-0.48496170560193796,1.4550719628144344,0,0,0,1,0,1,1,0,1,0,0,0,Private
-0.3184745867567801,0,0,-0.32026051608361406,0.13236480310912527,0,0,1,0,0,1,0,1,0,0,1,0,Private
0.8364096684780761,0,0,-0.07930467085290373,0.9542410965182488,0,0,1,0,0,1,1,0,0,0,1,0,Self-employed
0.7919910432767354,0,0,-0.7622715146025072,0.04247208351750244,0,0,1,0,0,1,1,0,0,1,0,0,Private
-1.2956843411862737,0,0,-0.8950521505668088,-1.2031841736807007,0,0,1,0,1,0,1,0,1,0,0,0,children
-1.5621960923943174,0,0,-0.07287622603994075,-1.6141223203852626,0,0,1,0,1,0,1,0,1,0,0,0,children
-1.73987059319968,0,0,-0.18348981092505984,-0.8821387465677617,0,0,0,1,1,0,0,1,1,0,0,0,children
0.6143165424713729,0,0,0.1297306208237846,0.3378338764614064,0,0,0,1,0,1,1,0,0,0,1,0,Private
1.2361772952901415,0,0,2.99304860872175,-0.18868062400381372,0,0,1,0,0,1,0,1,0,0,1,0,Private
1.7247821725048884,0,0,2.4100551653392577,-0.6253024048774105,0,0,0,1,0,1,0,1,0,1,0,0,Self-employed
0.6143165424713729,0,0,-0.2473309180331048,0.5304611327291697,0,0,1,0,0,1,0,1,0,0,1,0,Private
-0.22963733635409886,1,0,-1.0120941802648906,1.3780210603073288,0,0,1,0,0,1,1,0,0,0,1,0,Private
-0.096381460750077,0,0,-0.18570651603297825,-0.4326751486096472,0,0,1,0,0,1,1,0,0,0,1,0,Private
-0.14080008595141763,0,0,-0.6631847962785627,0.18373207144719578,0,0,1,0,0,1,0,1,0,0,1,0,Private
-1.8855636838600773,0,0,-0.9677600781065262,-1.5499132349626747,0,0,1,0,1,0,1,0,1,0,0,0,children
1.191758670088801,0,0,-0.07287622603994075,1.1468683527860122,0,0,0,1,0,1,0,1,1,0,0,0,Private
-1.73987059319968,0,0,-0.7655965722643846,-1.2930768932723236,0,0,1,0,1,0,0,1,1,0,0,0,children
-0.4961490875621426,0,0,-0.2537593628460675,0.17089025436267802,0,0,0,1,1,0,0,1,0,1,0,0,Private
0.258967540860648,0,0,-0.33710747490379267,-0.7280369415535511,0,0,1,0,0,1,0,1,1,0,0,0,Govt_job
-1.6954519679983393,0,0,-0.09260490150041292,0.5433029498136875,0,0,0,1,1,0,0,1,1,0,0,0,children
-0.05196283554873638,0,0,-0.7489712839549979,0.7102465719124154,0,0,1,0,1,0,0,1,0,0,1,0,Self-employed
0.43664204166601045,0,0,2.874233214937333,-0.09878790441219044,0,1,1,0,1,0,1,0,0,1,0,0,Private
0.1257116652566261,0,0,-0.40183526405500475,3.651022684266936,0,0,0,1,0,1,0,1,0,0,1,0,Private
-1.1624284655822519,0,0,0.3363275368817626,-0.8564551123987267,0,0,1,0,1,0,1,0,0,1,0,0,Private
1.3250145456928228,0,0,-0.532177524400596,-0.00889518482056762,0,0,1,0,0,1,1,0,0,0,1,0,Private
-0.2740559615554395,0,0,-0.33267406468795613,0.9028738281801788,0,0,0,1,0,1,0,1,1,0,0,0,Private
0.39222341646466985,1,0,2.388553125792451,0.4020429618839942,0,0,1,0,0,1,1,0,0,0,1,0,Private
1.5915262969008666,0,0,-0.8294376793724293,-0.5996187707083755,0,0,1,0,0,1,0,1,0,0,0,1,Private
1.3250145456928228,0,0,-0.1174319987090971,-0.6638278561309633,0,0,1,0,0,1,0,1,0,0,0,1,Self-employed
0.9696655440820979,0,0,-0.011030153529022268,-0.4840424169477172,0,0,1,0,0,1,1,0,0,1,0,0,Self-employed
0.43664204166601045,0,0,-0.642791109285715,0.6460374864898276,0,0,0,1,0,1,1,0,1,0,0,0,Self-employed
0.48106066686735105,0,0,-0.32957067753687064,0.02963026643298515,0,0,1,0,0,1,1,0,0,0,1,0,Private
1.6359449221022073,0,0,-0.7516313300844999,-0.27857334359543656,0,0,1,0,0,1,1,0,0,0,1,0,Private
0.39222341646466985,1,0,1.919276654446164,2.6108355004210146,0,0,0,1,0,1,1,0,0,0,1,0,Self-employed
0.48106066686735105,0,0,0.7244726012782431,0.3378338764614064,0,0,0,1,0,1,1,0,0,0,1,0,Self-employed
0.8364096684780761,0,0,0.5059054776375069,-0.52256786820127,0,0,1,0,0,1,1,0,0,0,1,0,Self-employed
-0.007544210347395762,0,0,-0.6654015013864811,-1.0876078199200427,0,0,1,0,0,1,0,1,0,1,0,0,Self-employed
-0.3184745867567801,0,0,-0.4876217517314396,-0.4326751486096472,0,0,0,1,0,1,1,0,0,0,0,1,Private
-1.1624284655822519,0,0,-0.30319188675264386,1.8146428411809257,0,0,1,0,1,0,1,0,0,0,1,0,Private
0.48106066686735105,0,0,1.9070847763526135,1.480755596983469,1,0,1,0,0,1,1,0,0,0,0,1,Self-employed
-0.40731183715946134,0,0,-0.7815568490413958,1.3266537919692587,0,0,1,0,0,1,1,0,0,0,1,0,Private
0.17013029045796674,0,0,0.6650649043860346,0.4148847789685119,0,0,1,0,0,1,0,1,0,1,0,0,Govt_job
-0.9403353395755488,0,0,-1.0508865196534596,0.9157156452646965,0,0,0,1,1,0,1,0,0,0,1,0,Private
-0.2740559615554395,0,0,-0.3289056660044951,-0.548251502370305,0,0,0,1,1,0,0,1,0,0,0,1,Private
0.6143165424713729,0,0,-0.6255008094439533,-1.0105569174129374,0,0,1,0,1,0,1,0,1,0,0,0,Private
1.7247821725048884,0,0,-0.3537327632131793,-0.5354096852857877,0,0,0,1,0,1,0,1,0,0,0,1,Private
0.39222341646466985,0,0,-0.41070208448667744,1.4422301457299167,0,0,0,1,0,1,1,0,0,0,0,1,Govt_job
-1.6954519679983393,0,0,0.5147722980691792,-1.4985459666246046,0,0,1,0,1,0,0,1,1,0,0,0,children
1.0140841692834386,0,0,-0.762714855624091,-0.09878790441219044,0,1,0,1,0,1,0,1,0,1,0,0,Self-employed
0.17013029045796674,0,0,0.0020484066076949924,1.416546511560881,0,0,1,0,0,1,0,1,0,0,0,1,Self-employed
0.7475724180753948,1,1,2.110799975770298,-0.11162972149670818,0,0,0,1,0,1,0,1,0,0,1,0,Private
-0.3184745867567801,0,0,-0.6323725952784994,0.26078297395430083,0,0,0,1,0,1,0,1,0,0,1,0,Private
-0.5849863379648238,0,0,-0.46257298401196384,2.431050061237768,0,0,1,0,0,1,0,1,0,0,1,0,Private
-1.1624284655822519,0,0,-0.5323991949113879,2.0329537316177246,0,0,0,1,1,0,1,0,0,0,1,0,Private
1.6803635473035479,1,0,2.444635765022782,1.8660101095189958,0,0,1,0,0,1,0,1,0,0,1,0,Govt_job
1.547107671699526,0,0,-1.0996540320276604,-0.22720607525736602,0,0,0,1,0,1,0,1,0,0,1,0,Private
0.39222341646466985,0,0,-0.09947668733495946,0.5433029498136875,0,0,1,0,0,1,0,1,0,0,0,1,Private
1.0140841692834386,0,1,2.9575813269950584,0.6203538523207931,0,0,0,1,0,1,1,0,0,1,0,0,Private
0.17013029045796674,0,0,-0.8784268622574221,0.3378338764614064,0,0,1,0,0,1,1,0,0,0,1,0,Self-employed
-1.2512657159849332,0,0,0.16608458459364342,-0.6638278561309633,0,0,0,1,1,0,0,1,0,0,1,0,children
-1.384521591588955,0,0,0.45514293066617917,-0.9335060149058317,0,0,1,0,1,0,0,1,1,0,0,0,children
0.6143165424713729,0,0,-0.46168630196879673,1.0056083648563199,1,0,0,1,0,1,1,0,1,0,0,0,Private
-1.5621960923943174,0,0,0.013575273168869965,-1.3572859786949114,0,0,0,1,1,0,0,1,1,0,0,0,children
1.6359449221022073,1,0,-0.6846868358253695,-0.8564551123987267,1,0,1,0,0,1,1,0,0,0,1,0,Private
-0.9403353395755488,0,0,0.7468613228682169,-0.03457881898960265,0,0,1,0,1,0,0,1,0,1,0,0,Private
1.2361772952901415,0,0,2.048732232748588,-0.201522441088331,0,0,0,1,0,1,0,1,0,1,0,0,Private
-0.3184745867567801,0,0,0.4662264562057703,-0.7151951244690333,0,0,1,0,1,0,1,0,0,0,1,0,Govt_job
0.8808282936794166,0,0,2.2801562460152502,0.23509933978526582,1,0,0,1,0,1,0,1,0,0,1,0,Private
0.8364096684780761,0,0,-0.5188772937530868,-0.21436425817284874,0,0,1,0,0,1,0,1,0,1,0,0,Private
-1.8287078436023612,0,0,0.12263716447844612,-1.3701277957794291,0,0,0,1,1,0,1,0,1,0,0,0,children
1.5915262969008666,1,0,-0.17218461487467712,-0.8436132953142089,1,0,1,0,1,0,0,1,0,1,0,0,Govt_job
-0.5405677127634833,0,0,-0.990592140718084,-0.3042569777644716,0,0,0,1,0,1,1,0,0,0,1,0,Self-employed
-0.7626608387701863,1,0,0.03995406395309674,0.5433029498136875,0,0,1,0,0,1,0,1,0,0,0,1,Private
1.5026890464981855,0,0,-0.32868399549370353,0.3378338764614064,0,0,1,0,0,1,1,0,0,1,0,0,Private
-0.4961490875621426,0,0,-0.9258643515668721,-0.6509860390464456,0,0,0,1,0,1,0,1,0,0,0,1,Private
-0.40731183715946134,0,0,0.6213958137600457,-1.0876078199200427,0,0,1,0,0,1,0,1,0,0,1,0,Private
-1.384521591588955,0,0,0.4757582881698188,-0.08594608732767316,0,0,0,1,1,0,1,0,1,0,0,0,children
-0.5405677127634833,0,0,-0.5521278703718601,0.055313900602020176,0,0,1,0,1,0,0,1,0,1,0,0,Govt_job
0.39222341646466985,0,0,-0.5760682855373769,0.44056841313754647,0,0,1,0,0,1,1,0,0,1,0,0,Private
-0.6294049631661645,0,0,-0.712838990695931,-0.817929661145174,0,0,1,0,1,0,0,1,0,0,0,1,Private
1.1473400448874604,0,0,0.12618389265111551,1.044133816109872,0,0,1,0,0,1,0,1,0,0,0,1,Private
1.5915262969008666,0,0,-0.22981894768055072,-0.9463478319903496,0,0,1,0,0,1,0,1,0,1,0,0,Govt_job
0.258967540860648,0,0,-1.020295989164188,0.10668116894009023,0,0,1,0,0,1,0,1,1,0,0,0,Self-employed
-1.1624284655822519,0,0,-0.40050524099025375,-0.3813078802715771,0,0,1,0,1,0,0,1,0,0,0,1,Private
-0.40731183715946134,0,0,-0.48850843377460706,1.044133816109872,0,0,0,1,0,1,0,1,0,0,1,0,Private
-1.8375915686426294,0,0,1.053431639293307,-1.5113877837091219,0,0,0,1,1,0,0,1,1,0,0,0,children
-0.7626608387701863,0,0,-0.4548145161342502,-0.548251502370305,0,0,1,0,1,0,1,0,0,0,1,0,Private
1.0140841692834386,0,1,-0.6578647040195591,1.044133816109872,0,0,1,0,0,1,1,0,1,0,0,0,Govt_job
-1.1180098403809113,0,0,-0.5084587797458712,2.31547370747711,0,0,1,0,1,0,0,1,1,0,0,0,Private
-0.2740559615554395,0,0,1.201729211013036,0.38920114479947643,0,0,0,1,0,1,0,1,0,1,0,0,Self-employed
0.5254792920686917,0,0,1.2864073461355119,-0.175838806919296,0,0,0,1,0,1,1,0,0,0,1,0,Self-employed
-1.6954519679983393,0,0,-0.8535997650487379,-1.4343368812020167,0,0,0,1,1,0,1,0,1,0,0,0,children
-1.384521591588955,0,0,0.23192072629881455,-1.6012805033007451,0,0,0,1,1,0,0,1,0,1,0,0,children
1.5915262969008666,0,0,-0.49272017347965164,-0.02173700190508536,0,0,1,0,0,1,0,1,0,0,0,1,Govt_job
-1.7842892184010206,0,0,-0.6733816397749867,-0.8949805636522795,0,0,1,0,1,0,1,0,1,0,0,0,children
-1.4733588419916364,0,0,-0.7968521142860314,-1.9480095645827191,0,0,1,0,1,0,1,0,1,0,0,0,children
-1.4289402167902956,0,0,-0.7121739791635556,-1.074766002835525,0,0,1,0,1,0,0,1,0,0,1,0,children
-0.18521871115275826,0,0,-0.5840484239258824,-0.7922460269761389,0,0,1,0,1,0,0,1,0,0,1,0,Govt_job
-1.73987059319968,0,0,-0.5421526973862281,-1.3187605274413585,0,0,0,1,1,0,0,1,1,0,0,0,children
1.1473400448874604,0,0,-0.5527928819042356,0.055313900602020176,0,0,1,0,0,1,0,1,0,1,0,0,Self-employed
-0.5405677127634833,1,0,-0.30319188675264386,-0.09878790441219044,0,1,0,1,0,1,0,1,0,0,1,0,Govt_job
-1.73987059319968,0,0,0.5901402717383989,-1.6141223203852626,0,0,0,1,1,0,0,1,1,0,0,0,children
0.6587351676727136,0,0,-1.0923389051715304,-0.08594608732767316,0,0,1,0,0,1,1,0,0,0,0,1,Private
-0.5405677127634833,0,0,-0.7995121604155334,1.3651792432228111,0,0,1,0,0,1,1,0,0,0,0,1,Private
-0.807079463971527,0,0,0.35960294051490416,-0.24004789234188378,0,0,1,0,1,0,0,1,0,0,0,1,Private
0.6587351676727136,0,0,2.010826575403186,1.1340265357014954,0,0,1,0,0,1,1,0,0,0,1,0,Private
-0.6738235883675051,0,0,0.09005159939204832,-0.12447153858122592,0,0,0,1,0,1,0,1,1,0,0,0,Private
-0.007544210347395762,0,0,-0.6813617781634923,-0.7665623928071039,0,0,1,0,0,1,1,0,0,0,0,1,Private
0.5254792920686917,0,0,-0.8992638902718533,-1.1646587224271479,0,0,1,0,0,1,0,1,0,0,1,0,Private
0.7475724180753948,0,0,-0.816359119235712,0.24794115686978355,0,0,1,0,0,1,1,0,1,0,0,0,Self-employed
-1.896224153908399,0,0,-0.7263608918542322,-0.09878790441219044,0,1,0,1,1,0,0,1,1,0,0,0,children
-0.2740559615554395,0,0,-0.4800849543645179,-0.24004789234188378,0,0,1,0,0,1,0,1,0,0,1,0,Private
-0.5405677127634833,0,0,-0.5337292179761389,0.49193568147561745,0,0,1,0,0,1,0,1,1,0,0,0,Govt_job
-1.5621960923943174,0,0,-0.31582710586777757,-1.9865350158362718,0,0,0,1,1,0,1,0,1,0,0,0,children
-1.8287078436023612,0,0,0.18248820239223815,-1.3829696128639464,0,0,1,0,1,0,0,1,1,0,0,0,children
0.48106066686735105,0,0,-0.11787533973068065,2.7392536712661903,0,0,0,1,0,1,1,0,0,1,0,0,Private
-0.096381460750077,0,0,-0.5749599329834177,2.071479182871277,0,0,1,0,0,1,1,0,1,0,0,0,Private
-0.18521871115275826,0,0,-0.48097163640768503,0.28646660812333635,0,0,0,1,0,1,1,0,0,1,0,0,Private
-1.834038078626522,0,0,0.8463913822137452,-0.09878790441219044,0,1,0,1,1,0,1,0,1,0,0,0,children
-0.096381460750077,0,0,-0.7811135080198122,1.9687446461951368,0,0,0,1,1,0,0,1,1,0,0,0,Private
-1.1624284655822519,0,0,-0.24090247322014183,-0.6895114902999984,0,0,0,1,1,0,1,0,0,0,1,0,Private
-1.3401029663876145,0,0,0.12618389265111551,-1.0362405515819724,0,0,0,1,1,0,1,0,1,0,0,0,Never_worked
0.3033861660619886,0,0,-0.9808386382432438,-0.06026245315863813,0,0,1,0,0,1,1,0,1,0,0,0,Self-employed
0.3033861660619886,1,0,-0.5281874552063434,-0.09878790441219044,0,1,0,1,1,0,0,1,0,1,0,0,Private
0.5254792920686917,0,0,2.0520572904104655,0.02963026643298515,0,0,1,0,0,1,0,1,0,0,0,1,Govt_job
-0.22963733635409886,0,0,0.14635590913317126,-0.3299406119335066,0,0,0,1,1,0,1,0,1,0,0,0,Private
-0.007544210347395762,0,0,0.8916121664152767,0.3378338764614064,0,0,0,1,0,1,0,1,0,0,0,1,Private
1.5026890464981855,1,0,-0.7556213992787526,0.5047774985601343,0,0,1,0,0,1,0,1,0,0,1,0,Self-employed
-1.517777467192977,0,0,0.20399024193904486,-1.2930768932723236,0,0,0,1,1,0,0,1,1,0,0,0,children
-1.2956843411862737,0,0,-0.7294642790053177,-0.3042569777644716,0,0,0,1,1,0,0,1,0,0,1,0,Private
-0.096381460750077,0,0,-0.6456728259260089,-0.09878790441219044,0,1,1,0,0,1,1,0,1,0,0,0,Self-employed
-0.36289321195812074,0,0,-0.4171305292996404,-0.40699151444061216,0,0,1,0,0,1,0,1,1,0,0,0,Private
-0.05196283554873638,0,0,0.880306970364894,0.37635932771495917,0,0,0,1,0,1,1,0,0,1,0,0,Private
-1.6510333427969988,0,0,-0.1845981634790192,-0.9720314661593845,0,0,0,1,1,0,0,1,1,0,0,0,children
-1.8411450586587366,0,0,-0.6649581603648973,-1.4471786982865342,0,0,0,1,1,0,0,1,1,0,0,0,children
-1.5621960923943174,0,0,0.6171840740550011,-1.2930768932723236,0,0,0,1,1,0,1,0,1,0,0,0,children
1.4138517960955042,0,0,2.6013568161525997,-0.1373133556657432,0,0,0,1,0,1,0,1,0,0,1,0,Govt_job
-0.807079463971527,0,0,-0.8706683943797081,0.04247208351750244,0,0,0,1,0,1,1,0,1,0,0,0,Private
1.3694331708941636,0,0,-0.49405019654440263,-0.27857334359543656,0,0,0,1,0,1,1,0,1,0,0,0,Private
-0.36289321195812074,0,0,0.3183722255076253,-0.201522441088331,0,0,1,0,0,1,0,1,0,0,1,0,Private
1.1029214196861197,0,0,-0.031202170011078313,1.532122865321539,0,0,1,0,0,1,1,0,0,1,0,0,Self-employed
-0.6294049631661645,0,0,-0.9285243976963738,2.122846451209347,0,0,1,0,0,1,0,1,0,0,0,1,Private
1.7247821725048884,1,0,-0.6310425722137488,-0.52256786820127,0,0,1,0,0,1,0,1,1,0,0,0,Self-employed
0.3033861660619886,0,0,0.3248006703205879,0.18373207144719578,0,0,0,1,0,1,0,1,0,0,1,0,Private
-0.8959167143742082,0,0,-0.2998668290907664,-1.5113877837091219,0,0,1,0,1,0,1,0,1,0,0,0,Private
-0.6738235883675051,0,0,-0.36681132334989686,0.49193568147561745,0,0,1,0,1,0,1,0,0,1,0,0,Private
1.1473400448874604,0,0,2.653006045167095,1.0312919990253544,0,0,1,0,0,1,1,0,0,0,1,0,Self-employed
1.1029214196861197,0,0,-0.525970750098425,0.8129811085885564,0,0,1,0,0,1,1,0,0,1,0,0,Private
0.8808282936794166,0,0,-0.6108705557316927,0.7616138402504855,0,0,0,1,0,1,1,0,0,0,1,0,Private
1.547107671699526,0,1,2.724605620152853,0.6588793035743453,0,0,0,1,0,1,0,1,1,0,0,0,Self-employed
-0.05196283554873638,0,1,2.685369939742701,0.6845629377433808,0,0,1,0,0,1,0,1,0,0,0,1,Govt_job
-0.007544210347395762,0,0,-0.21851375163016767,-0.9078223807367968,0,0,1,0,0,1,1,0,1,0,0,0,Private
0.8364096684780761,0,0,-0.45813957379612735,0.9542410965182488,0,0,0,1,0,1,0,1,0,1,0,0,Self-employed
0.6587351676727136,0,0,-0.4621296429903803,-0.09878790441219044,0,1,0,1,0,1,0,1,0,0,1,0,Govt_job
-0.096381460750077,0,0,-0.5953536199762651,0.26078297395430083,0,0,1,0,0,1,1,0,0,1,0,0,Govt_job
0.5254792920686917,1,0,2.2302803810870904,3.329977257153997,0,0,1,0,0,1,0,1,0,0,1,0,Private
0.9252469188807573,1,0,-0.30895532003323134,0.37635932771495917,0,0,0,1,0,1,1,0,0,1,0,0,Private
1.3694331708941636,1,0,0.1496809667950487,-0.15015517275026094,0,0,0,1,0,1,0,1,0,1,0,0,Self-employed
0.3033861660619886,0,0,-0.03918230839958389,0.0809975347710552,0,0,0,1,0,1,1,0,0,0,1,0,Private
-0.22963733635409886,0,0,-0.038960637888791956,2.3668409758151805,0,0,1,0,0,1,1,0,0,0,0,1,Private
1.0585027944847791,1,0,1.6255632276469998,-0.09878790441219044,1,0,1,0,0,1,1,0,0,1,0,0,Private
0.8364096684780761,0,0,-1.0236210468260654,0.466252047306582,0,0,0,1,0,1,1,0,1,0,0,0,Private
0.258967540860648,0,0,1.550638594999364,2.122846451209347,0,0,0,1,0,1,0,1,1,0,0,0,Private
-0.2740559615554395,0,0,0.028205526881130143,-0.09878790441219044,0,1,0,1,0,1,1,0,0,0,0,1,Private
-1.3401029663876145,0,0,-0.13472229855085924,-0.6895114902999984,0,0,0,1,1,0,1,0,1,0,0,0,children
-0.22963733635409886,0,0,-0.5754032740050014,-0.12447153858122592,0,0,1,0,0,1,1,0,0,0,0,1,Private
-0.807079463971527,0,0,-0.8908404108617641,0.5946702181517576,0,0,1,0,0,1,0,1,0,0,1,0,Private
0.6143165424713729,0,0,-0.6175206710554474,0.8771901940111442,0,0,0,1,0,1,0,1,0,1,0,0,Private
-1.02917258997823,0,0,-0.2016667928099894,-0.548251502370305,0,0,1,0,1,0,0,1,1,0,0,0,Private
0.39222341646466985,0,1,-0.4164655177672649,0.26078297395430083,0,0,0,1,0,1,0,1,0,0,1,0,Private
-1.7842892184010206,0,0,0.2146304264570524,-1.2802350761878063,0,0,1,0,1,0,0,1,1,0,0,0,children
-0.18521871115275826,0,0,-0.5576696331416556,0.9157156452646965,0,0,1,0,0,1,0,1,0,0,0,1,Private
1.547107671699526,0,0,-0.3628212541556439,-0.6124605877928928,0,0,1,0,0,1,0,1,0,0,1,0,Private
0.08129304005528548,0,0,-0.17373630845021973,-0.5610933194548228,0,0,1,0,0,1,0,1,1,0,0,0,Private
0.6143165424713729,0,0,-1.0183009545670616,1.6220155849131623,0,0,1,0,0,1,0,1,0,0,1,0,Private
-0.22963733635409886,0,0,-0.372796427141276,0.17089025436267802,0,0,0,1,0,1,0,1,0,0,1,0,Private
0.8808282936794166,0,0,-1.0001239726821323,0.003946632263949666,0,0,1,0,0,1,0,1,0,1,0,0,Self-employed
1.6803635473035479,1,0,-1.0435713927973294,0.7230883889969332,0,0,1,0,0,1,0,1,0,0,1,0,Private
1.2361772952901415,0,0,-0.06467441714064323,-0.21436425817284874,1,0,0,1,0,1,0,1,0,1,0,0,Private
0.1257116652566261,0,0,-0.6119789082856518,0.24794115686978355,1,0,1,0,0,1,0,1,0,0,1,0,Private
1.2361772952901415,1,0,-0.005266720248435097,-0.09878790441219044,0,1,1,0,0,1,0,1,0,0,0,1,Private
1.4138517960955042,0,0,-0.0034933561621005586,-0.08594608732767316,0,0,0,1,0,1,0,1,0,0,0,1,Private
1.547107671699526,0,1,2.5282055475912992,-0.09878790441219044,1,1,0,1,0,1,0,1,1,0,0,0,Private
-0.451730462360802,0,0,-0.4171305292996404,1.7119083045047856,0,0,1,0,0,1,1,0,0,0,1,0,Private
0.8364096684780761,0,0,-0.7170507304009757,-0.7023533073845161,0,0,1,0,0,1,1,0,1,0,0,0,Govt_job
-1.517777467192977,0,0,0.07830306232008172,-0.18868062400381372,0,0,1,0,1,0,0,1,1,0,0,0,children
0.9252469188807573,0,0,2.967113158959106,0.7359302060814509,0,0,0,1,0,1,0,1,0,1,0,0,Govt_job
-0.05196283554873638,0,0,0.07032292393157615,-0.175838806919296,0,0,1,0,0,1,1,0,0,0,1,0,Private
-0.2740559615554395,0,0,1.1283562719409428,0.8129811085885564,0,0,0,1,0,1,0,1,0,0,1,0,Govt_job
-0.7626608387701863,0,0,0.05347596511139787,-0.34278242901802436,0,0,1,0,1,0,1,0,0,0,1,0,Private
1.547107671699526,0,0,-0.6891202460412059,-0.00889518482056762,0,0,0,1,0,1,0,1,0,1,0,0,Private
-0.40731183715946134,0,0,-0.5767332970697523,0.6075120352362753,0,0,1,0,0,1,0,1,0,0,1,0,Self-employed
-1.517777467192977,0,0,-0.4740998505731385,-1.7939077595685085,0,0,0,1,1,0,0,1,1,0,0,0,children
0.03687441485394486,0,0,-0.4437309905946591,0.4148847789685119,0,0,1,0,0,1,1,0,1,0,0,0,Private
-0.7626608387701863,0,0,-0.3379941569469598,1.0569756331943898,0,0,1,0,1,0,1,0,1,0,0,0,Private
0.7031537928740542,0,0,-0.5241973860120904,0.8643483769266265,0,0,1,0,0,1,0,1,0,0,0,1,Self-employed
-1.9068846239567205,0,0,0.28999840012627204,-1.6141223203852626,0,0,0,1,1,0,1,0,1,0,0,0,children
1.4582704212968447,0,0,0.09492835062946837,0.37635932771495917,0,0,1,0,0,1,0,1,0,0,1,0,Self-employed
1.6359449221022073,0,0,3.4102325100319586,0.3635175106304414,1,0,0,1,0,1,1,0,0,0,0,1,Private
0.9252469188807573,0,0,-0.5361675935948489,0.9542410965182488,0,0,1,0,1,0,1,0,0,0,0,1,Govt_job
0.3033861660619886,1,0,-0.819905847408381,0.7744556573350032,0,0,1,0,0,1,1,0,0,0,1,0,Self-employed
-0.8514980891728676,0,0,-0.8943871390344332,-0.6766696732154805,0,0,1,0,1,0,0,1,0,0,1,0,Private
-1.7842892184010206,0,0,-0.09947668733495946,-0.52256786820127,0,0,1,0,1,0,0,1,1,0,0,0,children
-0.6294049631661645,0,0,0.28046656816222354,-0.52256786820127,0,0,1,0,0,1,0,1,0,0,1,0,Private
0.9252469188807573,0,0,0.05125926000347946,-1.4086532470329818,0,0,1,0,1,0,1,0,0,0,1,0,Govt_job
-0.8959167143742082,0,0,-0.8429595805307304,-0.3684660631870594,0,0,0,1,1,0,1,0,0,0,1,0,Private
-0.5405677127634833,0,0,-0.34353591971675534,1.262444706546671,0,0,1,0,1,0,1,0,1,0,0,0,Private
0.3478047912633292,0,0,0.11886876579498543,0.6717211206588631,0,0,1,0,0,1,0,1,0,0,0,1,Self-employed
-0.22963733635409886,1,0,-1.0836937552506491,8.10713321259453,0,0,0,1,0,1,1,0,0,0,1,0,Private
-1.3401029663876145,0,0,-0.700425442091589,0.28646660812333635,0,0,0,1,1,0,0,1,0,1,0,0,Self-employed
0.8364096684780761,0,0,0.3431993227163091,0.10668116894009023,0,0,0,1,0,1,1,0,0,0,0,1,Private
0.7031537928740542,0,1,1.9771326577628292,0.19657388853171304,0,0,0,1,0,1,1,0,1,0,0,0,Self-employed
0.8808282936794166,0,0,-0.5255274090768414,0.42772659605302965,0,0,0,1,0,1,0,1,0,1,0,0,Self-employed
0.3478047912633292,1,0,-0.7946354091781134,0.5689865839827221,0,0,1,0,0,1,0,1,0,0,0,1,Govt_job
0.3033861660619886,0,0,-0.5250840680552579,-0.3170987948489893,0,0,1,0,0,1,1,0,1,0,0,0,Private
-1.517777467192977,0,0,-0.22117379775966964,-0.09878790441219044,0,1,1,0,1,0,0,1,1,0,0,0,children
-0.807079463971527,0,0,-0.23890743862301533,-0.11162972149670818,0,0,0,1,1,0,1,0,0,0,1,0,Private
0.6587351676727136,0,0,-0.0010549805433905288,-0.2657315265109188,0,0,1,0,0,1,0,1,0,1,0,0,Private
0.8808282936794166,0,0,-0.2781431190331681,-0.00889518482056762,0,0,1,0,0,1,1,0,0,0,1,0,Private
-1.02917258997823,0,0,-0.5698615112352058,-0.4840424169477172,0,0,1,0,1,0,0,1,0,0,1,0,Private
-1.2956843411862737,0,0,-0.08684146821982544,-1.1004496370045602,0,0,0,1,1,0,0,1,0,0,1,0,children
-1.517777467192977,0,0,-0.6407960746885889,-1.395811429948464,0,0,0,1,1,0,1,0,1,0,0,0,children
1.4582704212968447,0,0,2.5716529677064965,2.0329537316177246,0,0,0,1,0,1,1,0,0,1,0,0,Self-employed
1.1029214196861197,0,0,2.3335788391160794,1.3394956090537755,1,0,1,0,0,1,1,0,1,0,0,0,Private
-1.2068470907835926,0,0,-1.015197567415976,-0.08594608732767316,0,0,0,1,1,0,0,1,0,0,1,0,Never_worked
1.0585027944847791,0,1,2.7243839496420614,0.9927665477718021,1,0,0,1,0,1,0,1,0,1,0,0,Private
-0.14080008595141763,0,0,0.18913831771599274,-0.07310427024315541,0,0,1,0,0,1,0,1,0,0,0,1,Govt_job
0.21454891565930734,0,0,-0.2604094781698221,0.49193568147561745,0,0,1,0,0,1,0,1,0,0,1,0,Private
0.3033861660619886,0,0,-0.4740998505731385,1.7247501215893024,0,0,0,1,0,1,1,0,0,1,0,0,Govt_job
0.43664204166601045,0,0,-0.22871059512659167,-0.3684660631870594,0,0,0,1,0,1,1,0,0,0,0,1,Private
-1.8287078436023612,0,0,-0.7130606612067227,-1.0362405515819724,0,0,0,1,1,0,1,0,1,0,0,0,children
-0.14080008595141763,0,0,-0.1376040151911528,-0.6124605877928928,0,0,1,0,1,0,1,0,1,0,0,0,Private
-1.6954519679983393,0,0,-0.7933053861133623,-1.3187605274413585,0,0,0,1,1,0,0,1,1,0,0,0,children
0.7031537928740542,0,0,-0.3763431553139451,1.1725519869550478,0,0,0,1,0,1,1,0,0,1,0,0,Govt_job
-0.451730462360802,0,0,-0.6456728259260089,-0.52256786820127,0,0,1,0,0,1,1,0,0,0,1,0,Govt_job
1.2361772952901415,0,0,1.9933146050506325,0.6717211206588631,1,0,1,0,0,1,0,1,0,1,0,0,Self-employed
-1.4733588419916364,0,0,-0.811039026976708,-0.6895114902999984,0,0,0,1,1,0,1,0,0,1,0,0,children
0.1257116652566261,0,0,-0.39008672698303815,0.055313900602020176,0,0,0,1,0,1,1,0,0,1,0,0,Self-employed
0.9696655440820979,0,0,-0.7381094289261988,0.003946632263949666,0,0,1,0,0,1,0,1,0,0,0,1,Private
1.5915262969008666,0,1,2.3850063976197817,-0.09878790441219044,0,1,0,1,0,1,0,1,1,0,0,0,Private
1.2361772952901415,0,0,1.788047712057405,-0.27857334359543656,0,0,0,1,0,1,1,0,0,0,1,0,Govt_job
-1.5621960923943174,0,0,-0.203218486385532,-1.6012805033007451,0,0,1,0,1,0,0,1,1,0,0,0,children
1.7247821725048884,0,0,2.6833749051455746,-0.4583587827786822,0,0,0,1,0,1,0,1,0,1,0,0,Private
0.7919910432767354,0,0,-0.261961171745365,1.3523374261382934,0,0,1,0,0,1,1,0,1,0,0,0,Private
1.1473400448874604,1,1,-0.6135306018611947,0.7487720231659686,0,0,0,1,0,1,0,1,0,1,0,0,Private
-1.6510333427969988,0,0,-0.49892694778182267,-1.1389750882581129,0,0,0,1,1,0,0,1,1,0,0,0,children
0.43664204166601045,0,0,-0.4960452311415291,0.13236480310912527,0,0,1,0,0,1,0,1,0,0,1,0,Private
1.4582704212968447,0,0,1.9467637977843502,1.1211847186169777,0,0,1,0,0,1,0,1,0,0,1,0,Self-employed
0.6587351676727136,0,0,-0.7667049248183436,-0.09878790441219044,1,1,0,1,0,1,0,1,1,0,0,0,Private
-1.2512657159849332,0,0,1.886469418848974,-0.8821387465677617,0,0,1,0,1,0,0,1,0,0,1,0,children
0.8808282936794166,0,1,2.973984944793653,0.42772659605302965,0,0,1,0,0,1,1,0,0,0,0,1,Self-employed
-0.36289321195812074,0,0,1.0077675140701916,-0.06026245315863813,0,0,1,0,0,1,1,0,1,0,0,0,Self-employed
1.5026890464981855,0,1,0.005373464269572449,-0.09878790441219044,0,1,0,1,0,1,1,0,1,0,0,0,Govt_job
1.2361772952901415,0,0,1.008875866624151,-0.3299406119335066,0,0,1,0,0,1,1,0,0,0,1,0,Self-employed
-0.22963733635409886,0,0,-0.1271855011839372,-1.0362405515819724,0,0,1,0,0,1,1,0,0,0,0,1,Private
1.2805959204914823,0,0,2.971103228153359,0.8900320110956611,0,0,1,0,0,1,0,1,0,0,1,0,Self-employed
0.8364096684780761,0,0,0.1911333523131192,0.466252047306582,0,0,1,0,0,1,0,1,0,0,1,0,Private
-0.36289321195812074,0,0,-0.6928886447246669,-0.548251502370305,0,0,1,0,1,0,1,0,0,0,1,0,Private
-1.5621960923943174,0,0,-0.4696664403573023,-1.344444161610394,0,0,0,1,1,0,0,1,1,0,0,0,children
-1.0735912151795706,0,0,-1.0848021078046084,-0.9977151003284196,0,0,1,0,1,0,1,0,0,0,1,0,Private
1.7247821725048884,1,1,-0.7225924931707712,0.5946702181517576,0,0,1,0,0,1,0,1,0,0,1,0,Private
-0.5849863379648238,0,0,0.28445663735647647,0.10668116894009023,0,0,1,0,1,0,1,0,1,0,0,0,Private
-1.6510333427969988,0,0,-0.9141158144949054,-1.4728623324555696,0,0,0,1,1,0,1,0,1,0,0,0,children
-1.5621960923943174,0,0,-0.6053287929618972,-1.6398059545542976,0,0,0,1,1,0,0,1,1,0,0,0,children
-1.8891171738761845,0,0,-0.4222289510478524,-1.6269641374697803,0,0,0,1,1,0,1,0,1,0,0,0,children
0.03687441485394486,0,0,-0.7826652015953548,-1.113291454089078,0,0,1,0,0,1,1,0,0,0,1,0,Govt_job
-1.5621960923943174,0,0,-0.42001224593993397,-1.3572859786949114,0,0,0,1,1,0,1,0,1,0,0,0,children
-1.8695729787875948,0,0,-0.4366375342493206,-1.2031841736807007,0,0,0,1,1,0,0,1,1,0,0,0,children
-1.8287078436023612,0,0,-0.36503795926356236,-1.4985459666246046,0,0,0,1,1,0,0,1,1,0,0,0,children
0.21454891565930734,0,0,-0.09703831171624944,-1.04908236866649,0,0,1,0,1,0,0,1,0,0,0,1,Govt_job
-0.22963733635409886,0,0,-0.7959654322428643,-0.12447153858122592,0,0,0,1,0,1,1,0,0,0,0,1,Govt_job
-1.5621960923943174,0,0,-0.6534312938037226,-1.7168568570614031,0,0,1,0,1,0,0,1,1,0,0,0,children
0.43664204166601045,0,0,-0.4876217517314396,1.9430610120261012,0,0,1,0,0,1,0,1,1,0,0,0,Govt_job
-0.6738235883675051,0,0,-0.22760224257263262,0.003946632263949666,0,0,1,0,0,1,1,0,0,0,1,0,Private
-0.096381460750077,0,0,0.7790035469330314,2.26410643913904,0,0,1,0,0,1,0,1,1,0,0,0,Private
-0.40731183715946134,0,0,-0.05226086853630115,1.8916937436880312,0,0,1,0,1,0,1,0,0,0,0,1,Private
-0.8959167143742082,0,0,-0.5186556232422949,0.37635932771495917,0,0,0,1,1,0,1,0,1,0,0,0,Private
-0.6294049631661645,0,0,-0.710178944566429,-0.07310427024315541,0,0,0,1,1,0,0,1,0,0,1,0,Private
-0.007544210347395762,0,0,0.10268681850718234,0.4790938643910997,0,0,1,0,0,1,0,1,0,0,0,1,Private
-1.2956843411862737,0,0,-0.2865665984432572,-1.04908236866649,0,0,0,1,1,0,0,1,0,1,0,0,children
0.7919910432767354,0,0,-0.38520997574561805,-0.4583587827786822,0,0,1,0,0,1,1,0,0,1,0,0,Private
0.7475724180753948,1,1,2.537072368022972,1.0184501819408367,0,0,1,0,0,1,0,1,0,0,1,0,Private
-1.6954519679983393,0,0,-0.43619419322773706,-1.2673932591032886,0,0,1,0,1,0,1,0,1,0,0,0,children
-0.18521871115275826,0,0,0.3443076752702682,-0.2657315265109188,0,0,0,1,0,1,1,0,0,0,1,0,Private
1.2361772952901415,0,1,-0.16265278291062862,0.10668116894009023,0,0,1,0,0,1,1,0,1,0,0,0,Self-employed
0.7475724180753948,0,0,0.5180973557310568,0.6075120352362753,0,0,0,1,0,1,0,1,0,0,0,1,Private
-1.5621960923943174,0,0,-0.20743022609057657,-0.40699151444061216,0,0,0,1,1,0,1,0,1,0,0,0,children
-0.6294049631661645,0,0,-0.08240805800398925,0.37635932771495917,0,0,1,0,0,1,1,0,0,0,1,0,Private
0.7475724180753948,1,0,-0.12386044352205976,-0.047420636074120386,0,0,0,1,0,1,1,0,0,0,0,1,Govt_job
0.03687441485394486,0,0,-1.0145325558836007,0.6331956694053099,0,0,1,0,0,1,1,0,0,1,0,0,Private
-1.5621960923943174,0,0,0.21618212003259532,-0.047420636074120386,0,0,0,1,1,0,1,0,1,0,0,0,children
0.9252469188807573,0,0,-0.5135572014940829,-0.4583587827786822,0,0,0,1,1,0,1,0,0,0,0,1,Self-employed
0.48106066686735105,0,0,-0.8888453762646377,-0.9591896490748673,0,0,0,1,0,1,0,1,0,0,1,0,Private
0.3033861660619886,0,0,-0.6237274453576184,-0.5739351365393405,0,0,0,1,0,1,1,0,0,0,0,1,Private
-0.18521871115275826,0,0,0.18913831771599274,-0.3170987948489893,0,0,0,1,0,1,1,0,0,0,1,0,Private
0.6143165424713729,0,1,2.455940961073165,0.2736247910388186,1,0,1,0,0,1,0,1,1,0,0,0,Private
-1.3401029663876145,0,0,-0.012581847104565187,-1.344444161610394,0,0,1,0,1,0,0,1,1,0,0,0,children
0.8808282936794166,0,0,2.0338803085255357,-0.09878790441219044,1,1,1,0,0,1,0,1,0,0,1,0,Govt_job
-0.8514980891728676,0,0,-0.3501860350405102,-0.5739351365393405,0,0,1,0,0,1,0,1,0,1,0,0,Private
1.191758670088801,0,0,-0.19878507616969582,-0.496884234032235,0,0,1,0,0,1,1,0,0,0,1,0,Self-employed
-0.4961490875621426,0,0,-0.17373630845021973,1.4550719628144344,0,0,0,1,0,1,0,1,0,0,0,1,Private
1.191758670088801,0,0,-0.5363892641056406,-0.21436425817284874,0,0,0,1,0,1,0,1,0,0,1,0,Govt_job
-0.18521871115275826,1,0,-0.39030839749382973,0.5946702181517576,0,0,0,1,0,1,1,0,0,0,0,1,Private
-1.834038078626522,0,0,-0.18903157369485538,-1.5627550520471925,0,0,1,0,1,0,1,0,1,0,0,0,children
-1.8446985486748437,0,0,-1.0969939858981586,-1.1775005395116656,0,0,0,1,1,0,0,1,1,0,0,0,children
-0.4961490875621426,0,0,-0.28900497406196723,0.7230883889969332,0,0,1,0,0,1,0,1,0,0,0,1,Private
-0.5849863379648238,0,0,0.10556853514747593,0.26078297395430083,0,0,1,0,0,1,1,0,0,0,0,1,Govt_job
0.5698979172700324,0,0,-0.9573415640993106,0.6460374864898276,0,0,0,1,1,0,1,0,0,0,1,0,Private
1.2361772952901415,0,0,-0.4173521998104323,0.4790938643910997,0,0,0,1,1,0,0,1,0,0,1,0,Private
-0.5405677127634833,0,0,-0.7820001900629793,-0.2528897094264015,0,0,1,0,1,0,1,0,0,1,0,0,Private
-1.2068470907835926,0,0,-1.058866658041965,-0.817929661145174,0,0,1,0,1,0,0,1,1,0,0,0,Private
-0.6294049631661645,0,0,-0.49382852603361066,1.0569756331943898,0,0,0,1,1,0,0,1,0,0,1,0,Private
0.7475724180753948,0,0,2.7707130863975524,1.4550719628144344,0,0,1,0,0,1,1,0,0,0,1,0,Private
-0.8959167143742082,0,0,-0.7531830236600425,-0.8564551123987267,0,0,1,0,1,0,1,0,1,0,0,0,Govt_job
0.5254792920686917,1,0,-0.13228392293214922,0.6845629377433808,0,0,1,0,0,1,1,0,0,0,1,0,Private
0.258967540860648,0,0,0.19889182019083318,-0.5354096852857877,0,0,1,0,0,1,1,0,0,0,1,0,Private
-0.40731183715946134,0,0,0.05946106890277698,0.19657388853171304,0,0,0,1,1,0,0,1,0,0,0,1,Private
0.9252469188807573,0,0,-0.8939437980128497,0.466252047306582,0,0,1,0,0,1,1,0,0,1,0,0,Self-employed
-0.14080008595141763,0,0,-0.6933319857462505,0.9927665477718021,0,0,1,0,0,1,1,0,0,0,1,0,Private
-0.40731183715946134,0,0,-0.7629365261348826,0.517619315644652,0,0,1,0,0,1,0,1,0,0,1,0,Private
-0.8514980891728676,0,0,-0.1360523216156099,2.752095488350707,0,0,0,1,1,0,1,0,0,0,1,0,Govt_job
0.21454891565930734,0,0,2.307865059864228,-0.09878790441219044,0,1,1,0,0,1,1,0,0,0,0,1,Self-employed
-0.4961490875621426,0,0,-0.22627221950788165,-0.09878790441219044,0,1,0,1,1,0,1,0,0,0,0,1,Private
-0.3184745867567801,0,0,-0.2311489707453017,-0.4840424169477172,0,0,1,0,0,1,1,0,0,0,1,0,Private
-0.40731183715946134,1,0,-0.11477195257959513,-0.09878790441219044,0,1,1,0,0,1,0,1,1,0,0,0,Self-employed
-0.9847539647768895,0,0,-1.0861321308693592,-1.0876078199200427,0,0,0,1,1,0,0,1,1,0,0,0,Private
-0.7182422135688457,0,0,-0.03231052256503736,-1.1261332711735952,0,0,1,0,1,0,1,0,0,0,1,0,Private
0.7919910432767354,0,0,-0.35550612729951386,-0.4455169656941649,0,0,0,1,0,1,1,0,0,0,1,0,Private
0.3478047912633292,1,0,1.5639388256468731,-0.06026245315863813,0,0,1,0,0,1,1,0,0,0,1,0,Self-employed
-0.2740559615554395,0,0,-0.24422753088201926,2.5723100491674615,0,0,1,0,0,1,1,0,1,0,0,0,Private
-1.8287078436023612,0,0,0.450709520450343,-0.52256786820127,0,0,1,0,1,0,1,0,1,0,0,0,children
0.39222341646466985,0,0,3.145557920146523,0.8001392915040387,0,0,0,1,0,1,0,1,1,0,0,0,Private
0.43664204166601045,0,0,-0.5536795639474027,1.3009701578002233,0,0,0,1,0,1,0,1,0,1,0,0,Private
0.48106066686735105,1,0,1.6656855901003196,-0.15015517275026094,1,0,1,0,0,1,0,1,0,0,1,0,Govt_job
0.6143165424713729,0,0,0.023328775643710085,0.09383935185557295,0,0,1,0,0,1,0,1,0,0,1,0,Self-employed
-0.5849863379648238,0,0,0.40548873624881115,1.5706483165750922,0,0,1,0,0,1,1,0,1,0,0,0,Private
1.5915262969008666,0,0,2.266856015367741,-0.09878790441219044,0,1,1,0,0,1,1,0,0,0,0,1,Private
-0.8959167143742082,0,0,-0.8841902955380093,-0.9463478319903496,0,0,1,0,1,0,1,0,0,0,1,0,Private
1.4138517960955042,0,0,2.104593201468127,-0.40699151444061216,0,0,0,1,0,1,0,1,0,1,0,0,Govt_job
0.5698979172700324,0,0,0.11377034404677344,-0.3813078802715771,0,0,1,0,0,1,1,0,1,0,0,0,Self-employed
0.6587351676727136,0,0,-0.2918866907022608,0.4020429618839942,1,0,0,1,1,0,1,0,1,0,0,0,Private
-1.73987059319968,0,0,-0.3696930399901905,-1.1261332711735952,0,0,0,1,1,0,1,0,1,0,0,0,children
-1.8411450586587366,0,0,0.4766449702129862,-1.3316023445258762,0,0,0,1,1,0,1,0,1,0,0,0,children
0.7475724180753948,0,0,2.16089751120925,0.10668116894009023,0,0,0,1,0,1,1,0,0,0,1,0,Govt_job
1.0140841692834386,0,0,-0.09615162967308201,-0.09878790441219044,1,1,1,0,0,1,0,1,1,0,0,0,Self-employed
0.3478047912633292,0,0,-0.009478459953479665,1.904535560772549,0,0,1,0,0,1,0,1,1,0,0,0,Private
-0.096381460750077,0,0,0.012466920614910603,-0.3556242461025416,0,0,1,0,0,1,1,0,0,0,1,0,Govt_job
0.8808282936794166,0,1,0.24167422877365466,0.7230883889969332,1,0,0,1,0,1,0,1,0,1,0,0,Self-employed
1.0140841692834386,0,0,-0.08240805800398925,-1.5627550520471925,0,0,1,0,0,1,0,1,0,0,0,1,Private
0.5698979172700324,0,0,-0.5953536199762651,0.28646660812333635,0,0,0,1,0,1,0,1,1,0,0,0,Private
-0.18521871115275826,0,0,-0.3419842261412127,0.24794115686978355,0,0,0,1,0,1,0,1,0,1,0,0,Private
0.8364096684780761,0,0,-1.0063307469843032,-0.2528897094264015,0,0,0,1,0,1,1,0,1,0,0,0,Private
-0.22963733635409886,0,0,-0.5951319494654735,-0.6895114902999984,0,0,1,0,0,1,1,0,1,0,0,0,Govt_job
-1.8589125087392728,0,0,0.09714505573738678,-1.1004496370045602,0,0,1,0,1,0,1,0,1,0,0,0,children
-0.9847539647768895,0,0,0.7253592833214102,-0.5867769536238577,0,0,0,1,1,0,0,1,0,0,1,0,Private
-0.18521871115275826,1,0,-0.5496894947531501,1.4037046944763634,0,0,0,1,1,0,0,1,1,0,0,0,Private
1.7247821725048884,0,1,2.4342172510155664,-0.5097260511167527,0,0,1,0,1,0,0,1,0,0,1,0,Private
-0.22963733635409886,0,0,1.2620235899484116,0.38920114479947643,0,0,0,1,1,0,1,0,0,0,0,1,Private
-0.9403353395755488,0,0,-1.0380296300275338,-0.4583587827786822,0,0,0,1,1,0,1,0,1,0,0,0,Private
1.2805959204914823,1,0,2.791328443901192,-0.09878790441219044,0,1,0,1,0,1,1,0,1,0,0,0,Private
-0.2740559615554395,0,0,-0.23735574504747273,0.6717211206588631,0,0,1,0,0,1,0,1,0,0,1,0,Self-employed
-0.9847539647768895,0,0,-0.32757564293974417,-0.02173700190508536,0,0,1,0,1,0,0,1,0,0,1,0,Private
0.7919910432767354,0,0,-1.0014539957468833,-0.5610933194548228,0,0,1,0,0,1,0,1,0,0,1,0,Private
-1.2068470907835926,0,0,-0.24001579117697472,-0.9463478319903496,0,0,0,1,1,0,1,0,0,0,1,0,Private
-1.834038078626522,0,0,-0.8298810203940131,-1.2545514420187707,0,0,0,1,1,0,1,0,1,0,0,0,children
-0.4961490875621426,0,0,0.9144442290268344,0.8771901940111442,0,0,1,0,0,1,1,0,1,0,0,0,Private
1.7247821725048884,0,0,-0.5226456924365478,-0.3684660631870594,0,0,1,0,1,0,0,1,0,0,1,0,Self-employed
1.7247821725048884,1,0,2.5876132444835074,-0.09878790441219044,0,1,1,0,0,1,0,1,0,1,0,0,Private
0.39222341646466985,1,0,2.865588065016452,1.416546511560881,0,0,0,1,0,1,0,1,0,1,0,0,Govt_job
1.1029214196861197,0,0,2.4282321472241875,-0.24004789234188378,0,0,1,0,0,1,1,0,0,1,0,0,Govt_job
0.3478047912633292,0,0,-0.41314046010538746,-0.3170987948489893,0,0,0,1,1,0,1,0,0,1,0,0,Self-employed
-0.22963733635409886,1,0,0.7127240642062764,1.6605410361667146,0,0,1,0,0,1,0,1,0,0,1,0,Private
-1.8891171738761845,0,0,-0.9646566909554407,-1.485704149540087,0,0,1,0,1,0,0,1,1,0,0,0,children
0.48106066686735105,0,0,3.151764694448694,0.9285574623492143,0,0,0,1,0,1,0,1,0,1,0,0,Private
-0.007544210347395762,0,0,-1.0639650797901772,-0.52256786820127,0,0,1,0,0,1,0,1,0,0,0,1,Private
0.7919910432767354,0,0,0.18403989596778106,-0.40699151444061216,0,0,1,0,0,1,0,1,0,0,1,0,Private
-1.4733588419916364,0,0,-0.6399093926454215,-1.6783314058078502,0,0,0,1,1,0,0,1,1,0,0,0,children
-0.14080008595141763,0,0,-0.4842966940695625,-0.09878790441219044,0,1,0,1,0,1,1,0,0,0,0,1,Private
0.3033861660619886,0,0,-0.04383738912621202,-0.07310427024315541,0,0,1,0,0,1,1,0,0,0,1,0,Self-employed
-0.4961490875621426,0,0,-0.7720250170773476,0.5433029498136875,0,0,0,1,0,1,1,0,1,0,0,0,Private
-1.0735912151795706,0,0,-0.14735751766599295,-0.09878790441219044,0,0,0,1,0,1,0,1,0,0,1,0,Private
-1.517777467192977,0,0,0.39617857479555457,-1.5242296007936396,0,0,0,1,1,0,0,1,1,0,0,0,children
-0.18521871115275826,0,0,-0.07620128370181821,-0.6766696732154805,0,0,0,1,0,1,1,0,0,0,1,0,Private
0.9696655440820979,0,0,-0.5623247138682838,0.06815571768653746,0,0,1,0,0,1,1,0,0,1,0,0,Self-employed
0.7919910432767354,1,0,-0.8717767469336675,0.3378338764614064,0,0,0,1,0,1,0,1,0,1,0,0,Private
0.3478047912633292,0,0,1.341159962301092,-0.4198333315251294,0,0,0,1,0,1,1,0,0,1,0,0,Private
1.1473400448874604,0,0,-0.7933053861133623,0.9157156452646965,0,0,1,0,0,1,0,1,0,0,1,0,Self-employed
-1.5621960923943174,0,0,-0.695327020343377,-0.817929661145174,0,0,1,0,1,0,0,1,1,0,0,0,children
1.1473400448874604,0,0,-0.31338873024906755,-0.40699151444061216,0,0,1,0,0,1,0,1,0,1,0,0,Private
-1.1180098403809113,0,0,-0.5046903810624102,1.480755596983469,0,0,0,1,1,0,0,1,1,0,0,0,Private
-0.2740559615554395,0,0,-0.6385793695806705,0.7487720231659686,0,0,1,0,0,1,0,1,0,0,1,0,Govt_job
1.2805959204914823,0,0,-0.4854050466235215,0.5433029498136875,0,0,1,0,0,1,0,1,0,1,0,0,Private
-1.2956843411862737,0,0,-0.585821788012217,2.559468232082944,0,0,0,1,1,0,0,1,0,0,1,0,Private
0.5698979172700324,0,0,0.5728499718966368,-0.16299698983477823,0,0,1,0,0,1,1,0,0,0,1,0,Private
0.3033861660619886,0,0,-0.27304469728495606,-0.02173700190508536,0,0,1,0,0,1,1,0,0,0,1,0,Private
-1.4289402167902956,0,0,-0.2415674847525173,-0.175838806919296,0,0,1,0,1,0,0,1,0,0,1,0,children
-1.2512657159849332,0,0,0.3458593688458111,-0.24004789234188378,0,0,1,0,1,0,0,1,1,0,0,0,children
0.3478047912633292,0,0,-0.44772105978891175,0.2094157056162308,0,0,1,0,0,1,1,0,0,0,1,0,Govt_job
0.7031537928740542,0,0,-0.16110108933508602,0.11952298602460797,0,0,1,0,0,1,0,1,0,1,0,0,Govt_job
-1.2956843411862737,0,0,0.2308123737448555,-1.023398734497455,0,0,0,1,1,0,1,0,1,0,0,0,children
-1.2956843411862737,0,0,-0.47276982750838786,-0.9078223807367968,0,0,1,0,1,0,1,0,1,0,0,0,Private
1.4138517960955042,0,0,0.012023579593327047,-0.1373133556657432,0,0,1,0,0,1,1,0,1,0,0,0,Private
-1.384521591588955,0,0,0.22770898659376998,-0.3813078802715771,0,0,1,0,1,0,0,1,1,0,0,0,children
-0.4961490875621426,0,0,-0.4807499658968934,0.5689865839827221,0,0,1,0,1,0,0,1,1,0,0,0,Private
-0.4961490875621426,0,0,-0.700203771580797,-0.7537205757225861,0,0,1,0,1,0,0,1,0,0,0,1,Private
1.5026890464981855,0,0,-0.6988737485160461,-0.09878790441219044,0,1,0,1,0,1,0,1,0,1,0,0,Private
0.5254792920686917,0,1,-0.5678664766380793,-0.11162972149670818,0,0,0,1,0,1,0,1,0,0,1,0,Private
-1.2956843411862737,0,0,0.23724081855781814,0.18373207144719578,0,0,1,0,1,0,1,0,0,0,1,0,children
-0.7626608387701863,0,0,-0.3353341108174581,-0.21436425817284874,0,0,1,0,0,1,0,1,1,0,0,0,Private
0.9696655440820979,0,0,2.216536809417997,1.6476992190821977,0,0,1,0,0,1,1,0,0,0,1,0,Private
-0.096381460750077,0,0,-0.686681870422496,1.3908628773918466,0,0,0,1,1,0,1,0,0,0,0,1,Govt_job
0.5254792920686917,0,0,-0.9380562296604221,-0.1373133556657432,0,0,1,0,0,1,1,0,1,0,0,0,Private
0.8808282936794166,0,0,2.207004977453949,1.7119083045047856,1,0,1,0,0,1,1,0,0,1,0,0,Govt_job
1.6359449221022073,0,1,-0.86601331365308,-0.9206641978213145,1,0,1,0,0,1,1,0,0,1,0,0,Self-employed
-1.517777467192977,0,0,0.3642580212415323,-1.4343368812020167,0,0,0,1,1,0,0,1,1,0,0,0,children
0.258967540860648,0,0,-0.45570119817741733,-0.4455169656941649,0,0,1,0,0,1,1,0,1,0,0,0,Private
-0.7626608387701863,0,0,-0.6124222493072357,-1.1261332711735952,0,0,1,0,1,0,1,0,0,0,1,0,Private
1.0585027944847791,0,0,-0.26772460502595247,0.2993084252078536,0,0,0,1,0,1,1,0,0,1,0,0,Govt_job
-0.22963733635409886,0,0,1.2527134284951553,-0.6766696732154805,0,0,1,0,0,1,0,1,0,0,1,0,Private
-0.40731183715946134,0,0,-0.8258909511997602,0.10668116894009023,0,0,1,0,0,1,1,0,0,0,1,0,Self-employed
0.5698979172700324,0,0,-0.3603828785369339,-0.7408787586380684,0,0,1,0,0,1,0,1,1,0,0,0,Govt_job
-1.2068470907835926,0,0,-0.39474180770966627,-0.8307714782296917,0,0,1,0,1,0,0,1,0,0,1,0,Private
0.258967540860648,0,0,0.8492730988540388,0.23509933978526582,0,0,0,1,1,0,0,1,0,0,0,1,Private
0.43664204166601045,0,0,-0.7820001900629793,3.240084537562375,0,0,1,0,0,1,0,1,0,0,1,0,Private
1.1473400448874604,0,0,-0.47276982750838786,-1.1518169053426306,0,0,1,0,0,1,1,0,1,0,0,0,Private
0.03687441485394486,0,0,-0.7804484964874367,-0.4840424169477172,0,0,1,0,0,1,1,0,0,0,1,0,Private
-1.4289402167902956,0,0,0.5400427362994473,-1.4985459666246046,0,0,1,0,1,0,0,1,1,0,0,0,children
1.4582704212968447,0,0,-1.0449014158620804,-0.4198333315251294,0,0,0,1,0,1,0,1,0,0,0,1,Private
-0.40731183715946134,0,1,0.009806874485408953,-0.09878790441219044,0,1,0,1,0,1,0,1,0,1,0,0,Private
0.5254792920686917,0,0,-0.17972141224159882,2.341157341646146,0,0,0,1,0,1,1,0,0,1,0,0,Self-employed
0.03687441485394486,0,0,-0.5554529280337372,-0.09878790441219044,0,0,0,1,0,1,0,1,0,0,0,1,Private
0.39222341646466985,1,0,0.2310340442556471,0.5047774985601343,0,0,0,1,0,1,1,0,0,0,0,1,Private
1.4138517960955042,1,0,2.8533961869229016,-0.21436425817284874,0,0,0,1,0,1,0,1,0,1,0,0,Private
0.7919910432767354,0,0,-0.636806005494336,-0.24004789234188378,0,0,1,0,0,1,0,1,0,0,1,0,Self-employed
1.2805959204914823,0,0,-0.9014805953797714,-0.07310427024315541,0,0,1,0,0,1,0,1,0,0,1,0,Self-employed
-0.05196283554873638,1,0,-0.35085104657288574,0.8643483769266265,0,0,1,0,0,1,1,0,0,0,1,0,Private
1.0140841692834386,0,0,-0.27592641392524964,-0.15015517275026094,0,0,1,0,0,1,1,0,0,0,1,0,Govt_job
-0.18521871115275826,0,0,1.3052493395528166,0.6331956694053099,0,0,0,1,0,1,0,1,1,0,0,0,Private
-1.5621960923943174,0,0,-0.5864867995445925,-1.7553823083149558,0,0,1,0,1,0,0,1,1,0,0,0,children
0.8364096684780761,0,0,0.4094788054430641,0.5818284010672398,0,0,0,1,0,1,0,1,0,0,1,0,Private
0.17013029045796674,0,0,0.7856536622567858,-0.9977151003284196,0,0,1,0,0,1,0,1,0,0,1,0,Self-employed
-1.3401029663876145,0,0,-0.2768130959684171,-0.3813078802715771,0,0,1,0,1,0,1,0,1,0,0,0,children
0.43664204166601045,0,0,-0.997907267574214,-0.02173700190508536,0,0,1,0,0,1,1,0,0,0,0,1,Private
0.08129304005528548,0,0,0.21573877901101143,0.6460374864898276,0,0,0,1,0,1,0,1,0,1,0,0,Private
0.7919910432767354,0,0,1.9671574847771975,2.071479182871277,0,0,1,0,0,1,1,0,0,0,1,0,Private
1.2361772952901415,0,1,1.4444584203300808,0.8129811085885564,0,0,1,0,0,1,0,1,0,0,1,0,Private
0.5254792920686917,0,0,-1.03270953776853,1.9173773778570657,0,0,1,0,0,1,0,1,0,0,1,0,Self-employed
-0.096381460750077,0,0,-0.04428073014779557,-0.03457881898960265,0,0,1,0,0,1,0,1,0,0,1,0,Private
-0.9403353395755488,0,0,-0.41092375499746936,-0.5097260511167527,0,0,1,0,1,0,0,1,0,0,0,1,Govt_job
0.7031537928740542,0,0,-0.10191506295366949,0.13236480310912527,0,0,1,0,0,1,0,1,0,1,0,0,Govt_job
-1.2956843411862737,0,0,0.2902200706370636,0.2094157056162308,0,0,1,0,1,0,1,0,0,0,1,0,Private
0.7031537928740542,0,0,0.666173256939994,-0.201522441088331,0,0,0,1,0,1,0,1,0,0,1,0,Private
1.4582704212968447,0,0,1.9197199954677473,0.2736247910388186,0,0,0,1,0,1,0,1,0,0,1,0,Private
0.17013029045796674,0,0,0.3664747263494504,-0.6381442219619283,0,0,1,0,0,1,0,1,1,0,0,0,Govt_job
0.43664204166601045,0,0,1.8554355473381192,-0.3941496973560944,0,0,1,0,0,1,1,0,1,0,0,0,Govt_job
0.48106066686735105,0,0,-0.6995387600484215,-0.09878790441219044,0,0,1,0,0,1,0,1,0,1,0,0,Govt_job
1.5026890464981855,0,1,1.7137880909421448,-0.09878790441219044,0,1,1,0,0,1,1,0,0,0,1,0,Private
-0.22963733635409886,0,0,2.9249957619086606,-0.9848732832439023,0,0,0,1,0,1,1,0,0,0,1,0,Govt_job
1.5026890464981855,0,0,-0.7613848325593401,-0.6124605877928928,0,0,0,1,0,1,0,1,0,0,0,1,Private
-1.6954519679983393,0,0,-0.10657014368029762,-1.2673932591032886,0,0,0,1,1,0,1,0,1,0,0,0,children
-0.18521871115275826,1,0,-1.0573149644664224,1.3266537919692587,1,0,1,0,0,1,1,0,0,0,0,1,Private
0.7919910432767354,0,0,2.137400437065317,-0.09878790441219044,1,1,1,0,0,1,1,0,0,0,1,0,Self-employed
0.3478047912633292,0,0,-0.5142222130264583,-0.34278242901802436,0,0,1,0,0,1,0,1,0,1,0,0,Private
0.8364096684780761,1,0,-0.04649743525571398,0.8129811085885564,0,0,1,0,0,1,0,1,0,0,0,1,Self-employed
-0.3184745867567801,0,0,2.103484848914168,-0.3941496973560944,0,0,0,1,1,0,0,1,1,0,0,0,Private
-0.007544210347395762,0,0,0.10867192229856144,0.8643483769266265,0,0,0,1,0,1,1,0,1,0,0,0,Govt_job
-1.2956843411862737,0,0,1.8051163413883755,0.10668116894009023,0,0,0,1,1,0,0,1,1,0,0,0,Self-employed
-0.36289321195812074,0,0,-0.7531830236600425,-0.4455169656941649,0,0,1,0,1,0,0,1,1,0,0,0,Private
0.21454891565930734,0,0,0.4179022848531532,-0.3170987948489893,0,0,0,1,0,1,1,0,0,0,0,1,Govt_job
-0.007544210347395762,0,0,-0.6855735178685368,-0.2528897094264015,0,0,1,0,0,1,0,1,0,0,1,0,Private
0.258967540860648,1,0,-1.095442292322616,1.3523374261382934,0,0,1,0,0,1,0,1,0,0,0,1,Govt_job
-1.8287078436023612,0,0,-0.056250937730554104,-1.2160259907652184,0,0,0,1,1,0,1,0,1,0,0,0,children
-0.007544210347395762,0,0,-0.307846967479272,0.49193568147561745,0,0,1,0,0,1,1,0,0,1,0,0,Private
0.5698979172700324,0,0,-0.7263608918542322,0.28646660812333635,0,0,0,1,0,1,1,0,0,0,1,0,Govt_job
-0.22963733635409886,0,0,-0.4654547006522574,-0.5996187707083755,0,0,1,0,0,1,1,0,0,1,0,0,Private
0.21454891565930734,0,0,-0.34154088511962916,1.1725519869550478,0,0,1,0,0,1,0,1,0,0,0,1,Self-employed
-1.5621960923943174,0,0,-0.3160487763785695,-1.395811429948464,0,0,0,1,1,0,0,1,1,0,0,0,children
0.39222341646466985,0,0,0.32058893061554333,-0.08594608732767316,0,0,1,0,0,1,0,1,1,0,0,0,Private
0.7919910432767354,1,1,-0.43730254578169614,0.7616138402504855,0,0,0,1,0,1,1,0,0,0,1,0,Govt_job
1.0585027944847791,1,0,-0.1934649839106919,0.26078297395430083,0,0,1,0,0,1,0,1,0,0,1,0,Private
0.7475724180753948,0,0,-0.11632364615513774,0.15804843727816073,0,0,0,1,0,1,0,1,0,0,1,0,Govt_job
0.21454891565930734,0,0,0.20243854836350225,0.04247208351750244,0,0,1,0,0,1,1,0,1,0,0,0,Private
0.3033861660619886,0,0,-0.6886769050196224,-0.047420636074120386,0,0,1,0,0,1,0,1,0,0,1,0,Govt_job
1.547107671699526,0,0,0.2935451282989411,0.2736247910388186,0,0,1,0,0,1,0,1,0,0,1,0,Private
0.43664204166601045,1,1,2.005284812633391,-0.5097260511167527,0,0,1,0,0,1,0,1,0,0,0,1,Private
1.6359449221022073,0,0,-0.06400940560826775,-0.27857334359543656,0,0,1,0,0,1,1,0,1,0,0,0,Private
0.3478047912633292,0,0,-0.541044344832269,0.6717211206588631,0,0,1,0,0,1,0,1,0,0,0,1,Govt_job
-0.096381460750077,0,0,2.750319399404705,0.8129811085885564,0,0,1,0,0,1,1,0,0,0,0,1,Govt_job
-1.4289402167902956,0,0,0.03086557301063211,-0.16299698983477823,0,0,1,0,1,0,0,1,1,0,0,0,children
1.6359449221022073,0,0,-0.7148340252930572,-0.6253024048774105,1,0,1,0,0,1,0,1,1,0,0,0,Private
-0.8514980891728676,0,0,-0.6773717089692394,0.016788449348467408,0,0,1,0,0,1,0,1,0,0,1,0,Private
0.03687441485394486,0,0,-0.8103740154443325,-0.02173700190508536,0,0,0,1,0,1,1,0,0,0,0,1,Govt_job
0.7919910432767354,0,0,0.3895284594718,0.5818284010672398,0,0,1,0,0,1,1,0,0,0,1,0,Private
-1.8287078436023612,0,0,-0.8261126217105521,-1.0362405515819724,0,0,0,1,1,0,1,0,1,0,0,0,children
-1.1180098403809113,0,0,-0.07110286195360621,0.24794115686978355,0,0,0,1,1,0,1,0,0,0,1,0,Private
-0.8959167143742082,0,0,-0.9054706645740244,-1.2930768932723236,0,0,1,0,1,0,0,1,0,0,1,0,Private
0.39222341646466985,0,0,-0.14824419970916036,0.02963026643298515,0,0,1,0,0,1,0,1,1,0,0,0,Private
0.3033861660619886,0,0,-0.08728480924140931,-0.4840424169477172,0,0,0,1,0,1,0,1,0,0,0,1,Self-employed
-1.8375915686426294,0,0,-0.07642295421260983,-1.5242296007936396,0,0,1,0,1,0,0,1,1,0,0,0,children
-0.007544210347395762,0,0,-0.7416561570988679,0.941399279433732,0,0,0,1,0,1,0,1,0,0,0,1,Private
1.2361772952901415,0,0,0.05857438685960986,0.5047774985601343,0,0,0,1,0,1,0,1,0,0,0,1,Private
-1.8446985486748437,0,0,-0.33356074673112357,-1.1518169053426306,0,0,1,0,1,0,0,1,1,0,0,0,children
0.48106066686735105,0,0,-0.7890936464083178,1.313811974884741,0,0,1,0,0,1,1,0,0,0,0,1,Private
0.5254792920686917,0,0,-0.8968255146531433,0.10668116894009023,0,0,0,1,0,1,0,1,1,0,0,0,Govt_job
1.2361772952901415,0,0,-0.30895532003323134,-0.16299698983477823,0,0,1,0,0,1,1,0,0,1,0,0,Private
-1.2956843411862737,0,0,0.41236052208335766,0.6588793035743453,0,0,1,0,1,0,0,1,1,0,0,0,Self-employed
-0.40731183715946134,0,0,-1.034039560833281,1.4422301457299167,0,0,1,0,0,1,1,0,0,0,1,0,Private
-0.451730462360802,0,0,-0.5669797945949122,-0.1373133556657432,0,0,1,0,1,0,1,0,0,1,0,0,Private
-0.096381460750077,0,1,1.7900427466545314,1.3009701578002233,0,0,1,0,1,0,1,0,0,1,0,0,Private
0.3478047912633292,0,0,-0.2318139822776772,-0.12447153858122592,0,0,1,0,0,1,0,1,0,0,1,0,Govt_job
-1.3401029663876145,0,0,-0.3366641338822091,-1.5370714178781575,0,0,0,1,1,0,1,0,0,0,1,0,Private
0.6587351676727136,1,0,-0.3951851487312501,1.3266537919692587,0,0,0,1,0,1,0,1,0,0,1,0,Private
-0.8514980891728676,0,0,-0.939607923235965,-1.1004496370045602,0,0,1,0,1,0,0,1,0,0,0,1,Govt_job
-0.2740559615554395,0,0,-0.806162275739288,0.5304611327291697,0,0,1,0,0,1,0,1,0,0,1,0,Private
-0.14080008595141763,0,0,0.021555411557375545,-0.6124605877928928,0,0,1,0,0,1,0,1,0,1,0,0,Self-employed
-1.3401029663876145,0,0,0.3678047494142013,-1.1004496370045602,0,0,0,1,1,0,0,1,1,0,0,0,children
-0.451730462360802,0,0,-0.3934117846449153,0.18373207144719578,0,0,0,1,0,1,1,0,0,1,0,0,Private
-0.2740559615554395,0,0,-0.3696930399901905,-0.6124605877928928,0,0,1,0,1,0,0,1,0,0,1,0,Private
0.8808282936794166,0,0,-0.3484126709541757,1.0184501819408367,0,0,0,1,0,1,0,1,1,0,0,0,Private
0.1257116652566261,1,0,-0.08551144515507446,0.6588793035743453,0,0,0,1,0,1,0,1,1,0,0,0,Self-employed
-1.2068470907835926,0,0,-0.5062420746379528,-0.9591896490748673,0,0,0,1,1,0,0,1,0,0,1,0,Private
1.6803635473035479,0,0,-0.3300140185584542,0.2993084252078536,0,0,1,0,0,1,0,1,0,1,0,0,Self-employed
0.08129304005528548,0,0,0.9612167068039091,0.5946702181517576,0,0,1,0,0,1,1,0,1,0,0,0,Self-employed
0.258967540860648,0,0,1.4506651946322517,0.7102465719124154,1,0,1,0,0,1,0,1,0,0,0,1,Private
1.547107671699526,0,1,-0.7886503053867342,-0.52256786820127,0,0,1,0,0,1,0,1,0,0,1,0,Govt_job
0.21454891565930734,0,0,-0.9223176233942026,0.4148847789685119,0,0,0,1,1,0,1,0,0,0,1,0,Self-employed
0.5254792920686917,0,0,-0.29255170223463633,0.9927665477718021,0,0,0,1,0,1,0,1,0,0,1,0,Govt_job
0.6587351676727136,1,0,0.010693556528576065,-0.03457881898960265,0,0,0,1,0,1,1,0,0,0,1,0,Private
-1.02917258997823,0,0,-0.5820533893287559,-0.09878790441219044,0,1,1,0,1,0,1,0,0,0,1,0,Govt_job
0.7475724180753948,0,0,-0.18526317501139436,-0.3170987948489893,1,0,1,0,0,1,0,1,0,0,0,1,Private
0.48106066686735105,0,0,-0.18127310581714173,0.4148847789685119,0,0,1,0,0,1,1,0,0,0,0,1,Private
-0.6738235883675051,0,0,1.1230361796819388,-0.5867769536238577,0,0,0,1,0,1,0,1,0,0,1,0,Self-employed
1.7247821725048884,0,0,-1.0870188129125264,-1.0105569174129374,0,0,0,1,0,1,1,0,0,0,1,0,Self-employed
0.6143165424713729,0,0,2.7824616234695188,0.44056841313754647,0,0,1,0,0,1,0,1,0,0,1,0,Private
0.5254792920686917,0,0,-0.6498845656310536,0.22225752270074853,0,0,0,1,0,1,0,1,1,0,0,0,Self-employed
1.0140841692834386,0,0,0.049707566427936854,-0.21436425817284874,0,0,0,1,1,0,0,1,0,0,1,0,Private
-0.096381460750077,0,0,-0.27193634473099704,0.3378338764614064,0,0,0,1,0,1,1,0,1,0,0,0,Self-employed
-1.73987059319968,0,0,-0.5301824898034695,-1.3187605274413585,0,0,0,1,1,0,0,1,1,0,0,0,children
1.6803635473035479,0,1,-0.8316543844803477,-0.496884234032235,0,0,0,1,0,1,1,0,1,0,0,0,Self-employed
-1.1624284655822519,0,0,-0.9302977617827084,-1.2160259907652184,0,0,0,1,1,0,1,0,0,0,0,1,Private
-0.096381460750077,0,0,-0.3176004699541124,0.0809975347710552,0,0,1,0,0,1,1,0,0,0,1,0,Private
0.3478047912633292,0,0,2.5426141307927677,1.8274846582654434,0,0,0,1,0,1,0,1,1,0,0,0,Govt_job
-0.096381460750077,0,0,-0.6857951883793288,-0.52256786820127,0,0,1,0,0,1,0,1,0,1,0,0,Private
1.2361772952901415,0,0,-0.5640980779546183,0.04247208351750244,0,0,1,0,0,1,0,1,0,0,1,0,Private
-0.22963733635409886,0,0,-0.06533942867301873,-0.8307714782296917,0,0,1,0,0,1,0,1,0,0,1,0,Govt_job
0.08129304005528548,0,0,1.4750489508193527,2.110004634124829,0,0,1,0,0,1,0,1,0,1,0,0,Private
1.0140841692834386,0,0,1.0248361434011621,1.9687446461951368,0,0,1,0,0,1,1,0,0,1,0,0,Govt_job
-1.6510333427969988,0,0,0.03574232424805217,-1.4343368812020167,0,0,1,0,1,0,0,1,1,0,0,0,children
0.258967540860648,0,0,-0.8476146612573588,-1.4471786982865342,0,0,1,0,0,1,0,1,0,1,0,0,Private
0.9252469188807573,0,0,-0.9659867140201917,-0.07310427024315541,0,0,0,1,0,1,0,1,1,0,0,0,Private
1.547107671699526,1,0,0.6431195238176447,0.6075120352362753,1,0,0,1,0,1,1,0,1,0,0,0,Self-employed
1.547107671699526,0,0,0.8353078566741541,-0.16299698983477823,0,0,0,1,0,1,0,1,0,1,0,0,Govt_job
-1.4733588419916364,0,0,-0.28102483567346165,-1.8324332108220611,0,0,0,1,1,0,1,0,1,0,0,0,children
1.1473400448874604,1,0,2.270181073029618,0.4790938643910997,0,0,1,0,0,1,0,1,0,1,0,0,Govt_job
-0.14080008595141763,0,0,-0.5171039296667522,-0.4583587827786822,0,0,0,1,0,1,0,1,0,0,0,1,Govt_job
-1.8287078436023612,0,0,1.0939973427682101,-1.9480095645827191,0,0,1,0,1,0,1,0,1,0,0,0,children
-1.5621960923943174,0,0,-0.23048395921292622,-1.0876078199200427,0,0,1,0,1,0,0,1,1,0,0,0,children
1.5915262969008666,0,0,0.5777267231340568,-0.3813078802715771,0,0,1,0,0,1,1,0,1,0,0,0,Self-employed
0.17013029045796674,0,0,0.22593562250743543,-0.16299698983477823,0,0,1,0,0,1,1,0,1,0,0,0,Private
-0.18521871115275826,0,0,0.2492110261405767,1.4679137798989512,0,0,0,1,0,1,1,0,0,1,0,0,Private
1.5026890464981855,0,0,-0.5038036990192427,-0.24004789234188378,0,0,0,1,0,1,0,1,1,0,0,0,Self-employed
0.6587351676727136,0,1,2.9881718574843297,0.32499205937688863,1,0,0,1,0,1,1,0,0,0,0,1,Private
-0.9847539647768895,0,0,-0.3878700218751197,0.9927665477718021,0,0,0,1,1,0,1,0,0,0,0,1,Private
-0.22963733635409886,0,0,-0.476094885170265,-0.3813078802715771,0,0,1,0,0,1,1,0,0,0,0,1,Private
-0.007544210347395762,0,0,-0.4820799889616441,0.22225752270074853,0,0,1,0,0,1,1,0,1,0,0,0,Private
1.4582704212968447,1,0,-0.5683098176596628,0.7744556573350032,0,0,0,1,0,1,1,0,0,1,0,0,Private
0.9696655440820979,0,0,-0.03696560329166548,-0.18868062400381372,0,0,1,0,0,1,0,1,0,0,1,0,Private
-1.2956843411862737,0,0,1.305914351085192,-0.3299406119335066,0,0,0,1,1,0,1,0,1,0,0,0,Private
0.5254792920686917,0,0,2.1728677187920082,0.6460374864898276,0,0,0,1,0,1,0,1,0,1,0,0,Private
-1.7842892184010206,0,0,-0.5576696331416556,-1.6654895887233327,0,0,1,0,1,0,1,0,1,0,0,0,children
-0.9847539647768895,0,0,-1.0338178903224893,-0.8050878440606561,0,0,1,0,0,1,0,1,0,0,1,0,Private
-0.007544210347395762,0,0,-0.473434839040763,0.145206620193643,0,0,0,1,1,0,0,1,0,0,0,1,Govt_job
0.43664204166601045,0,0,-0.48496170560193796,0.9927665477718021,0,0,1,0,0,1,1,0,1,0,0,0,Private
1.547107671699526,0,1,2.2351571323245105,-0.11162972149670818,0,0,0,1,0,1,1,0,0,1,0,0,Self-employed
0.258967540860648,0,0,-1.101205725603203,-0.02173700190508536,0,0,1,0,0,1,1,0,0,0,0,1,Private
0.48106066686735105,0,0,2.2610925820871532,1.2496028894621531,0,0,1,0,0,1,0,1,0,0,1,0,Private
0.43664204166601045,0,0,-0.7350060417751133,4.870995307296105,0,0,1,0,0,1,1,0,1,0,0,0,Private
-1.8820101938439702,0,0,-0.15777603167320856,-1.460020515371052,0,0,0,1,1,0,1,0,1,0,0,0,children
1.2361772952901415,1,0,-0.0014983215649740846,0.02963026643298515,0,0,1,0,0,1,1,0,0,1,0,0,Govt_job
0.39222341646466985,0,0,-0.4865133991774806,0.7872974744195209,0,0,1,0,0,1,0,1,1,0,0,0,Private
0.43664204166601045,0,0,-0.9311844438258756,-0.3813078802715771,0,0,1,0,0,1,0,1,0,0,1,0,Self-employed
1.3694331708941636,1,1,-0.7913103515162359,-0.18868062400381372,1,0,0,1,0,1,1,0,0,0,1,0,Private
-0.22963733635409886,1,0,0.28290494378093356,1.2239192552931177,0,0,1,0,0,1,1,0,0,0,0,1,Private
0.08129304005528548,0,0,-0.23380901687480365,1.4550719628144344,0,0,1,0,0,1,1,0,1,0,0,0,Govt_job
-0.9403353395755488,0,0,-0.9526864833726824,-0.9720314661593845,0,0,1,0,1,0,1,0,0,0,1,0,Private
1.5915262969008666,0,0,-0.5931369148683471,-2.2562131746111405,0,0,1,0,0,1,0,1,1,0,0,0,Self-employed
-1.8287078436023612,0,0,0.4409560179755029,-1.1261332711735952,0,0,1,0,1,0,1,0,1,0,0,0,children
-0.807079463971527,0,0,-0.6095405326669417,-0.09878790441219044,0,1,0,1,0,1,1,0,0,0,0,1,Private
0.08129304005528548,0,0,-0.3674763348822724,-0.9335060149058317,0,0,1,0,0,1,1,0,0,1,0,0,Private
-0.096381460750077,0,0,0.3469677213997701,-1.0876078199200427,0,0,1,0,0,1,1,0,0,0,1,0,Private
1.2361772952901415,0,1,2.1988031685546514,-0.09878790441219044,0,1,0,1,0,1,0,1,0,1,0,0,Private
-0.8959167143742082,0,0,-0.1269638306731453,-0.03457881898960265,0,0,1,0,1,0,1,0,0,0,1,0,Private
1.2361772952901415,0,0,-0.23735574504747273,0.3378338764614064,0,0,0,1,1,0,0,1,0,0,1,0,Private
-0.36289321195812074,0,0,0.0508159189818959,0.22225752270074853,0,0,0,1,0,1,1,0,0,1,0,0,Private
1.1029214196861197,0,1,-0.21385867090353955,-0.27857334359543656,0,0,0,1,0,1,1,0,0,0,1,0,Private
1.3250145456928228,0,0,2.2810429280584175,0.145206620193643,0,0,0,1,0,1,1,0,1,0,0,0,Govt_job
-1.8855636838600773,0,0,0.14192249891733474,-1.1261332711735952,0,0,1,0,1,0,1,0,1,0,0,0,children
0.5254792920686917,0,0,-0.474764862105514,-0.8564551123987267,0,0,1,0,0,1,0,1,1,0,0,0,Private
-1.4733588419916364,0,0,0.0508159189818959,-1.7040150399768856,0,0,0,1,1,0,0,1,1,0,0,0,children
-0.5405677127634833,0,0,-0.07531460165865078,-0.7665623928071039,0,0,1,0,1,0,0,1,0,0,0,1,Private
1.0585027944847791,0,0,-0.5343942295085141,0.19657388853171304,0,0,1,0,0,1,1,0,0,0,1,0,Private
1.2361772952901415,0,0,-1.0941122692578649,0.04247208351750244,0,0,0,1,0,1,1,0,0,1,0,0,Self-employed
0.08129304005528548,0,0,-0.3710230630549414,-0.1373133556657432,0,0,1,0,0,1,0,1,0,1,0,0,Private
-0.4961490875621426,0,0,-0.8334277485666822,-0.9977151003284196,0,0,1,0,1,0,0,1,0,0,1,0,Private
-0.5849863379648238,0,0,0.17871980370877713,0.6588793035743453,0,0,1,0,0,1,0,1,0,0,1,0,Govt_job
1.547107671699526,0,0,-0.5751816034942094,-0.3813078802715771,0,0,0,1,0,1,1,0,0,0,1,0,Private
1.7247821725048884,1,1,-0.09371325405437197,0.3378338764614064,0,0,1,0,0,1,0,1,0,0,1,0,Self-employed
0.258967540860648,0,0,0.03574232424805217,-0.27857334359543656,0,0,1,0,0,1,1,0,0,0,0,1,Private
-1.8287078436023612,0,0,-0.5649847599977857,-0.9848732832439023,0,0,1,0,1,0,1,0,1,0,0,0,children
0.9696655440820979,0,0,2.037205366187413,-0.06026245315863813,0,0,0,1,0,1,0,1,0,0,0,1,Private
1.4582704212968447,0,0,2.2497873860367705,0.7744556573350032,1,0,1,0,0,1,0,1,1,0,0,0,Private
-1.6954519679983393,0,0,0.1401491348310002,-1.1261332711735952,0,0,0,1,1,0,0,1,1,0,0,0,children
-0.9847539647768895,0,0,0.9778419951132958,-0.7023533073845161,0,0,1,0,0,1,1,0,1,0,0,0,Private
-0.18521871115275826,0,0,-0.6106488852209011,-0.03457881898960265,0,0,1,0,0,1,0,1,1,0,0,0,Private
0.1257116652566261,0,0,-0.7684782889046782,-0.201522441088331,0,0,1,0,0,1,0,1,0,0,1,0,Self-employed
-1.2956843411862737,0,0,-0.4738781800623469,0.6460374864898276,0,0,0,1,1,0,1,0,0,0,1,0,Private
-0.5405677127634833,0,0,-0.3499643645297183,1.2496028894621531,0,0,1,0,0,1,0,1,0,0,1,0,Private
1.2805959204914823,0,0,-0.1744013199825952,-0.2528897094264015,1,0,1,0,0,1,1,0,0,0,0,1,Private
-0.7182422135688457,0,0,-0.6815834486742839,-0.5610933194548228,0,0,1,0,1,0,1,0,0,0,1,0,Private
-0.18521871115275826,0,0,-0.4654547006522574,0.8771901940111442,0,0,1,0,0,1,1,0,0,0,1,0,Private
1.4582704212968447,1,0,2.655887761807388,0.016788449348467408,0,0,0,1,0,1,1,0,0,0,1,0,Private
-1.3401029663876145,0,0,-0.9996806316605488,-0.6253024048774105,0,0,1,0,1,0,1,0,0,0,0,1,Private
0.5698979172700324,0,0,0.1643112205073089,1.262444706546671,0,0,1,0,0,1,0,1,0,0,0,1,Private
-0.40731183715946134,0,0,-0.4118104370406368,1.2239192552931177,0,0,1,0,1,0,1,0,1,0,0,0,Private
-0.40731183715946134,0,0,1.125696225811441,-0.06026245315863813,0,0,1,0,1,0,1,0,1,0,0,0,Private
0.7031537928740542,0,0,0.13748908870149823,0.8515065598421088,0,0,1,0,0,1,1,0,0,1,0,0,Govt_job
-1.1180098403809113,0,0,-0.1861498570545618,-0.7794042098916212,0,0,0,1,1,0,0,1,0,0,1,0,Private
-1.3401029663876145,0,0,-0.44284430855149165,-1.3187605274413585,0,0,1,0,1,0,1,0,1,0,0,0,children
-0.6738235883675051,0,0,-0.1934649839106919,-0.7280369415535511,0,0,1,0,0,1,1,0,1,0,0,0,Private
0.1257116652566261,0,0,-0.5024736759544918,0.09383935185557295,0,0,0,1,0,1,0,1,0,1,0,0,Self-employed
-0.14080008595141763,0,0,-0.15046090481707847,-0.496884234032235,0,0,1,0,1,0,1,0,0,0,1,0,Private
1.5915262969008666,0,0,0.11221865047123052,-0.6124605877928928,1,0,1,0,0,1,0,1,0,1,0,0,Private
1.2805959204914823,0,0,-0.04450240065858751,0.49193568147561745,0,0,1,0,0,1,0,1,0,1,0,0,Self-employed
0.9252469188807573,0,0,0.49327025852237255,0.6588793035743453,0,0,1,0,0,1,1,0,0,0,0,1,Self-employed
-0.5405677127634833,0,0,-1.0930039167039058,-0.34278242901802436,0,0,1,0,0,1,0,1,0,1,0,0,Private
0.08129304005528548,0,0,0.3274607164500899,0.35067569354592415,0,0,1,0,1,0,1,0,0,0,1,0,Private
-0.7626608387701863,0,0,-1.0222910237613145,-0.5610933194548228,0,0,1,0,1,0,0,1,0,0,0,1,Govt_job
0.8808282936794166,0,0,-1.0633000682578015,-0.00889518482056762,0,0,0,1,0,1,1,0,0,1,0,0,Private
-0.4961490875621426,0,0,-0.974410193430281,0.31215024229237137,0,0,1,0,0,1,1,0,0,0,1,0,Private
0.3478047912633292,0,0,-0.6365843349835444,0.4148847789685119,0,0,0,1,0,1,1,0,0,1,0,0,Private
-0.6738235883675051,0,0,-0.6911152806383324,0.49193568147561745,0,0,0,1,1,0,0,1,1,0,0,0,Private
0.6587351676727136,0,0,-1.0688418310275971,-0.2657315265109188,0,0,1,0,0,1,1,0,1,0,0,0,Self-employed
-1.73987059319968,0,0,-0.5022520054437001,-1.5499132349626747,0,0,0,1,1,0,0,1,1,0,0,0,children
0.48106066686735105,0,0,-0.6789234025447822,1.1725519869550478,0,0,1,0,0,1,0,1,0,0,1,0,Private
0.258967540860648,0,0,-0.6791450730555739,-0.496884234032235,0,0,1,0,0,1,0,1,1,0,0,0,Self-employed
-0.8514980891728676,0,0,0.4012769965437666,-0.6124605877928928,0,0,1,0,1,0,1,0,0,0,0,1,Private
-0.14080008595141763,0,0,-0.7667049248183436,-0.22720607525736602,0,0,1,0,0,1,0,1,0,0,1,0,Private
-1.4289402167902956,0,0,-0.7228141636815628,-0.16299698983477823,0,0,0,1,1,0,0,1,0,0,1,0,children
1.1473400448874604,0,0,-0.2894483150835508,-0.15015517275026094,0,0,0,1,0,1,0,1,0,0,1,0,Self-employed
-1.5621960923943174,0,0,-0.5377192871703915,-1.806749576653026,0,0,1,0,1,0,0,1,1,0,0,0,children
0.9696655440820979,0,0,-0.6279391850626632,0.26078297395430083,0,0,1,0,0,1,0,1,0,1,0,0,Self-employed
1.5915262969008666,0,1,-0.38299327063769967,-0.5610933194548228,0,0,1,0,0,1,1,0,0,0,1,0,Private
-1.517777467192977,0,0,-0.4607996199256293,-1.6526477716388153,0,0,1,0,1,0,0,1,1,0,0,0,children
-0.8959167143742082,0,0,-0.8101523449335409,2.84198820794233,0,0,1,0,1,0,1,0,0,0,1,0,Private
-1.2068470907835926,0,0,-0.07730963625577726,-0.8949805636522795,0,0,0,1,1,0,0,1,1,0,0,0,children
-0.9847539647768895,0,0,-0.28346321129217167,-0.40699151444061216,0,0,1,0,1,0,1,0,0,0,1,0,Private
1.1029214196861197,1,1,3.14156785095227,1.4935974140679866,1,0,1,0,0,1,0,1,0,1,0,0,Private
-1.6954519679983393,0,0,-0.5740732509402504,-1.9351677474982014,0,0,0,1,1,0,0,1,1,0,0,0,children
-0.40731183715946134,0,0,-0.7323459956456113,-0.8564551123987267,0,0,0,1,1,0,0,1,1,0,0,0,Govt_job
0.3033861660619886,0,0,0.37002145452211976,0.9028738281801788,0,0,0,1,0,1,1,0,0,0,0,1,Private
-0.6294049631661645,0,0,1.9511972080001863,2.3026318903925924,0,0,0,1,0,1,0,1,0,0,1,0,Private
1.6803635473035479,0,0,-1.0721668886894744,0.6203538523207931,0,0,1,0,1,0,0,1,0,0,1,0,Self-employed
-0.2740559615554395,0,0,-0.6283825260842468,-0.9591896490748673,0,0,1,0,0,1,1,0,0,1,0,0,Self-employed
0.6587351676727136,0,1,2.650345999037593,-0.3042569777644716,0,0,0,1,0,1,1,0,0,0,0,1,Private
0.17013029045796674,0,0,-0.6729382987534028,0.9670829136027665,0,0,1,0,0,1,1,0,0,0,0,1,Private
1.3694331708941636,0,0,1.1773454548259357,0.4534102302220642,0,0,1,0,0,1,0,1,0,1,0,0,Private
1.7247821725048884,0,0,2.1014898143170417,0.016788449348467408,1,0,0,1,0,1,0,1,0,1,0,0,Govt_job
-1.384521591588955,0,0,-0.924534328502121,-1.3701277957794291,0,0,0,1,1,0,0,1,1,0,0,0,children
1.191758670088801,0,0,2.408725142274507,0.2993084252078536,0,0,1,0,0,1,1,0,0,0,1,0,Self-employed
-0.18521871115275826,0,0,-0.4867350696882725,0.18373207144719578,0,0,1,0,0,1,1,0,0,0,1,0,Private
1.6803635473035479,1,0,-0.5621030433574918,0.10668116894009023,1,0,1,0,0,1,1,0,0,0,1,0,Private
0.48106066686735105,0,0,-0.18437649296822725,-0.27857334359543656,0,0,1,0,0,1,1,0,0,0,1,0,Private
-0.8514980891728676,0,0,2.0915146413314094,1.1340265357014954,0,0,0,1,1,0,1,0,0,0,0,1,Private
0.21454891565930734,0,0,0.17849813319798552,-0.8949805636522795,0,0,0,1,0,1,1,0,0,0,1,0,Private
-1.1624284655822519,1,0,-0.9779569216029501,8.826274969327512,0,0,0,1,1,0,1,0,1,0,0,0,Private
0.43664204166601045,0,0,-0.5997870301921017,-0.7151951244690333,0,0,0,1,0,1,1,0,0,0,1,0,Govt_job
1.547107671699526,1,0,-1.0446797453512886,-1.6012805033007451,0,0,1,0,0,1,1,0,0,0,1,0,Private
-0.4961490875621426,0,0,-0.10324508601842047,1.9302191949415834,0,0,1,0,0,1,0,1,0,1,0,0,Govt_job
1.547107671699526,1,1,2.690468361490913,1.6476992190821977,0,0,1,0,0,1,0,1,0,0,1,0,Private
-0.40731183715946134,0,0,-1.0069957585166789,-0.6124605877928928,0,0,1,0,1,0,0,1,0,0,1,0,Govt_job
-1.7842892184010206,0,0,-0.8764318276602956,-1.6783314058078502,0,0,1,0,1,0,0,1,1,0,0,0,children
0.7475724180753948,0,0,2.6920200550664553,1.429388328645399,0,0,0,1,0,1,0,1,0,1,0,0,Self-employed
0.5254792920686917,0,0,-0.24467087190360282,-0.12447153858122592,0,0,1,0,0,1,1,0,0,0,0,1,Self-employed
0.48106066686735105,0,0,0.07719470976612268,1.9173773778570657,0,0,1,0,0,1,1,0,0,1,0,0,Private
-1.4289402167902956,0,0,-0.29122167916988534,-1.691173222892368,0,0,1,0,1,0,0,1,0,0,1,0,children
-1.8287078436023612,0,0,-0.8828602724732586,-1.1775005395116656,0,0,1,0,1,0,1,0,1,0,0,0,children
1.1473400448874604,0,0,-0.2526510102921084,-0.7794042098916212,1,0,1,0,1,0,0,1,0,0,1,0,Private
0.3033861660619886,0,0,0.10955860434172887,-0.02173700190508536,0,0,0,1,0,1,0,1,0,0,0,1,Govt_job
-1.4289402167902956,0,0,0.7991755634150872,-0.7151951244690333,0,0,0,1,1,0,0,1,1,0,0,0,children
0.8808282936794166,0,0,2.7908851028796082,3.496920879252726,0,0,0,1,0,1,1,0,0,1,0,0,Govt_job
-0.9403353395755488,0,0,0.565534845040507,-0.24004789234188378,0,0,0,1,0,1,0,1,0,0,1,0,Govt_job
0.8808282936794166,0,0,-1.1131759331859616,-0.2657315265109188,0,0,1,0,0,1,1,0,0,1,0,0,Govt_job
-1.6954519679983393,0,0,-0.08772815026299287,-0.7922460269761389,0,0,0,1,1,0,0,1,1,0,0,0,children
-1.6954519679983393,0,0,-0.5148872245588338,-1.5755968691317097,0,0,1,0,1,0,0,1,1,0,0,0,children
1.3250145456928228,0,0,-0.5785066611560868,-0.09878790441219044,0,1,1,0,0,1,1,0,0,1,0,0,Self-employed
0.17013029045796674,0,0,1.9910978999427145,-0.09878790441219044,0,1,1,0,0,1,1,0,0,0,1,0,Self-employed
0.9252469188807573,0,0,0.1924633753778702,0.35067569354592415,0,0,1,0,0,1,1,0,0,0,0,1,Self-employed
-0.22963733635409886,0,0,2.436212285612693,1.2496028894621531,0,0,0,1,0,1,0,1,0,1,0,0,Private
-1.2512657159849332,0,0,0.3505144495724392,-0.7794042098916212,0,0,1,0,1,0,0,1,0,0,1,0,Private
-0.8514980891728676,0,0,-0.584491764947466,-0.9591896490748673,0,0,1,0,1,0,0,1,0,0,1,0,Self-employed
0.8364096684780761,0,0,2.6731780616491503,2.379682792899698,0,0,1,0,0,1,1,0,0,0,1,0,Private
0.7475724180753948,1,0,2.85317451641211,1.904535560772549,0,0,1,0,0,1,0,1,0,0,1,0,Private
0.17013029045796674,0,0,2.1910447006769376,1.8660101095189958,0,0,1,0,0,1,1,0,0,0,1,0,Private
1.1473400448874604,0,1,1.9826744205326248,-0.07310427024315541,1,0,0,1,0,1,0,1,0,0,0,1,Self-employed
-1.4289402167902956,0,0,-0.13294893446452438,-1.113291454089078,0,0,0,1,1,0,0,1,1,0,0,0,children
1.6359449221022073,0,0,0.9558966145449053,-0.07310427024315541,0,0,1,0,0,1,1,0,0,0,1,0,Private
0.17013029045796674,0,0,-0.6758200153936967,-0.496884234032235,0,0,0,1,0,1,1,0,0,1,0,0,Private
0.03687441485394486,0,0,-0.9351745130201284,1.0826592673634243,0,0,0,1,0,1,0,1,0,0,1,0,Private
-1.02917258997823,0,0,0.47420659459427617,0.2736247910388186,0,0,1,0,1,0,0,1,1,0,0,0,Private
1.6803635473035479,0,0,-0.7310159725808604,-0.3299406119335066,1,0,0,1,0,1,0,1,0,0,1,0,Private
-0.451730462360802,0,0,2.5310872642315925,1.3780210603073288,0,0,0,1,0,1,1,0,0,0,1,0,Private
-1.7842892184010206,0,0,0.09781006726976227,-0.9078223807367968,0,0,0,1,1,0,1,0,1,0,0,0,children
-0.3184745867567801,0,0,-0.8848553070703847,0.42772659605302965,0,0,0,1,0,1,0,1,0,1,0,0,Govt_job
0.03687441485394486,0,0,0.34741106242135367,1.480755596983469,0,0,1,0,0,1,0,1,1,0,0,0,Private
-0.05196283554873638,0,0,-0.5718565458323323,-0.3299406119335066,0,0,1,0,0,1,1,0,0,0,1,0,Self-employed
1.4582704212968447,1,1,-0.08218638749319732,0.2736247910388186,0,0,1,0,0,1,1,0,0,0,0,1,Private
0.17013029045796674,0,0,-0.23824242709063986,-0.02173700190508536,0,0,0,1,0,1,0,1,0,0,1,0,Self-employed
0.5254792920686917,0,0,0.28600833093201905,-0.3170987948489893,0,0,0,1,0,1,1,0,1,0,0,0,Private
-0.5849863379648238,0,0,-0.2076518966013685,-0.8050878440606561,0,0,1,0,1,0,0,1,1,0,0,0,Private
-1.517777467192977,0,0,0.4278774578387853,-1.7296986741459206,0,0,1,0,1,0,1,0,1,0,0,0,children
0.08129304005528548,1,0,-0.44927275336445466,0.9670829136027665,0,0,0,1,1,0,1,0,0,0,1,0,Private
0.03687441485394486,0,0,-0.24555755394677026,-0.06026245315863813,0,0,0,1,0,1,1,0,0,0,0,1,Private
0.21454891565930734,0,0,-0.8374178177609348,-0.15015517275026094,0,0,1,0,0,1,1,0,0,0,1,0,Private
-0.14080008595141763,0,0,-0.23824242709063986,1.7375919386738201,0,0,1,0,0,1,1,0,0,0,1,0,Private
-1.1624284655822519,0,0,-0.9422679693654668,1.4550719628144344,0,0,0,1,1,0,0,1,1,0,0,0,Private
1.1473400448874604,1,0,0.15300602445692585,0.5946702181517576,0,0,1,0,0,1,1,0,0,1,0,0,Private
-0.451730462360802,0,0,0.4039370426732686,-0.7922460269761389,0,0,1,0,0,1,1,0,1,0,0,0,Private
-1.1180098403809113,0,0,-0.7735767106528901,-1.1646587224271479,0,0,1,0,1,0,0,1,0,0,1,0,Private
-1.2068470907835926,0,0,-0.6811401076527004,-0.6895114902999984,0,0,1,0,1,0,0,1,0,0,1,0,Private
-1.02917258997823,0,0,-0.46922309933571843,-1.1775005395116656,0,0,1,0,1,0,0,1,0,0,0,1,Private
-0.5405677127634833,0,0,0.007590169377490543,-0.8307714782296917,0,0,1,0,1,0,0,1,0,0,1,0,Private
-0.096381460750077,0,0,0.17428639349294095,2.6236773175055315,0,0,0,1,0,1,1,0,0,0,1,0,Private
-0.8514980891728676,0,0,1.195079095689281,-0.40699151444061216,0,0,1,0,1,0,1,0,1,0,0,0,Private
0.43664204166601045,0,0,-0.7381094289261988,1.2367610723776354,0,0,1,0,0,1,1,0,0,0,1,0,Self-employed
-1.1624284655822519,0,0,0.38243500312646184,0.09383935185557295,0,0,0,1,1,0,0,1,0,0,1,0,Govt_job
-1.7842892184010206,0,0,-0.10812183725584053,-1.395811429948464,0,0,0,1,1,0,0,1,1,0,0,0,children
0.1257116652566261,0,0,-1.0360345954304075,-0.07310427024315541,0,0,0,1,0,1,1,0,0,1,0,0,Private
1.1029214196861197,0,0,2.8873117750740507,-0.047420636074120386,0,0,1,0,0,1,1,0,0,0,1,0,Private
1.2361772952901415,0,0,-0.33777248643616814,1.3523374261382934,0,0,1,0,0,1,0,1,0,1,0,0,Private
-1.7842892184010206,0,0,-0.8684516892717901,-1.4728623324555696,0,0,1,0,1,0,0,1,1,0,0,0,children
-1.4289402167902956,0,0,-1.0963289743657831,-1.3829696128639464,0,0,0,1,1,0,1,0,1,0,0,0,children
1.5915262969008666,0,1,-0.8411862164443958,-0.4712005998631999,0,0,1,0,0,1,0,1,0,0,0,1,Self-employed
1.3694331708941636,0,0,0.1363807361475392,-0.9206641978213145,0,0,1,0,0,1,0,1,0,0,1,0,Govt_job
0.17013029045796674,1,0,-0.6682832180267747,-0.5739351365393405,0,0,0,1,0,1,0,1,0,0,1,0,Private
1.3250145456928228,1,0,-0.7647098902212172,1.1340265357014954,0,0,0,1,1,0,0,1,0,0,1,0,Govt_job
-1.2956843411862737,0,0,-0.5197639757962539,0.35067569354592415,0,0,0,1,1,0,0,1,1,0,0,0,Govt_job
-0.9403353395755488,0,0,0.11776041324102607,-0.2914151606799538,0,0,0,1,1,0,0,1,0,0,1,0,Private
0.3478047912633292,0,0,0.04283578059339032,4.113328099309569,0,0,1,0,0,1,0,1,1,0,0,0,Private
1.0140841692834386,0,0,-0.2127503183495805,1.2110774382086,0,0,0,1,0,1,0,1,0,0,0,1,Self-employed
0.03687441485394486,0,0,-1.0488914850563331,-0.5739351365393405,0,0,0,1,0,1,0,1,0,0,1,0,Private
-0.4961490875621426,0,0,-0.17063292129913418,-0.4712005998631999,0,0,1,0,0,1,0,1,0,0,0,1,Private
1.7247821725048884,0,1,2.3517558210010083,-0.02173700190508536,0,0,1,0,0,1,1,0,0,0,1,0,Self-employed
0.3478047912633292,0,0,1.3194362522434935,-0.09878790441219044,1,1,1,0,0,1,0,1,0,0,1,0,Private
0.9252469188807573,0,1,-0.7024204766887154,-0.00889518482056762,1,0,0,1,0,1,0,1,1,0,0,0,Govt_job
0.7475724180753948,0,0,-0.9005939133366043,0.24794115686978355,0,0,0,1,0,1,1,0,0,0,1,0,Private
-0.7182422135688457,0,0,-1.0506648491426678,0.19657388853171304,0,0,1,0,1,0,0,1,0,0,1,0,Private
-0.14080008595141763,0,0,2.1318586742955214,0.15804843727816073,0,0,0,1,0,1,1,0,1,0,0,0,Private
-1.2512657159849332,0,0,0.19379339844262117,0.02963026643298515,0,0,1,0,1,0,1,0,1,0,0,0,children
0.39222341646466985,0,0,-0.80882232186879,-1.1261332711735952,0,0,1,0,0,1,0,1,0,0,1,0,Private
-1.7842892184010206,0,0,-0.5984570071273506,-0.8050878440606561,0,0,1,0,1,0,0,1,1,0,0,0,children
-0.22963733635409886,0,0,1.3604452967399805,-1.3572859786949114,0,0,0,1,0,1,0,1,0,0,1,0,Private
1.191758670088801,0,0,-0.3433142492059637,0.5946702181517576,0,0,0,1,0,1,1,0,0,1,0,0,Private
1.0140841692834386,0,0,0.8053823377172582,-0.07310427024315541,0,0,1,0,0,1,0,1,0,0,1,0,Self-employed
-1.3401029663876145,0,0,-0.6241707863792022,0.3635175106304414,0,0,1,0,1,0,0,1,0,0,1,0,Private
-1.0735912151795706,0,0,0.4354142552057073,0.42772659605302965,0,0,1,0,1,0,0,1,1,0,0,0,Private
0.08129304005528548,0,0,-0.26750293451516055,0.17089025436267802,1,0,1,0,0,1,1,0,0,1,0,0,Private
-1.6954519679983393,0,0,0.8849620510915224,-1.3829696128639464,0,0,0,1,1,0,1,0,1,0,0,0,children
1.4582704212968447,0,0,-0.6266091619979123,1.5449646824060568,0,0,1,0,1,0,0,1,0,1,0,0,Self-employed
0.3033861660619886,0,0,-0.3510727170836773,2.5723100491674615,0,0,1,0,0,1,0,1,0,1,0,0,Govt_job
0.03687441485394486,0,0,-0.6844651653145778,1.10834290153246,0,0,0,1,0,1,1,0,0,0,1,0,Private
0.08129304005528548,0,0,0.09559336216184386,0.26078297395430083,0,0,1,0,0,1,0,1,0,0,1,0,Self-employed
-0.5849863379648238,0,0,-0.3226988917023241,-0.09878790441219044,0,1,0,1,0,1,0,1,0,0,0,1,Private
-1.02917258997823,0,0,-0.5951319494654735,-1.04908236866649,0,0,1,0,1,0,1,0,0,0,1,0,Private
0.9252469188807573,0,1,-0.05558592619817861,0.6974047548278977,0,0,0,1,0,1,0,1,0,0,0,1,Private
0.7475724180753948,0,0,2.852066163858151,1.0184501819408367,0,0,0,1,0,1,1,0,0,1,0,0,Private
0.39222341646466985,0,0,-0.2038834979179075,-0.3170987948489893,1,0,1,0,0,1,1,0,0,0,1,0,Private
0.17013029045796674,1,0,0.09891841982372132,1.9815864632796536,0,0,0,1,0,1,0,1,0,0,1,0,Private
-1.73987059319968,0,0,-0.4164655177672649,-1.2673932591032886,0,0,0,1,1,0,0,1,1,0,0,0,children
-0.36289321195812074,0,0,-1.1009840550924115,-0.5996187707083755,0,0,1,0,0,1,1,0,0,0,0,1,Govt_job
0.5698979172700324,0,0,1.7596738866760517,1.480755596983469,1,0,1,0,0,1,0,1,0,1,0,0,Private
-1.2956843411862737,0,0,-0.32070385710519794,-0.5867769536238577,0,0,1,0,1,0,1,0,0,0,1,0,Private
0.1257116652566261,0,1,1.617583089258494,-0.6124605877928928,0,0,0,1,0,1,0,1,0,0,1,0,Private
1.6803635473035479,0,0,3.1156324011896275,-0.9977151003284196,0,0,1,0,0,1,1,0,0,0,1,0,Self-employed
0.3478047912633292,0,0,0.4746499356158597,-0.7922460269761389,0,0,1,0,0,1,0,1,0,0,1,0,Govt_job
-0.7182422135688457,0,0,-0.8946088095452249,-0.21436425817284874,0,0,1,0,1,0,1,0,1,0,0,0,Govt_job
-0.18521871115275826,0,0,-0.4078203678463838,3.7280735867740415,0,0,1,0,0,1,0,1,0,0,1,0,Private
0.48106066686735105,0,0,0.08251480202512661,0.016788449348467408,0,0,0,1,0,1,1,0,0,0,1,0,Private
1.191758670088801,1,0,0.174064722982149,-0.4198333315251294,0,0,1,0,0,1,1,0,0,1,0,0,Private
-1.8660194887714876,0,0,-0.43863256884644714,-1.9993768329207893,0,0,1,0,1,0,0,1,1,0,0,0,children
0.7031537928740542,0,0,-0.6489978835878861,0.11952298602460797,0,0,0,1,0,1,0,1,0,0,1,0,Self-employed
1.6803635473035479,0,0,-0.2805814946518781,-0.3556242461025416,0,0,1,0,0,1,0,1,1,0,0,0,Self-employed
-1.2956843411862737,0,0,-0.7990688193939498,-0.5996187707083755,0,0,1,0,1,0,0,1,0,1,0,0,Private
0.5698979172700324,0,0,-0.43065243045794155,-0.15015517275026094,0,0,0,1,0,1,1,0,0,1,0,0,Private
-0.7626608387701863,0,0,-0.6438994618396744,0.11952298602460797,0,0,0,1,1,0,1,0,1,0,0,0,Govt_job
-0.05196283554873638,0,0,-0.5716348753215403,-0.175838806919296,0,0,1,0,0,1,1,0,0,0,1,0,Private
1.3694331708941636,0,0,-0.41402714214855485,-0.52256786820127,0,0,1,0,0,1,0,1,0,0,1,0,Private
1.6803635473035479,0,0,2.381459669447113,-0.3556242461025416,1,0,0,1,0,1,0,1,1,0,0,0,Private
-0.36289321195812074,0,0,0.3017469371982386,-0.7665623928071039,0,0,1,0,0,1,1,0,0,0,1,0,Private
0.6143165424713729,0,0,-0.35417610423476287,0.8643483769266265,0,0,0,1,0,1,1,0,0,0,1,0,Private
0.6587351676727136,1,0,2.6062335673900208,1.6220155849131623,0,0,0,1,0,1,1,0,0,1,0,0,Private
-1.517777467192977,0,0,-0.8795352148113812,-1.6141223203852626,0,0,0,1,1,0,0,1,1,0,0,0,children
1.2805959204914823,0,1,-0.696657043408128,-0.201522441088331,0,0,0,1,0,1,1,0,0,0,1,0,Self-employed
1.0585027944847791,0,1,0.8492730988540388,-0.16299698983477823,0,0,0,1,0,1,0,1,0,0,1,0,Private
-0.14080008595141763,0,0,-0.3763431553139451,0.49193568147561745,0,0,0,1,0,1,1,0,1,0,0,0,Private
0.43664204166601045,0,0,-0.2415674847525173,-0.047420636074120386,0,0,0,1,0,1,0,1,0,0,1,0,Self-employed
0.8808282936794166,0,1,2.015481656129815,0.9799247306872844,1,0,0,1,0,1,1,0,0,1,0,0,Private
-0.8959167143742082,0,0,-0.6971003844297116,-0.6895114902999984,0,0,0,1,1,0,0,1,0,0,1,0,Private
-0.9847539647768895,0,0,-0.5530145524150272,0.23509933978526582,0,0,1,0,1,0,1,0,1,0,0,0,Private
-1.0735912151795706,0,0,0.29376679880973305,0.9028738281801788,0,0,0,1,1,0,1,0,1,0,0,0,Private
-0.36289321195812074,0,0,0.8732135140195558,0.4790938643910997,0,0,0,1,0,1,1,0,0,0,0,1,Private
-0.5849863379648238,0,0,-0.19834173514811196,-0.9977151003284196,0,0,0,1,0,1,0,1,1,0,0,0,Private
-1.1624284655822519,0,0,-0.8418512279767714,3.445553610914656,0,0,1,0,1,0,0,1,0,0,1,0,Private
0.258967540860648,0,0,-0.5824967303503394,1.1468683527860122,0,0,0,1,0,1,0,1,0,0,1,0,Private
-0.8514980891728676,0,0,-0.7995121604155334,0.09383935185557295,0,0,1,0,0,1,1,0,0,0,1,0,Self-employed
0.8808282936794166,0,0,-0.6959920318757524,0.2736247910388186,0,0,0,1,0,1,0,1,0,1,0,0,Private
-0.14080008595141763,0,0,1.8995479789856915,-0.12447153858122592,0,0,1,0,0,1,1,0,0,0,0,1,Private
-1.7842892184010206,0,0,-0.00992180097506322,-1.7168568570614031,0,0,0,1,1,0,0,1,1,0,0,0,children
1.1473400448874604,0,0,-0.0945999360975394,-0.2657315265109188,0,0,0,1,0,1,1,0,0,0,0,1,Private
-1.5621960923943174,0,0,-0.39385512566649916,-1.6012805033007451,0,0,0,1,1,0,0,1,1,0,0,0,children
0.3033861660619886,0,0,-0.6232841043360349,-0.4198333315251294,0,0,1,0,0,1,1,0,0,0,1,0,Govt_job
0.48106066686735105,0,0,-0.2969851124504728,-0.869296929483244,0,0,1,0,0,1,0,1,0,0,1,0,Self-employed
-1.3401029663876145,0,0,-0.1582193726947921,-1.1261332711735952,0,0,0,1,1,0,1,0,1,0,0,0,children
-1.0735912151795706,0,0,-1.0963289743657831,0.06815571768653746,0,0,0,1,1,0,1,0,1,0,0,0,Private
-1.0735912151795706,0,0,-0.7303509610484848,-0.7922460269761389,0,0,1,0,1,0,1,0,0,0,1,0,Private
-1.384521591588955,0,0,0.7153841103357784,-0.7408787586380684,0,0,1,0,1,0,0,1,1,0,0,0,children
0.48106066686735105,0,0,-1.069063501538389,-0.175838806919296,0,0,0,1,0,1,1,0,0,0,1,0,Private
1.2361772952901415,1,0,1.969152519374324,0.35067569354592415,0,0,1,0,0,1,0,1,0,0,1,0,Private
-0.451730462360802,0,0,-0.6064371455158563,1.904535560772549,0,0,0,1,0,1,0,1,0,0,0,1,Private
0.08129304005528548,0,0,-0.595796960997849,0.6974047548278977,0,0,1,0,0,1,0,1,1,0,0,0,Private
1.6803635473035479,1,1,2.5459391884546445,0.145206620193643,0,0,0,1,1,0,1,0,0,0,1,0,Private
0.8364096684780761,0,0,1.8117664567121303,3.702389952605007,0,0,0,1,0,1,0,1,0,0,1,0,Govt_job
-0.6738235883675051,0,0,-0.4069336858032164,3.445553610914656,0,0,0,1,0,1,0,1,1,0,0,0,Private
-0.3184745867567801,0,0,-0.12097872688176617,-0.7280369415535511,0,0,1,0,0,1,1,0,0,0,1,0,Private
0.5698979172700324,0,0,-0.47010978137888587,0.7230883889969332,0,0,0,1,0,1,1,0,1,0,0,0,Govt_job
0.21454891565930734,0,0,-0.8108173564659165,0.5433029498136875,0,0,1,0,0,1,0,1,0,0,1,0,Private
0.48106066686735105,0,0,-0.8932787864804742,0.7487720231659686,0,0,1,0,0,1,0,1,1,0,0,0,Private
0.7475724180753948,0,0,1.7627772738271374,1.3394956090537755,0,0,1,0,0,1,0,1,0,0,1,0,Private
-0.18521871115275826,0,0,3.0531213171463336,1.0698174502789075,0,0,1,0,0,1,0,1,0,0,0,1,Private
0.258967540860648,0,0,2.289244736957715,1.9173773778570657,0,0,0,1,0,1,0,1,1,0,0,0,Private
0.3478047912633292,0,0,-0.29853680602601573,0.7487720231659686,0,0,0,1,0,1,0,1,0,0,0,1,Govt_job
-1.0735912151795706,0,0,-0.7403261340341168,-0.09878790441219044,0,1,1,0,1,0,1,0,0,0,0,1,Private
1.3694331708941636,0,0,2.789111738793274,0.7359302060814509,1,0,1,0,0,1,1,0,0,1,0,0,Private
0.258967540860648,0,0,-0.8278859857968867,-0.7537205757225861,0,0,1,0,0,1,1,0,0,0,0,1,Self-employed
1.547107671699526,0,0,2.925217432419452,-0.09878790441219044,1,1,0,1,0,1,0,1,0,1,0,0,Private
0.21454891565930734,0,0,-0.7143906842714737,-0.22720607525736602,0,0,1,0,0,1,1,0,0,0,0,1,Private
0.48106066686735105,0,0,-0.13206225242135727,-0.7922460269761389,0,0,1,0,0,1,0,1,0,1,0,0,Private
-0.8959167143742082,0,0,-0.6944403383002099,0.8643483769266265,0,0,1,0,1,0,0,1,0,1,0,0,Private
0.5698979172700324,0,0,2.6878083153614107,-0.7537205757225861,0,0,1,0,0,1,1,0,0,0,0,1,Private
